Position_race,Abbreviation,DriverNumber_race,TeamName_race,GridPosition,Status,IsFinished,RetirementCategory,IsWetRace,Year,Round,Circuit_race,Position_quali,BestLap_Sec,IsWetQuali
1.0,VET,5,Ferrari,3.0,Finished,1,Finished,1,2018,1,Melbourne,3.0,81.838,0
2.0,HAM,44,Mercedes,1.0,Finished,1,Finished,1,2018,1,Melbourne,1.0,81.164,0
3.0,RAI,7,Ferrari,2.0,Finished,1,Finished,1,2018,1,Melbourne,2.0,81.828,0
4.0,RIC,3,Red Bull Racing,8.0,Finished,1,Finished,1,2018,1,Melbourne,5.0,82.152,0
5.0,ALO,14,McLaren,10.0,Finished,1,Finished,1,2018,1,Melbourne,11.0,83.597,0
6.0,VER,33,Red Bull Racing,4.0,Finished,1,Finished,1,2018,1,Melbourne,4.0,81.879,0
7.0,HUL,27,Alpine,7.0,Finished,1,Finished,1,2018,1,Melbourne,8.0,83.532,0
8.0,BOT,77,Mercedes,15.0,Finished,1,Finished,1,2018,1,Melbourne,10.0,82.089,0
9.0,VAN,2,McLaren,11.0,Finished,1,Finished,1,2018,1,Melbourne,12.0,83.853,0
10.0,SAI,55,Alpine,9.0,Finished,1,Finished,1,2018,1,Melbourne,9.0,83.061,0
11.0,PER,11,Aston Martin,12.0,Finished,1,Finished,1,2018,1,Melbourne,13.0,84.005,0
12.0,OCO,31,Aston Martin,14.0,Finished,1,Finished,1,2018,1,Melbourne,15.0,84.503,0
13.0,LEC,16,Kick Sauber,18.0,Finished,1,Finished,1,2018,1,Melbourne,18.0,84.636,0
14.0,STR,18,Williams,13.0,Finished,1,Finished,1,2018,1,Melbourne,14.0,84.23,0
15.0,HAR,28,Racing Bulls,16.0,+1 Lap,0,Other,1,2018,1,Melbourne,16.0,84.532,0
16.0,GRO,8,Haas F1 Team,6.0,Wheel,0,Other,1,2018,1,Melbourne,7.0,83.339,0
17.0,MAG,20,Haas F1 Team,5.0,Wheel,0,Other,1,2018,1,Melbourne,6.0,83.187,0
18.0,GAS,10,Racing Bulls,20.0,Engine,0,Mechanical,1,2018,1,Melbourne,20.0,85.295,0
19.0,ERI,9,Kick Sauber,17.0,Steering,0,Other,1,2018,1,Melbourne,17.0,84.556,0
20.0,SIR,35,Williams,19.0,Brakes,0,Other,1,2018,1,Melbourne,19.0,84.922,0
1.0,VET,5,Ferrari,1.0,Finished,1,Finished,0,2018,2,Sakhir,1.0,87.958,0
2.0,BOT,77,Mercedes,3.0,Finished,1,Finished,0,2018,2,Sakhir,3.0,88.124,0
3.0,HAM,44,Mercedes,9.0,Finished,1,Finished,0,2018,2,Sakhir,4.0,88.22,0
4.0,GAS,10,Racing Bulls,5.0,Finished,1,Finished,0,2018,2,Sakhir,6.0,89.329,0
5.0,MAG,20,Haas F1 Team,6.0,Finished,1,Finished,0,2018,2,Sakhir,7.0,89.358,0
6.0,HUL,27,Alpine,7.0,Finished,1,Finished,0,2018,2,Sakhir,8.0,89.187,0
7.0,ALO,14,McLaren,13.0,+1 Lap,0,Other,0,2018,2,Sakhir,13.0,90.212,0
8.0,VAN,2,McLaren,14.0,+1 Lap,0,Other,0,2018,2,Sakhir,14.0,90.479,0
9.0,ERI,9,Kick Sauber,17.0,+1 Lap,0,Other,0,2018,2,Sakhir,17.0,91.063,0
10.0,OCO,31,Aston Martin,8.0,+1 Lap,0,Other,0,2018,2,Sakhir,9.0,89.874,0
11.0,SAI,55,Alpine,10.0,+1 Lap,0,Other,0,2018,2,Sakhir,10.0,89.802,0
12.0,LEC,16,Kick Sauber,19.0,+1 Lap,0,Other,0,2018,2,Sakhir,19.0,91.42,0
13.0,GRO,8,Haas F1 Team,16.0,+1 Lap,0,Other,0,2018,2,Sakhir,16.0,90.53,0
14.0,STR,18,Williams,20.0,+1 Lap,0,Other,0,2018,2,Sakhir,20.0,91.503,0
15.0,SIR,35,Williams,18.0,+1 Lap,0,Other,0,2018,2,Sakhir,18.0,91.414,0
16.0,PER,11,Aston Martin,12.0,+1 Lap,0,Other,0,2018,2,Sakhir,12.0,90.156,0
17.0,HAR,28,Racing Bulls,11.0,+1 Lap,0,Other,0,2018,2,Sakhir,11.0,90.105,0
18.0,RAI,7,Ferrari,2.0,Wheel,0,Other,0,2018,2,Sakhir,2.0,88.101,0
19.0,VER,33,Red Bull Racing,15.0,Puncture,0,Other,0,2018,2,Sakhir,15.0,89.374,0
20.0,RIC,3,Red Bull Racing,4.0,Electrical,0,Other,0,2018,2,Sakhir,5.0,88.398,0
1.0,RIC,3,Red Bull Racing,6.0,Finished,1,Finished,1,2018,3,Shanghai,6.0,91.948,0
2.0,BOT,77,Mercedes,3.0,Finished,1,Finished,1,2018,3,Shanghai,3.0,91.625,0
3.0,RAI,7,Ferrari,2.0,Finished,1,Finished,1,2018,3,Shanghai,2.0,91.182,0
4.0,HAM,44,Mercedes,4.0,Finished,1,Finished,1,2018,3,Shanghai,4.0,91.675,0
5.0,VER,33,Red Bull Racing,5.0,Finished,1,Finished,1,2018,3,Shanghai,5.0,91.796,0
6.0,HUL,27,Alpine,7.0,Finished,1,Finished,1,2018,3,Shanghai,7.0,92.494,0
7.0,ALO,14,McLaren,13.0,Finished,1,Finished,1,2018,3,Shanghai,13.0,93.232,0
8.0,VET,5,Ferrari,1.0,Finished,1,Finished,1,2018,3,Shanghai,1.0,91.095,0
9.0,SAI,55,Alpine,9.0,Finished,1,Finished,1,2018,3,Shanghai,9.0,92.819,0
10.0,MAG,20,Haas F1 Team,11.0,Finished,1,Finished,1,2018,3,Shanghai,11.0,92.986,0
11.0,OCO,31,Aston Martin,12.0,Finished,1,Finished,1,2018,3,Shanghai,12.0,93.057,0
12.0,PER,11,Aston Martin,8.0,Finished,1,Finished,1,2018,3,Shanghai,8.0,92.758,0
13.0,VAN,2,McLaren,14.0,Finished,1,Finished,1,2018,3,Shanghai,14.0,93.505,0
14.0,STR,18,Williams,18.0,Finished,1,Finished,1,2018,3,Shanghai,18.0,94.285,0
15.0,SIR,35,Williams,16.0,Finished,1,Finished,1,2018,3,Shanghai,16.0,94.062,0
16.0,ERI,9,Kick Sauber,20.0,Finished,1,Finished,1,2018,3,Shanghai,20.0,94.914,0
17.0,GRO,8,Haas F1 Team,10.0,Finished,1,Finished,1,2018,3,Shanghai,10.0,92.524,0
18.0,GAS,10,Racing Bulls,17.0,Finished,1,Finished,1,2018,3,Shanghai,17.0,94.101,0
19.0,LEC,16,Kick Sauber,19.0,Finished,1,Finished,1,2018,3,Shanghai,19.0,94.454,0
20.0,HAR,28,Racing Bulls,15.0,Collision damage,0,Other,1,2018,3,Shanghai,15.0,93.795,0
1.0,HAM,44,Mercedes,2.0,Finished,1,Finished,0,2018,4,Baku,2.0,101.677,1
2.0,RAI,7,Ferrari,6.0,Finished,1,Finished,0,2018,4,Baku,6.0,102.49,1
3.0,PER,11,Aston Martin,8.0,Finished,1,Finished,0,2018,4,Baku,8.0,102.547,1
4.0,VET,5,Ferrari,1.0,Finished,1,Finished,0,2018,4,Baku,1.0,101.498,1
5.0,SAI,55,Alpine,9.0,Finished,1,Finished,0,2018,4,Baku,10.0,103.351,1
6.0,LEC,16,Kick Sauber,13.0,Finished,1,Finished,0,2018,4,Baku,14.0,103.752,1
7.0,ALO,14,McLaren,12.0,Finished,1,Finished,0,2018,4,Baku,13.0,104.01,1
8.0,STR,18,Williams,10.0,Finished,1,Finished,0,2018,4,Baku,11.0,103.585,1
9.0,VAN,2,McLaren,16.0,Finished,1,Finished,0,2018,4,Baku,16.0,104.489,1
10.0,HAR,28,Racing Bulls,19.0,Finished,1,Finished,0,2018,4,Baku,19.0,117.354,1
11.0,ERI,9,Kick Sauber,18.0,Finished,1,Finished,0,2018,4,Baku,18.0,105.541,1
12.0,GAS,10,Racing Bulls,17.0,Finished,1,Finished,0,2018,4,Baku,17.0,104.496,1
13.0,MAG,20,Haas F1 Team,15.0,Finished,1,Finished,0,2018,4,Baku,15.0,103.674,1
14.0,BOT,77,Mercedes,3.0,Puncture,0,Other,0,2018,4,Baku,3.0,101.837,1
15.0,GRO,8,Haas F1 Team,20.0,Accident,0,Crash,0,2018,4,Baku,20.0,84.0575,1
16.0,VER,33,Red Bull Racing,5.0,Collision,0,Other,0,2018,4,Baku,5.0,101.994,1
17.0,RIC,3,Red Bull Racing,4.0,Collision,0,Other,0,2018,4,Baku,4.0,101.911,1
18.0,HUL,27,Alpine,14.0,Accident,0,Crash,0,2018,4,Baku,9.0,103.066,1
19.0,OCO,31,Aston Martin,7.0,Collision,0,Other,0,2018,4,Baku,7.0,102.523,1
20.0,SIR,35,Williams,11.0,Collision,0,Other,0,2018,4,Baku,12.0,103.886,1
1.0,HAM,44,Mercedes,1.0,Finished,1,Finished,1,2018,5,Barcelona,1.0,76.173,1
2.0,BOT,77,Mercedes,2.0,Finished,1,Finished,1,2018,5,Barcelona,2.0,76.213,1
3.0,VER,33,Red Bull Racing,5.0,Finished,1,Finished,1,2018,5,Barcelona,5.0,76.816,1
4.0,VET,5,Ferrari,3.0,Finished,1,Finished,1,2018,5,Barcelona,3.0,76.305,1
5.0,RIC,3,Red Bull Racing,6.0,Finished,1,Finished,1,2018,5,Barcelona,6.0,76.818,1
6.0,MAG,20,Haas F1 Team,7.0,+1 Lap,0,Other,1,2018,5,Barcelona,7.0,77.618,1
7.0,SAI,55,Alpine,9.0,+1 Lap,0,Other,1,2018,5,Barcelona,9.0,77.79,1
8.0,ALO,14,McLaren,8.0,+1 Lap,0,Other,1,2018,5,Barcelona,8.0,77.721,1
9.0,PER,11,Aston Martin,15.0,+2 Laps,0,Other,1,2018,5,Barcelona,15.0,78.74,1
10.0,LEC,16,Kick Sauber,14.0,+2 Laps,0,Other,1,2018,5,Barcelona,14.0,78.661,1
11.0,STR,18,Williams,18.0,+2 Laps,0,Other,1,2018,5,Barcelona,19.0,80.225,1
12.0,HAR,28,Racing Bulls,20.0,+2 Laps,0,Other,1,2018,5,Barcelona,20.0,84.0575,1
13.0,ERI,9,Kick Sauber,17.0,+2 Laps,0,Other,1,2018,5,Barcelona,17.0,79.493,1
14.0,SIR,35,Williams,19.0,+3 Laps,0,Other,1,2018,5,Barcelona,18.0,79.695,1
15.0,VAN,2,McLaren,11.0,Gearbox,0,Mechanical,1,2018,5,Barcelona,11.0,78.323,1
16.0,OCO,31,Aston Martin,13.0,Oil leak,0,Other,1,2018,5,Barcelona,13.0,78.696,1
17.0,RAI,7,Ferrari,4.0,Turbo,0,Other,1,2018,5,Barcelona,4.0,76.612,1
18.0,GRO,8,Haas F1 Team,10.0,Collision,0,Other,1,2018,5,Barcelona,10.0,77.699,1
19.0,GAS,10,Racing Bulls,12.0,Collision,0,Other,1,2018,5,Barcelona,12.0,78.463,1
20.0,HUL,27,Alpine,16.0,Collision,0,Other,1,2018,5,Barcelona,16.0,78.923,1
1.0,RIC,3,Red Bull Racing,1.0,Finished,1,Finished,1,2018,6,Monte Carlo,1.0,70.81,0
2.0,VET,5,Ferrari,2.0,Finished,1,Finished,1,2018,6,Monte Carlo,2.0,71.039,0
3.0,HAM,44,Mercedes,3.0,Finished,1,Finished,1,2018,6,Monte Carlo,3.0,71.232,0
4.0,RAI,7,Ferrari,4.0,Finished,1,Finished,1,2018,6,Monte Carlo,4.0,71.266,0
5.0,BOT,77,Mercedes,5.0,Finished,1,Finished,1,2018,6,Monte Carlo,5.0,71.441,0
6.0,OCO,31,Aston Martin,6.0,Finished,1,Finished,1,2018,6,Monte Carlo,6.0,72.061,0
7.0,GAS,10,Racing Bulls,10.0,Finished,1,Finished,1,2018,6,Monte Carlo,10.0,72.221,0
8.0,HUL,27,Alpine,11.0,Finished,1,Finished,1,2018,6,Monte Carlo,11.0,72.411,0
9.0,VER,33,Red Bull Racing,20.0,Finished,1,Finished,1,2018,6,Monte Carlo,20.0,84.0575,0
10.0,SAI,55,Alpine,8.0,Finished,1,Finished,1,2018,6,Monte Carlo,8.0,72.13,0
11.0,ERI,9,Kick Sauber,16.0,Finished,1,Finished,1,2018,6,Monte Carlo,17.0,73.265,0
12.0,PER,11,Aston Martin,9.0,Finished,1,Finished,1,2018,6,Monte Carlo,9.0,72.154,0
13.0,MAG,20,Haas F1 Team,19.0,Finished,1,Finished,1,2018,6,Monte Carlo,19.0,73.393,0
14.0,VAN,2,McLaren,12.0,+1 Lap,0,Other,1,2018,6,Monte Carlo,12.0,72.44,0
15.0,GRO,8,Haas F1 Team,18.0,+1 Lap,0,Other,1,2018,6,Monte Carlo,15.0,72.728,0
16.0,SIR,35,Williams,13.0,+1 Lap,0,Other,1,2018,6,Monte Carlo,13.0,72.521,0
17.0,STR,18,Williams,17.0,+2 Laps,0,Other,1,2018,6,Monte Carlo,18.0,73.323,0
18.0,LEC,16,Kick Sauber,14.0,Collision,0,Other,1,2018,6,Monte Carlo,14.0,72.714,0
19.0,HAR,28,Racing Bulls,15.0,Collision,0,Other,1,2018,6,Monte Carlo,16.0,73.179,0
20.0,ALO,14,McLaren,7.0,Gearbox,0,Mechanical,1,2018,6,Monte Carlo,7.0,72.11,0
1.0,VET,5,Ferrari,1.0,Finished,1,Finished,0,2018,7,Montréal,1.0,70.764,0
2.0,BOT,77,Mercedes,2.0,Finished,1,Finished,0,2018,7,Montréal,2.0,70.857,0
3.0,VER,33,Red Bull Racing,3.0,Finished,1,Finished,0,2018,7,Montréal,3.0,70.937,0
4.0,RIC,3,Red Bull Racing,6.0,Finished,1,Finished,0,2018,7,Montréal,6.0,71.116,0
5.0,HAM,44,Mercedes,4.0,Finished,1,Finished,0,2018,7,Montréal,4.0,70.996,0
6.0,RAI,7,Ferrari,5.0,Finished,1,Finished,0,2018,7,Montréal,5.0,71.095,0
7.0,HUL,27,Alpine,7.0,+1 Lap,0,Other,0,2018,7,Montréal,7.0,71.916,0
8.0,SAI,55,Alpine,9.0,+1 Lap,0,Other,0,2018,7,Montréal,9.0,72.097,0
9.0,OCO,31,Aston Martin,8.0,+1 Lap,0,Other,0,2018,7,Montréal,8.0,72.084,0
10.0,LEC,16,Kick Sauber,13.0,+1 Lap,0,Other,0,2018,7,Montréal,13.0,72.661,0
11.0,GAS,10,Racing Bulls,16.0,+1 Lap,0,Other,0,2018,7,Montréal,16.0,73.047,0
12.0,GRO,8,Haas F1 Team,20.0,+1 Lap,0,Other,0,2018,7,Montréal,20.0,84.0575,0
13.0,MAG,20,Haas F1 Team,11.0,+1 Lap,0,Other,0,2018,7,Montréal,11.0,72.606,0
14.0,PER,11,Aston Martin,10.0,+1 Lap,0,Other,0,2018,7,Montréal,10.0,72.395,0
15.0,ERI,9,Kick Sauber,19.0,+2 Laps,0,Other,0,2018,7,Montréal,19.0,74.593,0
16.0,VAN,2,McLaren,15.0,+2 Laps,0,Other,0,2018,7,Montréal,15.0,72.865,0
17.0,SIR,35,Williams,18.0,+2 Laps,0,Other,0,2018,7,Montréal,18.0,73.643,0
18.0,ALO,14,McLaren,14.0,Exhaust,0,Other,0,2018,7,Montréal,14.0,72.856,0
19.0,HAR,28,Racing Bulls,12.0,Collision,0,Other,0,2018,7,Montréal,12.0,72.587,0
20.0,STR,18,Williams,17.0,Collision,0,Other,0,2018,7,Montréal,17.0,73.59,0
1.0,HAM,44,Mercedes,1.0,Finished,1,Finished,1,2018,8,Le Castellet,1.0,90.029,1
2.0,VER,33,Red Bull Racing,4.0,Finished,1,Finished,1,2018,8,Le Castellet,4.0,90.705,1
3.0,RAI,7,Ferrari,6.0,Finished,1,Finished,1,2018,8,Le Castellet,6.0,90.772,1
4.0,RIC,3,Red Bull Racing,5.0,Finished,1,Finished,1,2018,8,Le Castellet,5.0,90.895,1
5.0,VET,5,Ferrari,3.0,Finished,1,Finished,1,2018,8,Le Castellet,3.0,90.4,1
6.0,MAG,20,Haas F1 Team,9.0,Finished,1,Finished,1,2018,8,Le Castellet,9.0,91.51,1
7.0,BOT,77,Mercedes,2.0,Finished,1,Finished,1,2018,8,Le Castellet,2.0,90.147,1
8.0,SAI,55,Alpine,7.0,Finished,1,Finished,1,2018,8,Le Castellet,7.0,92.016,1
9.0,HUL,27,Alpine,12.0,Finished,1,Finished,1,2018,8,Le Castellet,12.0,92.115,1
10.0,LEC,16,Kick Sauber,8.0,Finished,1,Finished,1,2018,8,Le Castellet,8.0,92.055,1
11.0,GRO,8,Haas F1 Team,10.0,+1 Lap,0,Other,1,2018,8,Le Castellet,10.0,91.472,1
12.0,VAN,2,McLaren,17.0,+1 Lap,0,Other,1,2018,8,Le Castellet,18.0,93.162,1
13.0,ERI,9,Kick Sauber,15.0,+1 Lap,0,Other,1,2018,8,Le Castellet,15.0,92.804,1
14.0,HAR,28,Racing Bulls,20.0,+1 Lap,0,Other,1,2018,8,Le Castellet,17.0,93.025,1
15.0,SIR,35,Williams,18.0,+1 Lap,0,Other,1,2018,8,Le Castellet,19.0,93.636,1
16.0,ALO,14,McLaren,16.0,Wheel,0,Other,1,2018,8,Le Castellet,16.0,92.976,1
17.0,STR,18,Williams,19.0,Puncture,0,Other,1,2018,8,Le Castellet,20.0,93.729,1
18.0,PER,11,Aston Martin,13.0,Engine,0,Mechanical,1,2018,8,Le Castellet,13.0,92.454,1
19.0,OCO,31,Aston Martin,11.0,Collision,0,Other,1,2018,8,Le Castellet,11.0,92.075,1
20.0,GAS,10,Racing Bulls,14.0,Collision,0,Other,1,2018,8,Le Castellet,14.0,92.447,1
1.0,VER,33,Red Bull Racing,4.0,Finished,1,Finished,0,2018,9,Spielberg,5.0,63.84,1
2.0,RAI,7,Ferrari,3.0,Finished,1,Finished,0,2018,9,Spielberg,4.0,63.66,1
3.0,VET,5,Ferrari,6.0,Finished,1,Finished,0,2018,9,Spielberg,3.0,63.464,1
4.0,GRO,8,Haas F1 Team,5.0,+1 Lap,0,Other,0,2018,9,Spielberg,6.0,63.892,1
5.0,MAG,20,Haas F1 Team,8.0,+1 Lap,0,Other,0,2018,9,Spielberg,8.0,64.051,1
6.0,OCO,31,Aston Martin,11.0,+1 Lap,0,Other,0,2018,9,Spielberg,11.0,64.845,1
7.0,PER,11,Aston Martin,16.0,+1 Lap,0,Other,0,2018,9,Spielberg,17.0,65.279,1
8.0,ALO,14,McLaren,13.0,+1 Lap,0,Other,0,2018,9,Spielberg,14.0,64.965,1
9.0,LEC,16,Kick Sauber,18.0,+1 Lap,0,Other,0,2018,9,Spielberg,13.0,64.967,1
10.0,ERI,9,Kick Sauber,20.0,+1 Lap,0,Other,0,2018,9,Spielberg,20.0,65.479,1
11.0,GAS,10,Racing Bulls,12.0,+1 Lap,0,Other,0,2018,9,Spielberg,12.0,64.874,1
12.0,SAI,55,Alpine,9.0,+1 Lap,0,Other,0,2018,9,Spielberg,9.0,64.561,1
13.0,SIR,35,Williams,17.0,+2 Laps,0,Other,0,2018,9,Spielberg,18.0,65.322,1
14.0,STR,18,Williams,14.0,+2 Laps,0,Other,0,2018,9,Spielberg,15.0,65.264,1
15.0,VAN,2,McLaren,15.0,Collision damage,0,Other,0,2018,9,Spielberg,16.0,65.271,1
16.0,HAM,44,Mercedes,2.0,Fuel pressure,0,Other,0,2018,9,Spielberg,2.0,63.149,1
17.0,HAR,28,Racing Bulls,19.0,Hydraulics,0,Other,0,2018,9,Spielberg,19.0,65.366,1
18.0,RIC,3,Red Bull Racing,7.0,Exhaust,0,Other,0,2018,9,Spielberg,7.0,63.996,1
19.0,BOT,77,Mercedes,1.0,Hydraulics,0,Other,0,2018,9,Spielberg,1.0,63.13,1
20.0,HUL,27,Alpine,10.0,Engine,0,Mechanical,0,2018,9,Spielberg,10.0,64.676,1
1.0,VET,5,Ferrari,2.0,Finished,1,Finished,0,2018,10,Silverstone,2.0,85.936,0
2.0,HAM,44,Mercedes,1.0,Finished,1,Finished,0,2018,10,Silverstone,1.0,85.892,0
3.0,RAI,7,Ferrari,3.0,Finished,1,Finished,0,2018,10,Silverstone,3.0,85.99,0
4.0,BOT,77,Mercedes,4.0,Finished,1,Finished,0,2018,10,Silverstone,4.0,86.217,0
5.0,RIC,3,Red Bull Racing,6.0,Finished,1,Finished,0,2018,10,Silverstone,6.0,87.099,0
6.0,HUL,27,Alpine,11.0,Finished,1,Finished,0,2018,10,Silverstone,11.0,87.901,0
7.0,OCO,31,Aston Martin,10.0,Finished,1,Finished,0,2018,10,Silverstone,10.0,87.843,0
8.0,ALO,14,McLaren,13.0,Finished,1,Finished,0,2018,10,Silverstone,13.0,88.139,0
9.0,MAG,20,Haas F1 Team,7.0,Finished,1,Finished,0,2018,10,Silverstone,7.0,87.244,0
10.0,PER,11,Aston Martin,12.0,Finished,1,Finished,0,2018,10,Silverstone,12.0,87.928,0
11.0,VAN,2,McLaren,17.0,Finished,1,Finished,0,2018,10,Silverstone,17.0,89.096,0
12.0,STR,18,Williams,19.0,Finished,1,Finished,0,2018,10,Silverstone,19.0,84.0575,0
13.0,GAS,10,Racing Bulls,14.0,Finished,1,Finished,0,2018,10,Silverstone,14.0,88.343,0
14.0,SIR,35,Williams,18.0,Finished,1,Finished,0,2018,10,Silverstone,18.0,89.252,0
15.0,VER,33,Red Bull Racing,5.0,Brakes,0,Other,0,2018,10,Silverstone,5.0,86.602,0
16.0,GRO,8,Haas F1 Team,8.0,Collision,0,Other,0,2018,10,Silverstone,8.0,87.455,0
17.0,SAI,55,Alpine,16.0,Collision,0,Other,0,2018,10,Silverstone,16.0,88.456,0
18.0,ERI,9,Kick Sauber,15.0,Accident,0,Crash,0,2018,10,Silverstone,15.0,88.249,0
19.0,LEC,16,Kick Sauber,9.0,Tyre,0,Other,0,2018,10,Silverstone,9.0,87.79,0
20.0,HAR,28,Racing Bulls,21.0,Power Unit,0,Other,0,2018,10,Silverstone,20.0,84.0575,0
1.0,HAM,44,Mercedes,14.0,Finished,1,Finished,1,2018,11,Hockenheim,14.0,73.012,0
2.0,BOT,77,Mercedes,2.0,Finished,1,Finished,1,2018,11,Hockenheim,2.0,71.416,0
3.0,RAI,7,Ferrari,3.0,Finished,1,Finished,1,2018,11,Hockenheim,3.0,71.547,0
4.0,VER,33,Red Bull Racing,4.0,Finished,1,Finished,1,2018,11,Hockenheim,4.0,71.822,0
5.0,HUL,27,Alpine,7.0,Finished,1,Finished,1,2018,11,Hockenheim,7.0,72.56,0
6.0,GRO,8,Haas F1 Team,6.0,Finished,1,Finished,1,2018,11,Hockenheim,6.0,72.544,0
7.0,PER,11,Aston Martin,10.0,Finished,1,Finished,1,2018,11,Hockenheim,10.0,72.774,0
8.0,OCO,31,Aston Martin,15.0,Finished,1,Finished,1,2018,11,Hockenheim,16.0,73.72,0
9.0,ERI,9,Kick Sauber,13.0,Finished,1,Finished,1,2018,11,Hockenheim,13.0,73.562,0
10.0,HAR,28,Racing Bulls,17.0,Finished,1,Finished,1,2018,11,Hockenheim,18.0,74.045,0
11.0,MAG,20,Haas F1 Team,5.0,Finished,1,Finished,1,2018,11,Hockenheim,5.0,72.2,0
12.0,SAI,55,Alpine,8.0,Finished,1,Finished,1,2018,11,Hockenheim,8.0,72.692,0
13.0,VAN,2,McLaren,19.0,Finished,1,Finished,1,2018,11,Hockenheim,20.0,74.401,0
14.0,GAS,10,Racing Bulls,16.0,+1 Lap,0,Other,1,2018,11,Hockenheim,17.0,73.749,0
15.0,LEC,16,Kick Sauber,9.0,+1 Lap,0,Other,1,2018,11,Hockenheim,9.0,72.717,0
16.0,ALO,14,McLaren,11.0,Retired,0,Other,1,2018,11,Hockenheim,11.0,73.614,0
17.0,STR,18,Williams,18.0,Engine,0,Mechanical,1,2018,11,Hockenheim,19.0,74.206,0
18.0,VET,5,Ferrari,1.0,Accident,0,Crash,1,2018,11,Hockenheim,1.0,71.212,0
19.0,SIR,35,Williams,12.0,Engine,0,Mechanical,1,2018,11,Hockenheim,12.0,73.702,0
20.0,RIC,3,Red Bull Racing,20.0,Engine,0,Mechanical,1,2018,11,Hockenheim,15.0,73.318,0
1.0,HAM,44,Mercedes,1.0,Finished,1,Finished,0,2018,12,Budapest,1.0,77.419,1
2.0,VET,5,Ferrari,4.0,Finished,1,Finished,0,2018,12,Budapest,4.0,76.666,1
3.0,RAI,7,Ferrari,3.0,Finished,1,Finished,0,2018,12,Budapest,3.0,77.526,1
4.0,RIC,3,Red Bull Racing,12.0,Finished,1,Finished,0,2018,12,Budapest,12.0,78.54,1
5.0,BOT,77,Mercedes,2.0,Finished,1,Finished,0,2018,12,Budapest,2.0,77.123,1
6.0,GAS,10,Racing Bulls,6.0,Finished,1,Finished,0,2018,12,Budapest,6.0,78.577,1
7.0,MAG,20,Haas F1 Team,9.0,+1 Lap,0,Other,0,2018,12,Budapest,9.0,78.314,1
8.0,ALO,14,McLaren,11.0,+1 Lap,0,Other,0,2018,12,Budapest,11.0,78.208,1
9.0,SAI,55,Alpine,5.0,+1 Lap,0,Other,0,2018,12,Budapest,5.0,77.829,1
10.0,GRO,8,Haas F1 Team,10.0,+1 Lap,0,Other,0,2018,12,Budapest,10.0,77.901,1
11.0,HAR,28,Racing Bulls,8.0,+1 Lap,0,Other,0,2018,12,Budapest,8.0,78.429,1
12.0,HUL,27,Alpine,13.0,+1 Lap,0,Other,0,2018,12,Budapest,13.0,77.905,1
13.0,OCO,31,Aston Martin,18.0,+1 Lap,0,Other,0,2018,12,Budapest,18.0,79.142,1
14.0,PER,11,Aston Martin,19.0,+1 Lap,0,Other,0,2018,12,Budapest,19.0,79.2,1
15.0,ERI,9,Kick Sauber,14.0,+2 Laps,0,Other,0,2018,12,Budapest,14.0,78.641,1
16.0,SIR,35,Williams,20.0,+2 Laps,0,Other,0,2018,12,Budapest,20.0,79.301,1
17.0,STR,18,Williams,15.0,+2 Laps,0,Other,0,2018,12,Budapest,15.0,78.56,1
18.0,VAN,2,McLaren,16.0,Gearbox,0,Mechanical,0,2018,12,Budapest,16.0,78.782,1
19.0,VER,33,Red Bull Racing,7.0,Power loss,0,Other,0,2018,12,Budapest,7.0,76.94,1
20.0,LEC,16,Kick Sauber,17.0,Suspension,0,Other,0,2018,12,Budapest,17.0,78.817,1
1.0,VET,5,Ferrari,2.0,Finished,1,Finished,0,2018,13,Spa-Francorchamps,2.0,101.501,1
2.0,HAM,44,Mercedes,1.0,Finished,1,Finished,0,2018,13,Spa-Francorchamps,1.0,101.553,1
3.0,VER,33,Red Bull Racing,7.0,Finished,1,Finished,0,2018,13,Spa-Francorchamps,7.0,102.554,1
4.0,BOT,77,Mercedes,19.0,Finished,1,Finished,0,2018,13,Spa-Francorchamps,10.0,102.191,1
5.0,PER,11,Aston Martin,4.0,Finished,1,Finished,0,2018,13,Spa-Francorchamps,4.0,103.014,1
6.0,OCO,31,Aston Martin,3.0,Finished,1,Finished,0,2018,13,Spa-Francorchamps,3.0,103.302,1
7.0,GRO,8,Haas F1 Team,5.0,Finished,1,Finished,0,2018,13,Spa-Francorchamps,5.0,103.042,1
8.0,MAG,20,Haas F1 Team,9.0,Finished,1,Finished,0,2018,13,Spa-Francorchamps,9.0,103.32,1
9.0,GAS,10,Racing Bulls,10.0,Finished,1,Finished,0,2018,13,Spa-Francorchamps,11.0,103.844,1
10.0,ERI,9,Kick Sauber,13.0,+1 Lap,0,Other,0,2018,13,Spa-Francorchamps,14.0,103.846,1
11.0,SAI,55,Alpine,14.0,+1 Lap,0,Other,0,2018,13,Spa-Francorchamps,16.0,104.489,1
12.0,SIR,35,Williams,16.0,+1 Lap,0,Other,0,2018,13,Spa-Francorchamps,18.0,104.998,1
13.0,STR,18,Williams,17.0,+1 Lap,0,Other,0,2018,13,Spa-Francorchamps,19.0,105.134,1
14.0,HAR,28,Racing Bulls,11.0,+1 Lap,0,Other,0,2018,13,Spa-Francorchamps,12.0,103.865,1
15.0,VAN,2,McLaren,18.0,+1 Lap,0,Other,0,2018,13,Spa-Francorchamps,20.0,105.307,1
16.0,RIC,3,Red Bull Racing,8.0,Retired,0,Other,0,2018,13,Spa-Francorchamps,8.0,103.126,1
17.0,RAI,7,Ferrari,6.0,Brakes,0,Other,0,2018,13,Spa-Francorchamps,6.0,101.533,1
18.0,LEC,16,Kick Sauber,12.0,Accident,0,Crash,0,2018,13,Spa-Francorchamps,13.0,103.654,1
19.0,ALO,14,McLaren,15.0,Accident,0,Crash,0,2018,13,Spa-Francorchamps,17.0,104.917,1
20.0,HUL,27,Alpine,20.0,Accident,0,Crash,0,2018,13,Spa-Francorchamps,15.0,104.145,1
1.0,HAM,44,Mercedes,3.0,Finished,1,Finished,1,2018,14,Monza,3.0,79.294,1
2.0,RAI,7,Ferrari,1.0,Finished,1,Finished,1,2018,14,Monza,1.0,79.119,1
3.0,BOT,77,Mercedes,4.0,Finished,1,Finished,1,2018,14,Monza,4.0,79.656,1
4.0,VET,5,Ferrari,2.0,Finished,1,Finished,1,2018,14,Monza,2.0,79.28,1
5.0,VER,33,Red Bull Racing,5.0,Finished,1,Finished,1,2018,14,Monza,5.0,80.333,1
6.0,OCO,31,Aston Martin,8.0,Finished,1,Finished,1,2018,14,Monza,8.0,81.099,1
7.0,PER,11,Aston Martin,14.0,Finished,1,Finished,1,2018,14,Monza,16.0,81.888,1
8.0,SAI,55,Alpine,7.0,Finished,1,Finished,1,2018,14,Monza,7.0,81.041,1
9.0,STR,18,Williams,10.0,+1 Lap,0,Other,1,2018,14,Monza,10.0,81.494,1
10.0,SIR,35,Williams,12.0,+1 Lap,0,Other,1,2018,14,Monza,12.0,81.732,1
11.0,LEC,16,Kick Sauber,15.0,+1 Lap,0,Other,1,2018,14,Monza,17.0,81.889,1
12.0,VAN,2,McLaren,17.0,+1 Lap,0,Other,1,2018,14,Monza,20.0,82.085,1
13.0,HUL,27,Alpine,20.0,+1 Lap,0,Other,1,2018,14,Monza,14.0,81.801,1
14.0,GAS,10,Racing Bulls,9.0,+1 Lap,0,Other,1,2018,14,Monza,9.0,81.35,1
15.0,ERI,9,Kick Sauber,18.0,+1 Lap,0,Other,1,2018,14,Monza,19.0,82.048,1
16.0,MAG,20,Haas F1 Team,11.0,+1 Lap,0,Other,1,2018,14,Monza,11.0,81.669,1
17.0,RIC,3,Red Bull Racing,19.0,Engine,0,Mechanical,1,2018,14,Monza,15.0,81.28,1
18.0,ALO,14,McLaren,13.0,Engine,0,Mechanical,1,2018,14,Monza,13.0,81.85,1
19.0,HAR,28,Racing Bulls,16.0,Brakes,0,Other,1,2018,14,Monza,18.0,81.934,1
20.0,GRO,8,Haas F1 Team,6.0,Disqualified,0,Other,1,2018,14,Monza,6.0,80.936,1
1.0,HAM,44,Mercedes,1.0,Finished,1,Finished,0,2018,15,Singapore,1.0,96.015,0
2.0,VER,33,Red Bull Racing,2.0,Finished,1,Finished,0,2018,15,Singapore,2.0,96.334,0
3.0,VET,5,Ferrari,3.0,Finished,1,Finished,0,2018,15,Singapore,3.0,96.628,0
4.0,BOT,77,Mercedes,4.0,Finished,1,Finished,0,2018,15,Singapore,4.0,96.702,0
5.0,RAI,7,Ferrari,5.0,Finished,1,Finished,0,2018,15,Singapore,5.0,96.794,0
6.0,RIC,3,Red Bull Racing,6.0,Finished,1,Finished,0,2018,15,Singapore,6.0,96.996,0
7.0,ALO,14,McLaren,11.0,Finished,1,Finished,0,2018,15,Singapore,11.0,98.641,0
8.0,SAI,55,Alpine,12.0,+1 Lap,0,Other,0,2018,15,Singapore,12.0,98.716,0
9.0,LEC,16,Kick Sauber,13.0,+1 Lap,0,Other,0,2018,15,Singapore,13.0,98.747,0
10.0,HUL,27,Alpine,10.0,+1 Lap,0,Other,0,2018,15,Singapore,10.0,98.45,0
11.0,ERI,9,Kick Sauber,14.0,+1 Lap,0,Other,0,2018,15,Singapore,14.0,99.366,0
12.0,VAN,2,McLaren,18.0,+1 Lap,0,Other,0,2018,15,Singapore,18.0,99.864,0
13.0,GAS,10,Racing Bulls,15.0,+1 Lap,0,Other,0,2018,15,Singapore,15.0,99.614,0
14.0,STR,18,Williams,20.0,+1 Lap,0,Other,0,2018,15,Singapore,20.0,101.334,0
15.0,GRO,8,Haas F1 Team,8.0,+1 Lap,0,Other,0,2018,15,Singapore,8.0,98.32,0
16.0,PER,11,Aston Martin,7.0,+1 Lap,0,Other,0,2018,15,Singapore,7.0,97.985,0
17.0,HAR,28,Racing Bulls,17.0,+1 Lap,0,Other,0,2018,15,Singapore,17.0,99.809,0
18.0,MAG,20,Haas F1 Team,16.0,+2 Laps,0,Other,0,2018,15,Singapore,16.0,99.644,0
19.0,SIR,35,Williams,19.0,+2 Laps,0,Other,0,2018,15,Singapore,19.0,101.263,0
20.0,OCO,31,Aston Martin,9.0,Collision,0,Other,0,2018,15,Singapore,9.0,98.365,0
1.0,HAM,44,Mercedes,2.0,Finished,1,Finished,1,2018,16,Sochi,2.0,91.532,0
2.0,BOT,77,Mercedes,1.0,Finished,1,Finished,1,2018,16,Sochi,1.0,91.387,0
3.0,VET,5,Ferrari,3.0,Finished,1,Finished,1,2018,16,Sochi,3.0,91.943,0
4.0,RAI,7,Ferrari,4.0,Finished,1,Finished,1,2018,16,Sochi,4.0,92.237,0
5.0,VER,33,Red Bull Racing,19.0,Finished,1,Finished,1,2018,16,Sochi,11.0,93.048,0
6.0,RIC,3,Red Bull Racing,18.0,Finished,1,Finished,1,2018,16,Sochi,12.0,93.247,0
7.0,LEC,16,Kick Sauber,7.0,Finished,1,Finished,1,2018,16,Sochi,7.0,93.419,0
8.0,MAG,20,Haas F1 Team,5.0,+1 Lap,0,Other,1,2018,16,Sochi,5.0,93.181,0
9.0,OCO,31,Aston Martin,6.0,+1 Lap,0,Other,1,2018,16,Sochi,6.0,93.413,0
10.0,PER,11,Aston Martin,8.0,+1 Lap,0,Other,1,2018,16,Sochi,8.0,93.563,0
11.0,GRO,8,Haas F1 Team,9.0,+1 Lap,0,Other,1,2018,16,Sochi,9.0,93.517,0
12.0,HUL,27,Alpine,12.0,+1 Lap,0,Other,1,2018,16,Sochi,15.0,94.655,0
13.0,ERI,9,Kick Sauber,10.0,+1 Lap,0,Other,1,2018,16,Sochi,10.0,93.995,0
14.0,ALO,14,McLaren,16.0,+1 Lap,0,Other,1,2018,16,Sochi,17.0,95.504,0
15.0,STR,18,Williams,14.0,+1 Lap,0,Other,1,2018,16,Sochi,20.0,96.437,0
16.0,VAN,2,McLaren,15.0,+2 Laps,0,Other,1,2018,16,Sochi,19.0,95.977,0
17.0,SAI,55,Alpine,11.0,+2 Laps,0,Other,1,2018,16,Sochi,14.0,94.626,0
18.0,SIR,35,Williams,13.0,+2 Laps,0,Other,1,2018,16,Sochi,18.0,95.612,0
19.0,GAS,10,Racing Bulls,17.0,Brakes,0,Other,1,2018,16,Sochi,13.0,94.383,0
20.0,HAR,28,Racing Bulls,20.0,Brakes,0,Other,1,2018,16,Sochi,16.0,95.037,0
1.0,HAM,44,Mercedes,1.0,Finished,1,Finished,0,2018,17,Suzuka,1.0,87.76,1
2.0,BOT,77,Mercedes,2.0,Finished,1,Finished,0,2018,17,Suzuka,2.0,87.987,1
3.0,VER,33,Red Bull Racing,3.0,Finished,1,Finished,0,2018,17,Suzuka,3.0,88.849,1
4.0,RIC,3,Red Bull Racing,15.0,Finished,1,Finished,0,2018,17,Suzuka,15.0,89.806,1
5.0,RAI,7,Ferrari,4.0,Finished,1,Finished,0,2018,17,Suzuka,4.0,88.595,1
6.0,VET,5,Ferrari,8.0,Finished,1,Finished,0,2018,17,Suzuka,9.0,88.279,1
7.0,PER,11,Aston Martin,9.0,Finished,1,Finished,0,2018,17,Suzuka,10.0,89.567,1
8.0,GRO,8,Haas F1 Team,5.0,Finished,1,Finished,0,2018,17,Suzuka,5.0,89.678,1
9.0,OCO,31,Aston Martin,11.0,Finished,1,Finished,0,2018,17,Suzuka,8.0,89.538,1
10.0,SAI,55,Alpine,13.0,+1 Lap,0,Other,0,2018,17,Suzuka,13.0,90.236,1
11.0,GAS,10,Racing Bulls,7.0,+1 Lap,0,Other,0,2018,17,Suzuka,7.0,89.81,1
12.0,ERI,9,Kick Sauber,20.0,+1 Lap,0,Other,0,2018,17,Suzuka,20.0,91.213,1
13.0,HAR,28,Racing Bulls,6.0,+1 Lap,0,Other,0,2018,17,Suzuka,6.0,89.848,1
14.0,ALO,14,McLaren,18.0,+1 Lap,0,Other,0,2018,17,Suzuka,18.0,90.573,1
15.0,VAN,2,McLaren,19.0,+1 Lap,0,Other,0,2018,17,Suzuka,19.0,91.041,1
16.0,SIR,35,Williams,17.0,+1 Lap,0,Other,0,2018,17,Suzuka,17.0,90.372,1
17.0,STR,18,Williams,14.0,+1 Lap,0,Other,0,2018,17,Suzuka,14.0,90.317,1
18.0,LEC,16,Kick Sauber,10.0,Mechanical,0,Other,0,2018,17,Suzuka,11.0,89.706,1
19.0,HUL,27,Alpine,16.0,Engine,0,Mechanical,0,2018,17,Suzuka,16.0,90.361,1
20.0,MAG,20,Haas F1 Team,12.0,Collision damage,0,Other,0,2018,17,Suzuka,12.0,90.219,1
1.0,RAI,7,Ferrari,2.0,Finished,1,Finished,0,2018,18,Austin,3.0,92.307,0
2.0,VER,33,Red Bull Racing,18.0,Finished,1,Finished,0,2018,18,Austin,15.0,94.766,0
3.0,HAM,44,Mercedes,1.0,Finished,1,Finished,0,2018,18,Austin,1.0,92.237,0
4.0,VET,5,Ferrari,5.0,Finished,1,Finished,0,2018,18,Austin,2.0,92.298,0
5.0,BOT,77,Mercedes,3.0,Finished,1,Finished,0,2018,18,Austin,4.0,92.616,0
6.0,HUL,27,Alpine,7.0,Finished,1,Finished,0,2018,18,Austin,7.0,94.215,0
7.0,SAI,55,Alpine,11.0,Finished,1,Finished,0,2018,18,Austin,11.0,94.566,0
8.0,PER,11,Aston Martin,10.0,Finished,1,Finished,0,2018,18,Austin,10.0,94.525,0
9.0,HAR,28,Racing Bulls,20.0,+1 Lap,0,Other,0,2018,18,Austin,14.0,95.206,0
10.0,ERI,9,Kick Sauber,16.0,+1 Lap,0,Other,0,2018,18,Austin,19.0,95.536,0
11.0,VAN,2,McLaren,17.0,+1 Lap,0,Other,0,2018,18,Austin,20.0,95.735,0
12.0,GAS,10,Racing Bulls,19.0,+1 Lap,0,Other,0,2018,18,Austin,13.0,94.85,0
13.0,SIR,35,Williams,14.0,+1 Lap,0,Other,0,2018,18,Austin,17.0,95.362,0
14.0,STR,18,Williams,15.0,+2 Laps,0,Other,0,2018,18,Austin,18.0,95.48,0
15.0,LEC,16,Kick Sauber,9.0,Collision damage,0,Other,0,2018,18,Austin,9.0,94.255,0
16.0,RIC,3,Red Bull Racing,4.0,Battery,0,Other,0,2018,18,Austin,5.0,93.494,0
17.0,GRO,8,Haas F1 Team,8.0,Collision damage,0,Other,0,2018,18,Austin,8.0,94.25,0
18.0,ALO,14,McLaren,13.0,Collision,0,Other,0,2018,18,Austin,16.0,95.294,0
19.0,OCO,31,Aston Martin,6.0,Disqualified,0,Other,0,2018,18,Austin,6.0,94.145,0
20.0,MAG,20,Haas F1 Team,12.0,Disqualified,0,Other,0,2018,18,Austin,12.0,94.732,0
1.0,VER,33,Red Bull Racing,2.0,Finished,1,Finished,0,2018,19,Mexico City,2.0,74.785,1
2.0,VET,5,Ferrari,4.0,Finished,1,Finished,0,2018,19,Mexico City,4.0,74.97,1
3.0,RAI,7,Ferrari,6.0,Finished,1,Finished,0,2018,19,Mexico City,6.0,75.33,1
4.0,HAM,44,Mercedes,3.0,Finished,1,Finished,0,2018,19,Mexico City,3.0,74.894,1
5.0,BOT,77,Mercedes,5.0,+1 Lap,0,Other,0,2018,19,Mexico City,5.0,75.16,1
6.0,HUL,27,Alpine,7.0,+2 Laps,0,Other,0,2018,19,Mexico City,7.0,75.827,1
7.0,LEC,16,Kick Sauber,9.0,+2 Laps,0,Other,0,2018,19,Mexico City,9.0,76.189,1
8.0,VAN,2,McLaren,15.0,+2 Laps,0,Other,0,2018,19,Mexico City,17.0,76.966,1
9.0,ERI,9,Kick Sauber,10.0,+2 Laps,0,Other,0,2018,19,Mexico City,10.0,76.513,1
10.0,GAS,10,Racing Bulls,20.0,+2 Laps,0,Other,0,2018,19,Mexico City,15.0,76.828,1
11.0,OCO,31,Aston Martin,11.0,+2 Laps,0,Other,0,2018,19,Mexico City,11.0,76.252,1
12.0,STR,18,Williams,17.0,+2 Laps,0,Other,0,2018,19,Mexico City,19.0,77.689,1
13.0,SIR,35,Williams,19.0,+2 Laps,0,Other,0,2018,19,Mexico City,20.0,77.886,1
14.0,HAR,28,Racing Bulls,14.0,+2 Laps,0,Other,0,2018,19,Mexico City,14.0,76.682,1
15.0,MAG,20,Haas F1 Team,16.0,+2 Laps,0,Other,0,2018,19,Mexico City,18.0,77.599,1
16.0,GRO,8,Haas F1 Team,18.0,+3 Laps,0,Other,0,2018,19,Mexico City,16.0,76.911,1
17.0,RIC,3,Red Bull Racing,1.0,Engine,0,Mechanical,0,2018,19,Mexico City,1.0,74.759,1
18.0,PER,11,Aston Martin,13.0,Brakes,0,Other,0,2018,19,Mexico City,13.0,76.242,1
19.0,SAI,55,Alpine,8.0,Suspension,0,Other,0,2018,19,Mexico City,8.0,76.084,1
20.0,ALO,14,McLaren,12.0,Engine,0,Mechanical,0,2018,19,Mexico City,12.0,76.857,1
1.0,HAM,44,Mercedes,1.0,Finished,1,Finished,0,2018,20,São Paulo,1.0,67.281,1
2.0,VER,33,Red Bull Racing,5.0,Finished,1,Finished,0,2018,20,São Paulo,5.0,67.778,1
3.0,RAI,7,Ferrari,4.0,Finished,1,Finished,0,2018,20,São Paulo,4.0,67.456,1
4.0,RIC,3,Red Bull Racing,11.0,Finished,1,Finished,0,2018,20,São Paulo,6.0,67.78,1
5.0,BOT,77,Mercedes,3.0,Finished,1,Finished,0,2018,20,São Paulo,3.0,67.441,1
6.0,VET,5,Ferrari,2.0,Finished,1,Finished,0,2018,20,São Paulo,2.0,67.374,1
7.0,LEC,16,Kick Sauber,7.0,Finished,1,Finished,0,2018,20,São Paulo,8.0,68.335,1
8.0,GRO,8,Haas F1 Team,8.0,Finished,1,Finished,0,2018,20,São Paulo,9.0,68.239,1
9.0,MAG,20,Haas F1 Team,10.0,Finished,1,Finished,0,2018,20,São Paulo,11.0,68.474,1
10.0,PER,11,Aston Martin,12.0,+1 Lap,0,Other,0,2018,20,São Paulo,12.0,68.741,1
11.0,HAR,28,Racing Bulls,16.0,+1 Lap,0,Other,0,2018,20,São Paulo,17.0,69.28,1
12.0,SAI,55,Alpine,15.0,+1 Lap,0,Other,0,2018,20,São Paulo,16.0,69.269,1
13.0,GAS,10,Racing Bulls,9.0,+1 Lap,0,Other,0,2018,20,São Paulo,10.0,68.616,1
14.0,VAN,2,McLaren,20.0,+1 Lap,0,Other,0,2018,20,São Paulo,20.0,69.601,1
15.0,OCO,31,Aston Martin,18.0,+1 Lap,0,Other,0,2018,20,São Paulo,13.0,68.77,1
16.0,SIR,35,Williams,14.0,+2 Laps,0,Other,0,2018,20,São Paulo,15.0,69.259,1
17.0,ALO,14,McLaren,17.0,+2 Laps,0,Other,0,2018,20,São Paulo,18.0,69.402,1
18.0,STR,18,Williams,19.0,+2 Laps,0,Other,0,2018,20,São Paulo,19.0,69.441,1
19.0,HUL,27,Alpine,13.0,Overheating,0,Other,0,2018,20,São Paulo,14.0,68.834,1
20.0,ERI,9,Kick Sauber,6.0,Collision,0,Other,0,2018,20,São Paulo,7.0,68.296,1
1.0,HAM,44,Mercedes,1.0,Finished,1,Finished,1,2018,21,Yas Marina,1.0,94.794,0
2.0,VET,5,Ferrari,3.0,Finished,1,Finished,1,2018,21,Yas Marina,3.0,95.125,0
3.0,VER,33,Red Bull Racing,6.0,Finished,1,Finished,1,2018,21,Yas Marina,6.0,95.589,0
4.0,RIC,3,Red Bull Racing,5.0,Finished,1,Finished,1,2018,21,Yas Marina,5.0,95.401,0
5.0,BOT,77,Mercedes,2.0,Finished,1,Finished,1,2018,21,Yas Marina,2.0,94.956,0
6.0,SAI,55,Alpine,11.0,Finished,1,Finished,1,2018,21,Yas Marina,11.0,96.982,0
7.0,LEC,16,Kick Sauber,8.0,Finished,1,Finished,1,2018,21,Yas Marina,8.0,96.237,0
8.0,PER,11,Aston Martin,14.0,Finished,1,Finished,1,2018,21,Yas Marina,14.0,97.255,0
9.0,GRO,8,Haas F1 Team,7.0,+1 Lap,0,Other,1,2018,21,Yas Marina,7.0,96.192,0
10.0,MAG,20,Haas F1 Team,13.0,+1 Lap,0,Other,1,2018,21,Yas Marina,13.0,97.309,0
11.0,ALO,14,McLaren,15.0,+1 Lap,0,Other,1,2018,21,Yas Marina,15.0,97.743,0
12.0,HAR,28,Racing Bulls,16.0,+1 Lap,0,Other,1,2018,21,Yas Marina,16.0,97.994,0
13.0,STR,18,Williams,20.0,+1 Lap,0,Other,1,2018,21,Yas Marina,20.0,98.682,0
14.0,VAN,2,McLaren,18.0,+1 Lap,0,Other,1,2018,21,Yas Marina,18.0,98.577,0
15.0,SIR,35,Williams,19.0,+1 Lap,0,Other,1,2018,21,Yas Marina,19.0,98.635,0
16.0,GAS,10,Racing Bulls,17.0,Engine,0,Mechanical,1,2018,21,Yas Marina,17.0,98.166,0
17.0,OCO,31,Aston Martin,9.0,Engine,0,Mechanical,1,2018,21,Yas Marina,9.0,96.54,0
18.0,ERI,9,Kick Sauber,12.0,Power loss,0,Other,1,2018,21,Yas Marina,12.0,97.132,0
19.0,RAI,7,Ferrari,4.0,Power loss,0,Other,1,2018,21,Yas Marina,4.0,95.365,0
20.0,HUL,27,Alpine,10.0,Collision,0,Other,1,2018,21,Yas Marina,10.0,96.542,0
1.0,BOT,77,Mercedes,2.0,Finished,1,Finished,0,2019,1,Melbourne,2.0,80.598,0
2.0,HAM,44,Mercedes,1.0,Finished,1,Finished,0,2019,1,Melbourne,1.0,80.486,0
3.0,VER,33,Red Bull Racing,4.0,Finished,1,Finished,0,2019,1,Melbourne,4.0,81.32,0
4.0,VET,5,Ferrari,3.0,Finished,1,Finished,0,2019,1,Melbourne,3.0,81.19,0
5.0,LEC,16,Ferrari,5.0,Finished,1,Finished,0,2019,1,Melbourne,5.0,81.442,0
6.0,MAG,20,Haas F1 Team,7.0,Finished,1,Finished,0,2019,1,Melbourne,7.0,82.099,0
7.0,HUL,27,Alpine,11.0,+1 Lap,0,Other,0,2019,1,Melbourne,11.0,82.54,0
8.0,RAI,7,Kick Sauber,9.0,+1 Lap,0,Other,0,2019,1,Melbourne,9.0,82.314,0
9.0,STR,18,Aston Martin,16.0,+1 Lap,0,Other,0,2019,1,Melbourne,16.0,83.017,0
10.0,KVY,26,Racing Bulls,15.0,+1 Lap,0,Other,0,2019,1,Melbourne,15.0,82.511,0
11.0,GAS,10,Red Bull Racing,17.0,+1 Lap,0,Other,0,2019,1,Melbourne,17.0,83.02,0
12.0,NOR,4,McLaren,8.0,+1 Lap,0,Other,0,2019,1,Melbourne,8.0,82.304,0
13.0,PER,11,Aston Martin,10.0,+1 Lap,0,Other,0,2019,1,Melbourne,10.0,82.532,0
14.0,ALB,23,Racing Bulls,13.0,+1 Lap,0,Other,0,2019,1,Melbourne,13.0,82.636,0
15.0,GIO,99,Kick Sauber,14.0,+1 Lap,0,Other,0,2019,1,Melbourne,14.0,82.431,0
16.0,RUS,63,Williams,19.0,+2 Laps,0,Other,0,2019,1,Melbourne,19.0,84.36,0
17.0,KUB,88,Williams,20.0,+3 Laps,0,Other,0,2019,1,Melbourne,20.0,86.067,0
18.0,GRO,8,Haas F1 Team,6.0,Wheel,0,Other,0,2019,1,Melbourne,6.0,81.826,0
19.0,RIC,3,Alpine,12.0,Damage,0,Other,0,2019,1,Melbourne,12.0,82.57,0
20.0,SAI,55,McLaren,18.0,Engine,0,Mechanical,0,2019,1,Melbourne,18.0,83.084,0
1.0,HAM,44,Mercedes,3.0,Finished,1,Finished,0,2019,2,Sakhir,3.0,88.19,1
2.0,BOT,77,Mercedes,4.0,Finished,1,Finished,0,2019,2,Sakhir,4.0,88.256,1
3.0,LEC,16,Ferrari,1.0,Finished,1,Finished,0,2019,2,Sakhir,1.0,87.866,1
4.0,VER,33,Red Bull Racing,5.0,Finished,1,Finished,0,2019,2,Sakhir,5.0,88.752,1
5.0,VET,5,Ferrari,2.0,Finished,1,Finished,0,2019,2,Sakhir,2.0,88.16,1
6.0,NOR,4,McLaren,9.0,Finished,1,Finished,0,2019,2,Sakhir,10.0,89.043,1
7.0,RAI,7,Kick Sauber,8.0,Finished,1,Finished,0,2019,2,Sakhir,9.0,89.022,1
8.0,GAS,10,Red Bull Racing,13.0,Finished,1,Finished,0,2019,2,Sakhir,13.0,89.526,1
9.0,ALB,23,Racing Bulls,12.0,Finished,1,Finished,0,2019,2,Sakhir,12.0,89.513,1
10.0,PER,11,Aston Martin,14.0,Finished,1,Finished,0,2019,2,Sakhir,14.0,89.756,1
11.0,GIO,99,Kick Sauber,16.0,Finished,1,Finished,0,2019,2,Sakhir,16.0,90.026,1
12.0,KVY,26,Racing Bulls,15.0,+1 Lap,0,Other,0,2019,2,Sakhir,15.0,89.854,1
13.0,MAG,20,Haas F1 Team,6.0,+1 Lap,0,Other,0,2019,2,Sakhir,6.0,88.757,1
14.0,STR,18,Aston Martin,18.0,+1 Lap,0,Other,0,2019,2,Sakhir,18.0,90.217,1
15.0,RUS,63,Williams,19.0,+1 Lap,0,Other,0,2019,2,Sakhir,19.0,91.759,1
16.0,KUB,88,Williams,20.0,+2 Laps,0,Other,0,2019,2,Sakhir,20.0,91.799,1
17.0,HUL,27,Alpine,17.0,Engine,0,Mechanical,0,2019,2,Sakhir,17.0,90.034,1
18.0,RIC,3,Alpine,10.0,Out of fuel,0,Other,0,2019,2,Sakhir,11.0,89.488,1
19.0,SAI,55,McLaren,7.0,Collision damage,0,Other,0,2019,2,Sakhir,7.0,88.813,1
20.0,GRO,8,Haas F1 Team,11.0,Retired,0,Other,0,2019,2,Sakhir,8.0,89.015,1
1.0,HAM,44,Mercedes,2.0,Finished,1,Finished,0,2019,3,Shanghai,2.0,91.57,0
2.0,BOT,77,Mercedes,1.0,Finished,1,Finished,0,2019,3,Shanghai,1.0,91.547,0
3.0,VET,5,Ferrari,3.0,Finished,1,Finished,0,2019,3,Shanghai,3.0,91.848,0
4.0,VER,33,Red Bull Racing,5.0,Finished,1,Finished,0,2019,3,Shanghai,5.0,92.089,0
5.0,LEC,16,Ferrari,4.0,Finished,1,Finished,0,2019,3,Shanghai,4.0,91.865,0
6.0,GAS,10,Red Bull Racing,6.0,Finished,1,Finished,0,2019,3,Shanghai,6.0,92.93,0
7.0,RIC,3,Alpine,7.0,+1 Lap,0,Other,0,2019,3,Shanghai,7.0,92.958,0
8.0,PER,11,Aston Martin,12.0,+1 Lap,0,Other,0,2019,3,Shanghai,12.0,93.299,0
9.0,RAI,7,Kick Sauber,13.0,+1 Lap,0,Other,0,2019,3,Shanghai,13.0,93.419,0
11.0,GRO,8,Haas F1 Team,10.0,+1 Lap,0,Other,0,2019,3,Shanghai,10.0,93.156,0
12.0,STR,18,Aston Martin,16.0,+1 Lap,0,Other,0,2019,3,Shanghai,16.0,94.292,0
13.0,MAG,20,Haas F1 Team,9.0,+1 Lap,0,Other,0,2019,3,Shanghai,9.0,93.15,0
14.0,SAI,55,McLaren,14.0,+1 Lap,0,Other,0,2019,3,Shanghai,14.0,93.523,0
16.0,RUS,63,Williams,17.0,+2 Laps,0,Other,0,2019,3,Shanghai,17.0,95.253,0
17.0,KUB,88,Williams,18.0,+2 Laps,0,Other,0,2019,3,Shanghai,18.0,95.281,0
18.0,NOR,4,McLaren,15.0,Collision,0,Other,0,2019,3,Shanghai,15.0,93.967,0
19.0,KVY,26,Racing Bulls,11.0,Collision,0,Other,0,2019,3,Shanghai,11.0,93.236,0
20.0,HUL,27,Alpine,8.0,Power Unit,0,Other,0,2019,3,Shanghai,8.0,92.962,0
1.0,BOT,77,Mercedes,1.0,Finished,1,Finished,0,2019,4,Baku,1.0,100.495,0
2.0,HAM,44,Mercedes,2.0,Finished,1,Finished,0,2019,4,Baku,2.0,100.554,0
3.0,VET,5,Ferrari,3.0,Finished,1,Finished,0,2019,4,Baku,3.0,100.797,0
4.0,VER,33,Red Bull Racing,4.0,Finished,1,Finished,0,2019,4,Baku,4.0,101.069,0
5.0,LEC,16,Ferrari,8.0,Finished,1,Finished,0,2019,4,Baku,9.0,101.426,0
6.0,PER,11,Aston Martin,5.0,Finished,1,Finished,0,2019,4,Baku,5.0,101.593,0
7.0,SAI,55,McLaren,9.0,Finished,1,Finished,0,2019,4,Baku,10.0,101.936,0
8.0,NOR,4,McLaren,7.0,Finished,1,Finished,0,2019,4,Baku,7.0,101.886,0
9.0,STR,18,Aston Martin,13.0,Finished,1,Finished,0,2019,4,Baku,14.0,102.63,0
10.0,RAI,7,Kick Sauber,21.0,+1 Lap,0,Other,0,2019,4,Baku,19.0,102.059,0
11.0,ALB,23,Racing Bulls,11.0,+1 Lap,0,Other,0,2019,4,Baku,12.0,102.154,0
12.0,GIO,99,Kick Sauber,17.0,+1 Lap,0,Other,0,2019,4,Baku,8.0,102.14,0
13.0,MAG,20,Haas F1 Team,12.0,+1 Lap,0,Other,0,2019,4,Baku,13.0,102.382,0
14.0,HUL,27,Alpine,15.0,+1 Lap,0,Other,0,2019,4,Baku,16.0,103.427,0
15.0,RUS,63,Williams,16.0,+2 Laps,0,Other,0,2019,4,Baku,17.0,105.062,0
16.0,KUB,88,Williams,21.0,+2 Laps,0,Other,0,2019,4,Baku,18.0,105.455,0
17.0,GAS,10,Red Bull Racing,21.0,Transmission,0,Other,0,2019,4,Baku,20.0,101.335,0
18.0,GRO,8,Haas F1 Team,14.0,Brakes,0,Other,0,2019,4,Baku,15.0,103.407,0
19.0,KVY,26,Racing Bulls,6.0,Collision,0,Other,0,2019,4,Baku,6.0,101.681,0
20.0,RIC,3,Alpine,10.0,Collision,0,Other,0,2019,4,Baku,11.0,102.477,0
1.0,HAM,44,Mercedes,2.0,Finished,1,Finished,0,2019,5,Barcelona,2.0,76.038,0
2.0,BOT,77,Mercedes,1.0,Finished,1,Finished,0,2019,5,Barcelona,1.0,75.406,0
3.0,VER,33,Red Bull Racing,4.0,Finished,1,Finished,0,2019,5,Barcelona,4.0,76.357,0
4.0,VET,5,Ferrari,3.0,Finished,1,Finished,0,2019,5,Barcelona,3.0,76.272,0
5.0,LEC,16,Ferrari,5.0,Finished,1,Finished,0,2019,5,Barcelona,5.0,76.588,0
6.0,GAS,10,Red Bull Racing,6.0,Finished,1,Finished,0,2019,5,Barcelona,6.0,76.708,0
7.0,MAG,20,Haas F1 Team,8.0,Finished,1,Finished,0,2019,5,Barcelona,8.0,76.922,0
8.0,SAI,55,McLaren,12.0,Finished,1,Finished,0,2019,5,Barcelona,13.0,77.599,0
9.0,KVY,26,Racing Bulls,9.0,Finished,1,Finished,0,2019,5,Barcelona,9.0,77.243,0
10.0,GRO,8,Haas F1 Team,7.0,Finished,1,Finished,0,2019,5,Barcelona,7.0,76.911,0
11.0,ALB,23,Racing Bulls,11.0,Finished,1,Finished,0,2019,5,Barcelona,12.0,77.445,0
12.0,RIC,3,Alpine,13.0,Finished,1,Finished,0,2019,5,Barcelona,10.0,77.299,0
13.0,HUL,27,Alpine,21.0,Finished,1,Finished,0,2019,5,Barcelona,16.0,78.404,0
14.0,RAI,7,Kick Sauber,14.0,Finished,1,Finished,0,2019,5,Barcelona,14.0,77.788,0
15.0,PER,11,Aston Martin,15.0,Finished,1,Finished,0,2019,5,Barcelona,15.0,77.886,0
16.0,GIO,99,Kick Sauber,18.0,Finished,1,Finished,0,2019,5,Barcelona,18.0,78.664,0
17.0,RUS,63,Williams,19.0,+1 Lap,0,Other,0,2019,5,Barcelona,19.0,79.072,0
18.0,KUB,88,Williams,17.0,+1 Lap,0,Other,0,2019,5,Barcelona,20.0,80.254,0
19.0,STR,18,Aston Martin,16.0,Collision,0,Other,0,2019,5,Barcelona,17.0,78.471,0
20.0,NOR,4,McLaren,10.0,Collision,0,Other,0,2019,5,Barcelona,11.0,77.338,0
1.0,HAM,44,Mercedes,1.0,Finished,1,Finished,1,2019,6,Monte Carlo,1.0,70.166,0
2.0,VET,5,Ferrari,4.0,Finished,1,Finished,1,2019,6,Monte Carlo,4.0,70.947,0
3.0,BOT,77,Mercedes,2.0,Finished,1,Finished,1,2019,6,Monte Carlo,2.0,70.252,0
4.0,VER,33,Red Bull Racing,3.0,Finished,1,Finished,1,2019,6,Monte Carlo,3.0,70.618,0
5.0,GAS,10,Red Bull Racing,8.0,Finished,1,Finished,1,2019,6,Monte Carlo,5.0,71.041,0
6.0,SAI,55,McLaren,9.0,Finished,1,Finished,1,2019,6,Monte Carlo,9.0,71.417,0
7.0,KVY,26,Racing Bulls,7.0,Finished,1,Finished,1,2019,6,Monte Carlo,8.0,71.271,0
8.0,ALB,23,Racing Bulls,10.0,Finished,1,Finished,1,2019,6,Monte Carlo,10.0,71.429,0
9.0,RIC,3,Alpine,6.0,Finished,1,Finished,1,2019,6,Monte Carlo,7.0,71.218,0
10.0,GRO,8,Haas F1 Team,13.0,Finished,1,Finished,1,2019,6,Monte Carlo,13.0,71.837,0
11.0,NOR,4,McLaren,12.0,Finished,1,Finished,1,2019,6,Monte Carlo,12.0,71.724,0
12.0,PER,11,Aston Martin,16.0,+1 Lap,0,Other,1,2019,6,Monte Carlo,17.0,72.233,0
13.0,HUL,27,Alpine,11.0,+1 Lap,0,Other,1,2019,6,Monte Carlo,11.0,71.67,0
14.0,MAG,20,Haas F1 Team,5.0,+1 Lap,0,Other,1,2019,6,Monte Carlo,6.0,71.109,0
15.0,RUS,63,Williams,19.0,+1 Lap,0,Other,1,2019,6,Monte Carlo,19.0,73.477,0
16.0,STR,18,Aston Martin,17.0,+1 Lap,0,Other,1,2019,6,Monte Carlo,18.0,72.846,0
17.0,RAI,7,Kick Sauber,14.0,+1 Lap,0,Other,1,2019,6,Monte Carlo,14.0,71.993,0
18.0,KUB,88,Williams,20.0,+1 Lap,0,Other,1,2019,6,Monte Carlo,20.0,73.751,0
19.0,GIO,99,Kick Sauber,18.0,+2 Laps,0,Other,1,2019,6,Monte Carlo,15.0,71.976,0
20.0,LEC,16,Ferrari,15.0,Collision,0,Other,1,2019,6,Monte Carlo,16.0,72.149,0
1.0,HAM,44,Mercedes,2.0,Finished,1,Finished,0,2019,7,Montréal,2.0,70.446,0
2.0,VET,5,Ferrari,1.0,Finished,1,Finished,0,2019,7,Montréal,1.0,70.24,0
3.0,LEC,16,Ferrari,3.0,Finished,1,Finished,0,2019,7,Montréal,3.0,70.92,0
4.0,BOT,77,Mercedes,6.0,Finished,1,Finished,0,2019,7,Montréal,6.0,71.095,0
5.0,VER,33,Red Bull Racing,9.0,Finished,1,Finished,0,2019,7,Montréal,11.0,71.619,0
6.0,RIC,3,Alpine,4.0,+1 Lap,0,Other,0,2019,7,Montréal,4.0,71.071,0
7.0,HUL,27,Alpine,7.0,+1 Lap,0,Other,0,2019,7,Montréal,7.0,71.324,0
8.0,GAS,10,Red Bull Racing,5.0,+1 Lap,0,Other,0,2019,7,Montréal,5.0,71.079,0
9.0,STR,18,Aston Martin,17.0,+1 Lap,0,Other,0,2019,7,Montréal,18.0,72.266,0
10.0,KVY,26,Racing Bulls,10.0,+1 Lap,0,Other,0,2019,7,Montréal,12.0,71.921,0
11.0,SAI,55,McLaren,11.0,+1 Lap,0,Other,0,2019,7,Montréal,9.0,71.572,0
12.0,PER,11,Aston Martin,15.0,+1 Lap,0,Other,0,2019,7,Montréal,16.0,72.197,0
13.0,GIO,99,Kick Sauber,12.0,+1 Lap,0,Other,0,2019,7,Montréal,13.0,72.122,0
14.0,GRO,8,Haas F1 Team,14.0,+1 Lap,0,Other,0,2019,7,Montréal,15.0,72.109,0
15.0,RAI,7,Kick Sauber,16.0,+1 Lap,0,Other,0,2019,7,Montréal,17.0,72.23,0
16.0,RUS,63,Williams,18.0,+2 Laps,0,Other,0,2019,7,Montréal,19.0,73.617,0
17.0,MAG,20,Haas F1 Team,21.0,+2 Laps,0,Other,0,2019,7,Montréal,10.0,71.786,0
18.0,KUB,88,Williams,19.0,+3 Laps,0,Other,0,2019,7,Montréal,20.0,74.393,0
19.0,ALB,23,Racing Bulls,13.0,Collision damage,0,Other,0,2019,7,Montréal,14.0,72.02,0
20.0,NOR,4,McLaren,8.0,Suspension,0,Other,0,2019,7,Montréal,8.0,71.735,0
1.0,HAM,44,Mercedes,1.0,Finished,1,Finished,0,2019,8,Le Castellet,1.0,88.319,0
2.0,BOT,77,Mercedes,2.0,Finished,1,Finished,0,2019,8,Le Castellet,2.0,88.605,0
3.0,LEC,16,Ferrari,3.0,Finished,1,Finished,0,2019,8,Le Castellet,3.0,88.965,0
4.0,VER,33,Red Bull Racing,4.0,Finished,1,Finished,0,2019,8,Le Castellet,4.0,89.409,0
5.0,VET,5,Ferrari,7.0,Finished,1,Finished,0,2019,8,Le Castellet,7.0,89.506,0
6.0,SAI,55,McLaren,6.0,Finished,1,Finished,0,2019,8,Le Castellet,6.0,89.522,0
7.0,RAI,7,Kick Sauber,12.0,+1 Lap,0,Other,0,2019,8,Le Castellet,12.0,90.533,0
8.0,HUL,27,Alpine,13.0,+1 Lap,0,Other,0,2019,8,Le Castellet,13.0,90.544,0
9.0,NOR,4,McLaren,5.0,+1 Lap,0,Other,0,2019,8,Le Castellet,5.0,89.418,0
10.0,GAS,10,Red Bull Racing,9.0,+1 Lap,0,Other,0,2019,8,Le Castellet,9.0,90.184,0
11.0,RIC,3,Alpine,8.0,+1 Lap,0,Other,0,2019,8,Le Castellet,8.0,89.918,0
12.0,PER,11,Aston Martin,14.0,+1 Lap,0,Other,0,2019,8,Le Castellet,14.0,90.738,0
13.0,STR,18,Aston Martin,17.0,+1 Lap,0,Other,0,2019,8,Le Castellet,18.0,91.726,0
14.0,KVY,26,Racing Bulls,19.0,+1 Lap,0,Other,0,2019,8,Le Castellet,16.0,91.564,0
15.0,ALB,23,Racing Bulls,11.0,+1 Lap,0,Other,0,2019,8,Le Castellet,11.0,90.461,0
16.0,GIO,99,Kick Sauber,10.0,+1 Lap,0,Other,0,2019,8,Le Castellet,10.0,90.408,0
17.0,MAG,20,Haas F1 Team,15.0,+1 Lap,0,Other,0,2019,8,Le Castellet,15.0,91.166,0
18.0,KUB,88,Williams,18.0,+2 Laps,0,Other,0,2019,8,Le Castellet,20.0,93.205,0
19.0,RUS,63,Williams,20.0,+2 Laps,0,Other,0,2019,8,Le Castellet,19.0,92.789,0
20.0,GRO,8,Haas F1 Team,16.0,Retired,0,Other,0,2019,8,Le Castellet,17.0,91.626,0
1.0,VER,33,Red Bull Racing,2.0,Finished,1,Finished,0,2019,9,Spielberg,3.0,63.439,0
2.0,LEC,16,Ferrari,1.0,Finished,1,Finished,0,2019,9,Spielberg,1.0,63.003,0
3.0,BOT,77,Mercedes,3.0,Finished,1,Finished,0,2019,9,Spielberg,4.0,63.537,0
4.0,VET,5,Ferrari,9.0,Finished,1,Finished,0,2019,9,Spielberg,10.0,63.667,0
5.0,HAM,44,Mercedes,4.0,Finished,1,Finished,0,2019,9,Spielberg,2.0,63.262,0
6.0,NOR,4,McLaren,5.0,+1 Lap,0,Other,0,2019,9,Spielberg,6.0,64.099,0
7.0,GAS,10,Red Bull Racing,8.0,+1 Lap,0,Other,0,2019,9,Spielberg,9.0,63.988,0
8.0,SAI,55,McLaren,19.0,+1 Lap,0,Other,0,2019,9,Spielberg,15.0,64.453,0
9.0,RAI,7,Kick Sauber,6.0,+1 Lap,0,Other,0,2019,9,Spielberg,7.0,64.056,0
10.0,GIO,99,Kick Sauber,7.0,+1 Lap,0,Other,0,2019,9,Spielberg,8.0,64.179,0
11.0,PER,11,Aston Martin,13.0,+1 Lap,0,Other,0,2019,9,Spielberg,16.0,64.789,0
12.0,RIC,3,Alpine,12.0,+1 Lap,0,Other,0,2019,9,Spielberg,14.0,64.647,0
13.0,HUL,27,Alpine,15.0,+1 Lap,0,Other,0,2019,9,Spielberg,12.0,64.516,0
14.0,STR,18,Aston Martin,14.0,+1 Lap,0,Other,0,2019,9,Spielberg,17.0,64.832,0
15.0,ALB,23,Racing Bulls,18.0,+1 Lap,0,Other,0,2019,9,Spielberg,13.0,64.665,0
16.0,GRO,8,Haas F1 Team,11.0,+1 Lap,0,Other,0,2019,9,Spielberg,11.0,64.49,0
17.0,KVY,26,Racing Bulls,16.0,+1 Lap,0,Other,0,2019,9,Spielberg,18.0,65.324,0
18.0,RUS,63,Williams,21.0,+2 Laps,0,Other,0,2019,9,Spielberg,19.0,65.904,0
19.0,MAG,20,Haas F1 Team,10.0,+2 Laps,0,Other,0,2019,9,Spielberg,5.0,64.072,0
20.0,KUB,88,Williams,17.0,+3 Laps,0,Other,0,2019,9,Spielberg,20.0,66.206,0
1.0,HAM,44,Mercedes,2.0,Finished,1,Finished,0,2019,10,Silverstone,2.0,85.099,0
2.0,BOT,77,Mercedes,1.0,Finished,1,Finished,0,2019,10,Silverstone,1.0,85.093,0
3.0,LEC,16,Ferrari,3.0,Finished,1,Finished,0,2019,10,Silverstone,3.0,85.172,0
4.0,GAS,10,Red Bull Racing,5.0,Finished,1,Finished,0,2019,10,Silverstone,5.0,85.59,0
5.0,VER,33,Red Bull Racing,4.0,Finished,1,Finished,0,2019,10,Silverstone,4.0,85.276,0
6.0,SAI,55,McLaren,13.0,Finished,1,Finished,0,2019,10,Silverstone,13.0,86.203,0
7.0,RIC,3,Alpine,7.0,Finished,1,Finished,0,2019,10,Silverstone,7.0,86.182,0
8.0,RAI,7,Kick Sauber,12.0,Finished,1,Finished,0,2019,10,Silverstone,12.0,86.546,0
9.0,KVY,26,Racing Bulls,17.0,Finished,1,Finished,0,2019,10,Silverstone,17.0,86.721,0
10.0,HUL,27,Alpine,10.0,Finished,1,Finished,0,2019,10,Silverstone,10.0,86.386,0
11.0,NOR,4,McLaren,8.0,Finished,1,Finished,0,2019,10,Silverstone,8.0,86.079,0
12.0,ALB,23,Racing Bulls,9.0,Finished,1,Finished,0,2019,10,Silverstone,9.0,86.345,0
13.0,STR,18,Aston Martin,18.0,Finished,1,Finished,0,2019,10,Silverstone,18.0,86.762,0
14.0,RUS,63,Williams,19.0,+1 Lap,0,Other,0,2019,10,Silverstone,19.0,87.789,0
15.0,KUB,88,Williams,20.0,+1 Lap,0,Other,0,2019,10,Silverstone,20.0,88.257,0
16.0,VET,5,Ferrari,6.0,+1 Lap,0,Other,0,2019,10,Silverstone,6.0,85.787,0
17.0,PER,11,Aston Martin,15.0,+1 Lap,0,Other,0,2019,10,Silverstone,15.0,86.649,0
18.0,GIO,99,Kick Sauber,11.0,Spun off,0,Other,0,2019,10,Silverstone,11.0,86.449,0
19.0,GRO,8,Haas F1 Team,14.0,Collision,0,Other,0,2019,10,Silverstone,14.0,86.347,0
20.0,MAG,20,Haas F1 Team,16.0,Collision,0,Other,0,2019,10,Silverstone,16.0,86.662,0
1.0,VER,33,Red Bull Racing,2.0,Finished,1,Finished,1,2019,11,Hockenheim,2.0,72.113,0
2.0,VET,5,Ferrari,20.0,Finished,1,Finished,1,2019,11,Hockenheim,20.0,84.0575,0
3.0,KVY,26,Racing Bulls,14.0,Finished,1,Finished,1,2019,11,Hockenheim,14.0,73.135,0
4.0,STR,18,Aston Martin,15.0,Finished,1,Finished,1,2019,11,Hockenheim,15.0,73.256,0
5.0,SAI,55,McLaren,7.0,Finished,1,Finished,1,2019,11,Hockenheim,7.0,72.632,0
6.0,ALB,23,Racing Bulls,16.0,Finished,1,Finished,1,2019,11,Hockenheim,17.0,73.461,0
7.0,GRO,8,Haas F1 Team,6.0,Finished,1,Finished,1,2019,11,Hockenheim,6.0,72.769,0
8.0,MAG,20,Haas F1 Team,12.0,Finished,1,Finished,1,2019,11,Hockenheim,12.0,72.789,0
9.0,HAM,44,Mercedes,1.0,Finished,1,Finished,1,2019,11,Hockenheim,1.0,71.767,0
10.0,KUB,88,Williams,18.0,Finished,1,Finished,1,2019,11,Hockenheim,19.0,74.839,0
11.0,RUS,63,Williams,17.0,Finished,1,Finished,1,2019,11,Hockenheim,18.0,74.721,0
12.0,RAI,7,Kick Sauber,5.0,Finished,1,Finished,1,2019,11,Hockenheim,5.0,72.519,0
13.0,GIO,99,Kick Sauber,11.0,Finished,1,Finished,1,2019,11,Hockenheim,11.0,72.786,0
14.0,GAS,10,Red Bull Racing,4.0,Collision,0,Other,1,2019,11,Hockenheim,4.0,72.385,0
15.0,BOT,77,Mercedes,3.0,Accident,0,Crash,1,2019,11,Hockenheim,3.0,72.129,0
16.0,HUL,27,Alpine,9.0,Accident,0,Crash,1,2019,11,Hockenheim,9.0,72.766,0
17.0,LEC,16,Ferrari,10.0,Accident,0,Crash,1,2019,11,Hockenheim,10.0,72.229,0
18.0,NOR,4,McLaren,19.0,Power loss,0,Other,1,2019,11,Hockenheim,16.0,73.333,0
19.0,RIC,3,Alpine,13.0,Exhaust,0,Other,1,2019,11,Hockenheim,13.0,72.799,0
20.0,PER,11,Aston Martin,8.0,Spun off,0,Other,1,2019,11,Hockenheim,8.0,72.776,0
1.0,HAM,44,Mercedes,3.0,Finished,1,Finished,0,2019,12,Budapest,3.0,74.769,0
2.0,VER,33,Red Bull Racing,1.0,Finished,1,Finished,0,2019,12,Budapest,1.0,74.572,0
3.0,VET,5,Ferrari,5.0,Finished,1,Finished,0,2019,12,Budapest,5.0,75.071,0
4.0,LEC,16,Ferrari,4.0,Finished,1,Finished,0,2019,12,Budapest,4.0,75.043,0
5.0,SAI,55,McLaren,8.0,+1 Lap,0,Other,0,2019,12,Budapest,8.0,75.852,0
6.0,GAS,10,Red Bull Racing,6.0,+1 Lap,0,Other,0,2019,12,Budapest,6.0,75.45,0
7.0,RAI,7,Kick Sauber,10.0,+1 Lap,0,Other,0,2019,12,Budapest,10.0,76.041,0
8.0,BOT,77,Mercedes,2.0,+1 Lap,0,Other,0,2019,12,Budapest,2.0,74.59,0
9.0,NOR,4,McLaren,7.0,+1 Lap,0,Other,0,2019,12,Budapest,7.0,75.8,0
10.0,ALB,23,Racing Bulls,12.0,+1 Lap,0,Other,0,2019,12,Budapest,12.0,76.687,0
11.0,PER,11,Aston Martin,16.0,+1 Lap,0,Other,0,2019,12,Budapest,17.0,77.109,0
12.0,HUL,27,Alpine,11.0,+1 Lap,0,Other,0,2019,12,Budapest,11.0,76.565,0
13.0,MAG,20,Haas F1 Team,14.0,+1 Lap,0,Other,0,2019,12,Budapest,15.0,76.122,0
14.0,RIC,3,Alpine,20.0,+1 Lap,0,Other,0,2019,12,Budapest,18.0,77.257,0
15.0,KVY,26,Racing Bulls,13.0,+2 Laps,0,Other,0,2019,12,Budapest,13.0,76.692,0
16.0,RUS,63,Williams,15.0,+2 Laps,0,Other,0,2019,12,Budapest,16.0,77.031,0
17.0,STR,18,Aston Martin,18.0,+2 Laps,0,Other,0,2019,12,Budapest,19.0,77.542,0
18.0,GIO,99,Kick Sauber,17.0,+2 Laps,0,Other,0,2019,12,Budapest,14.0,76.804,0
19.0,KUB,88,Williams,19.0,+3 Laps,0,Other,0,2019,12,Budapest,20.0,78.324,0
20.0,GRO,8,Haas F1 Team,9.0,Water pressure,0,Other,0,2019,12,Budapest,9.0,76.013,0
1.0,LEC,16,Ferrari,1.0,Finished,1,Finished,0,2019,13,Spa-Francorchamps,1.0,102.519,0
2.0,HAM,44,Mercedes,3.0,Finished,1,Finished,0,2019,13,Spa-Francorchamps,3.0,103.282,0
3.0,BOT,77,Mercedes,4.0,Finished,1,Finished,0,2019,13,Spa-Francorchamps,4.0,103.415,0
4.0,VET,5,Ferrari,2.0,Finished,1,Finished,0,2019,13,Spa-Francorchamps,2.0,103.037,0
5.0,ALB,23,Red Bull Racing,17.0,Finished,1,Finished,0,2019,13,Spa-Francorchamps,14.0,105.528,0
6.0,PER,11,Aston Martin,7.0,Finished,1,Finished,0,2019,13,Spa-Francorchamps,9.0,104.706,0
7.0,KVY,26,Racing Bulls,19.0,Finished,1,Finished,0,2019,13,Spa-Francorchamps,18.0,106.518,0
8.0,HUL,27,Alpine,12.0,Finished,1,Finished,0,2019,13,Spa-Francorchamps,7.0,104.542,0
9.0,GAS,10,Racing Bulls,13.0,Finished,1,Finished,0,2019,13,Spa-Francorchamps,16.0,106.435,0
10.0,STR,18,Aston Martin,16.0,Finished,1,Finished,0,2019,13,Spa-Francorchamps,13.0,105.047,0
11.0,NOR,4,McLaren,11.0,Engine,0,Mechanical,0,2019,13,Spa-Francorchamps,12.0,104.847,0
12.0,MAG,20,Haas F1 Team,8.0,+1 Lap,0,Other,0,2019,13,Spa-Francorchamps,10.0,104.738,0
13.0,GRO,8,Haas F1 Team,9.0,+1 Lap,0,Other,0,2019,13,Spa-Francorchamps,11.0,104.797,0
14.0,RIC,3,Alpine,10.0,+1 Lap,0,Other,0,2019,13,Spa-Francorchamps,6.0,104.103,0
15.0,RUS,63,Williams,14.0,+1 Lap,0,Other,0,2019,13,Spa-Francorchamps,19.0,107.548,0
16.0,RAI,7,Kick Sauber,6.0,+1 Lap,0,Other,0,2019,13,Spa-Francorchamps,8.0,104.14,0
17.0,KUB,88,Williams,21.0,+1 Lap,0,Other,0,2019,13,Spa-Francorchamps,20.0,84.0575,0
18.0,GIO,99,Kick Sauber,18.0,Accident,0,Crash,0,2019,13,Spa-Francorchamps,15.0,105.637,0
19.0,SAI,55,McLaren,15.0,Power loss,0,Other,0,2019,13,Spa-Francorchamps,17.0,106.507,0
20.0,VER,33,Red Bull Racing,5.0,Accident,0,Crash,0,2019,13,Spa-Francorchamps,5.0,103.69,0
1.0,LEC,16,Ferrari,1.0,Finished,1,Finished,0,2019,14,Monza,1.0,79.307,0
2.0,BOT,77,Mercedes,3.0,Finished,1,Finished,0,2019,14,Monza,3.0,79.354,0
3.0,HAM,44,Mercedes,2.0,Finished,1,Finished,0,2019,14,Monza,2.0,79.346,0
4.0,RIC,3,Alpine,5.0,Finished,1,Finished,0,2019,14,Monza,5.0,79.833,0
5.0,HUL,27,Alpine,6.0,Finished,1,Finished,0,2019,14,Monza,6.0,80.049,0
6.0,ALB,23,Red Bull Racing,8.0,Finished,1,Finished,0,2019,14,Monza,8.0,80.021,0
7.0,PER,11,Aston Martin,18.0,Finished,1,Finished,0,2019,14,Monza,17.0,81.291,0
8.0,VER,33,Red Bull Racing,19.0,Finished,1,Finished,0,2019,14,Monza,20.0,84.0575,0
9.0,GIO,99,Kick Sauber,10.0,+1 Lap,0,Other,0,2019,14,Monza,11.0,80.517,0
10.0,NOR,4,McLaren,16.0,+1 Lap,0,Other,0,2019,14,Monza,14.0,80.646,0
11.0,GAS,10,Racing Bulls,17.0,+1 Lap,0,Other,0,2019,14,Monza,15.0,80.508,0
12.0,STR,18,Aston Martin,9.0,+1 Lap,0,Other,0,2019,14,Monza,9.0,80.498,0
13.0,VET,5,Ferrari,4.0,+1 Lap,0,Other,0,2019,14,Monza,4.0,79.457,0
14.0,RUS,63,Williams,14.0,+1 Lap,0,Other,0,2019,14,Monza,18.0,81.8,0
15.0,RAI,7,Kick Sauber,21.0,+1 Lap,0,Other,0,2019,14,Monza,10.0,80.515,0
16.0,GRO,8,Haas F1 Team,13.0,+1 Lap,0,Other,0,2019,14,Monza,16.0,80.784,0
17.0,KUB,88,Williams,15.0,+2 Laps,0,Other,0,2019,14,Monza,19.0,82.356,0
18.0,MAG,20,Haas F1 Team,11.0,Hydraulics,0,Other,0,2019,14,Monza,12.0,80.615,0
19.0,KVY,26,Racing Bulls,12.0,Engine,0,Mechanical,0,2019,14,Monza,13.0,80.63,0
20.0,SAI,55,McLaren,7.0,Wheel,0,Other,0,2019,14,Monza,7.0,80.202,0
1.0,VET,5,Ferrari,3.0,Finished,1,Finished,0,2019,15,Singapore,3.0,96.437,0
2.0,LEC,16,Ferrari,1.0,Finished,1,Finished,0,2019,15,Singapore,1.0,96.217,0
3.0,VER,33,Red Bull Racing,4.0,Finished,1,Finished,0,2019,15,Singapore,4.0,96.813,0
4.0,HAM,44,Mercedes,2.0,Finished,1,Finished,0,2019,15,Singapore,2.0,96.408,0
5.0,BOT,77,Mercedes,5.0,Finished,1,Finished,0,2019,15,Singapore,5.0,97.142,0
6.0,ALB,23,Red Bull Racing,6.0,Finished,1,Finished,0,2019,15,Singapore,6.0,97.411,0
7.0,NOR,4,McLaren,9.0,Finished,1,Finished,0,2019,15,Singapore,9.0,97.572,0
8.0,GAS,10,Racing Bulls,11.0,Finished,1,Finished,0,2019,15,Singapore,12.0,98.699,0
9.0,HUL,27,Alpine,8.0,Finished,1,Finished,0,2019,15,Singapore,8.0,98.264,0
10.0,GIO,99,Kick Sauber,10.0,Finished,1,Finished,0,2019,15,Singapore,11.0,98.697,0
11.0,GRO,8,Haas F1 Team,17.0,Finished,1,Finished,0,2019,15,Singapore,17.0,100.277,0
12.0,SAI,55,McLaren,7.0,Finished,1,Finished,0,2019,15,Singapore,7.0,97.818,0
13.0,STR,18,Aston Martin,16.0,Finished,1,Finished,0,2019,15,Singapore,16.0,99.979,0
14.0,RIC,3,Alpine,20.0,Finished,1,Finished,0,2019,15,Singapore,20.0,98.095,0
15.0,KVY,26,Racing Bulls,14.0,Finished,1,Finished,0,2019,15,Singapore,15.0,99.957,0
16.0,KUB,88,Williams,19.0,Finished,1,Finished,0,2019,15,Singapore,19.0,101.186,0
17.0,MAG,20,Haas F1 Team,13.0,Finished,1,Finished,0,2019,15,Singapore,14.0,99.65,0
18.0,RAI,7,Kick Sauber,12.0,Collision,0,Other,0,2019,15,Singapore,13.0,98.858,0
19.0,PER,11,Aston Martin,15.0,Engine,0,Mechanical,0,2019,15,Singapore,10.0,98.62,0
20.0,RUS,63,Williams,18.0,Collision,0,Other,0,2019,15,Singapore,18.0,100.867,0
1.0,HAM,44,Mercedes,2.0,Finished,1,Finished,1,2019,16,Sochi,2.0,92.03,0
2.0,BOT,77,Mercedes,4.0,Finished,1,Finished,1,2019,16,Sochi,5.0,92.632,0
3.0,LEC,16,Ferrari,1.0,Finished,1,Finished,1,2019,16,Sochi,1.0,91.628,0
4.0,VER,33,Red Bull Racing,9.0,Finished,1,Finished,1,2019,16,Sochi,4.0,92.31,0
5.0,ALB,23,Red Bull Racing,21.0,Finished,1,Finished,1,2019,16,Sochi,19.0,99.197,0
6.0,SAI,55,McLaren,5.0,Finished,1,Finished,1,2019,16,Sochi,6.0,93.222,0
7.0,PER,11,Aston Martin,11.0,Finished,1,Finished,1,2019,16,Sochi,12.0,93.958,0
8.0,NOR,4,McLaren,7.0,Finished,1,Finished,1,2019,16,Sochi,8.0,93.301,0
9.0,MAG,20,Haas F1 Team,13.0,Finished,1,Finished,1,2019,16,Sochi,14.0,93.889,0
10.0,HUL,27,Alpine,6.0,Finished,1,Finished,1,2019,16,Sochi,7.0,93.289,0
11.0,STR,18,Aston Martin,14.0,Finished,1,Finished,1,2019,16,Sochi,15.0,94.233,0
12.0,KVY,26,Racing Bulls,19.0,Finished,1,Finished,1,2019,16,Sochi,20.0,84.0575,0
13.0,RAI,7,Kick Sauber,15.0,Finished,1,Finished,1,2019,16,Sochi,16.0,94.84,0
14.0,GAS,10,Racing Bulls,16.0,Finished,1,Finished,1,2019,16,Sochi,11.0,93.95,0
15.0,GIO,99,Kick Sauber,12.0,Finished,1,Finished,1,2019,16,Sochi,13.0,94.037,0
16.0,KUB,88,Williams,18.0,Brakes,0,Other,1,2019,16,Sochi,18.0,96.474,0
17.0,RUS,63,Williams,17.0,Brakes,0,Other,1,2019,16,Sochi,17.0,95.356,0
18.0,VET,5,Ferrari,3.0,Power loss,0,Other,1,2019,16,Sochi,3.0,92.053,0
19.0,RIC,3,Alpine,10.0,Collision,0,Other,1,2019,16,Sochi,10.0,93.661,0
20.0,GRO,8,Haas F1 Team,8.0,Collision,0,Other,1,2019,16,Sochi,9.0,93.517,0
1.0,BOT,77,Mercedes,3.0,Finished,1,Finished,0,2019,17,Suzuka,3.0,87.293,0
2.0,VET,5,Ferrari,1.0,Finished,1,Finished,0,2019,17,Suzuka,1.0,87.064,0
3.0,HAM,44,Mercedes,4.0,Finished,1,Finished,0,2019,17,Suzuka,4.0,87.302,0
4.0,ALB,23,Red Bull Racing,6.0,Finished,1,Finished,0,2019,17,Suzuka,6.0,87.851,0
5.0,SAI,55,McLaren,7.0,Finished,1,Finished,0,2019,17,Suzuka,7.0,88.304,0
6.0,LEC,16,Ferrari,2.0,+1 Lap,0,Other,0,2019,17,Suzuka,2.0,87.253,0
7.0,GAS,10,Racing Bulls,9.0,+1 Lap,0,Other,0,2019,17,Suzuka,9.0,88.779,0
8.0,PER,11,Aston Martin,17.0,+1 Lap,0,Other,0,2019,17,Suzuka,17.0,90.344,0
9.0,STR,18,Aston Martin,12.0,+1 Lap,0,Other,0,2019,17,Suzuka,12.0,89.345,0
10.0,KVY,26,Racing Bulls,14.0,+1 Lap,0,Other,0,2019,17,Suzuka,14.0,89.563,0
11.0,NOR,4,McLaren,8.0,+1 Lap,0,Other,0,2019,17,Suzuka,8.0,88.464,0
12.0,RAI,7,Kick Sauber,13.0,+1 Lap,0,Other,0,2019,17,Suzuka,13.0,89.358,0
13.0,GRO,8,Haas F1 Team,10.0,+1 Lap,0,Other,0,2019,17,Suzuka,10.0,89.144,0
14.0,GIO,99,Kick Sauber,11.0,+1 Lap,0,Other,0,2019,17,Suzuka,11.0,89.254,0
15.0,MAG,20,Haas F1 Team,19.0,+1 Lap,0,Other,0,2019,17,Suzuka,19.0,84.0575,0
16.0,RUS,63,Williams,18.0,+2 Laps,0,Other,0,2019,17,Suzuka,18.0,90.364,0
17.0,KUB,88,Williams,21.0,+2 Laps,0,Other,0,2019,17,Suzuka,20.0,84.0575,0
18.0,VER,33,Red Bull Racing,5.0,Brakes,0,Other,0,2019,17,Suzuka,5.0,87.851,0
19.0,RIC,3,Alpine,16.0,Disqualified,0,Other,0,2019,17,Suzuka,16.0,89.822,0
20.0,HUL,27,Alpine,15.0,Disqualified,0,Other,0,2019,17,Suzuka,15.0,89.619,0
1.0,HAM,44,Mercedes,3.0,Finished,1,Finished,0,2019,18,Mexico City,4.0,75.262,0
2.0,VET,5,Ferrari,2.0,Finished,1,Finished,0,2019,18,Mexico City,3.0,75.17,0
3.0,BOT,77,Mercedes,6.0,Finished,1,Finished,0,2019,18,Mexico City,6.0,75.338,0
4.0,LEC,16,Ferrari,1.0,Finished,1,Finished,0,2019,18,Mexico City,2.0,75.024,0
5.0,ALB,23,Red Bull Racing,5.0,Finished,1,Finished,0,2019,18,Mexico City,5.0,75.336,0
6.0,VER,33,Red Bull Racing,4.0,Finished,1,Finished,0,2019,18,Mexico City,1.0,74.758,0
7.0,PER,11,Aston Martin,11.0,Finished,1,Finished,0,2019,18,Mexico City,11.0,76.687,0
8.0,RIC,3,Alpine,13.0,Finished,1,Finished,0,2019,18,Mexico City,13.0,76.933,0
9.0,GAS,10,Racing Bulls,10.0,+1 Lap,0,Other,0,2019,18,Mexico City,10.0,76.586,0
10.0,HUL,27,Alpine,12.0,+1 Lap,0,Other,0,2019,18,Mexico City,12.0,76.885,0
11.0,KVY,26,Racing Bulls,9.0,+1 Lap,0,Other,0,2019,18,Mexico City,9.0,76.469,0
12.0,STR,18,Aston Martin,16.0,+1 Lap,0,Other,0,2019,18,Mexico City,16.0,78.065,0
13.0,SAI,55,McLaren,7.0,+1 Lap,0,Other,0,2019,18,Mexico City,7.0,76.014,0
14.0,GIO,99,Kick Sauber,15.0,+1 Lap,0,Other,0,2019,18,Mexico City,15.0,77.269,0
15.0,MAG,20,Haas F1 Team,17.0,+2 Laps,0,Other,0,2019,18,Mexico City,17.0,78.436,0
16.0,RUS,63,Williams,19.0,+2 Laps,0,Other,0,2019,18,Mexico City,19.0,78.823,0
17.0,GRO,8,Haas F1 Team,18.0,+2 Laps,0,Other,0,2019,18,Mexico City,18.0,78.599,0
18.0,KUB,88,Williams,20.0,+2 Laps,0,Other,0,2019,18,Mexico City,20.0,80.179,0
19.0,RAI,7,Kick Sauber,14.0,Overheating,0,Other,0,2019,18,Mexico City,14.0,76.967,0
20.0,NOR,4,McLaren,8.0,Withdrew,0,Other,0,2019,18,Mexico City,8.0,76.322,0
1.0,BOT,77,Mercedes,1.0,Finished,1,Finished,0,2019,19,Austin,1.0,92.029,0
2.0,HAM,44,Mercedes,5.0,Finished,1,Finished,0,2019,19,Austin,5.0,92.321,0
3.0,VER,33,Red Bull Racing,3.0,Finished,1,Finished,0,2019,19,Austin,3.0,92.096,0
4.0,LEC,16,Ferrari,4.0,Finished,1,Finished,0,2019,19,Austin,4.0,92.137,0
5.0,ALB,23,Red Bull Racing,6.0,Finished,1,Finished,0,2019,19,Austin,6.0,92.548,0
6.0,RIC,3,Alpine,9.0,Finished,1,Finished,0,2019,19,Austin,9.0,93.488,0
7.0,NOR,4,McLaren,8.0,Finished,1,Finished,0,2019,19,Austin,8.0,93.175,0
8.0,SAI,55,McLaren,7.0,+1 Lap,0,Other,0,2019,19,Austin,7.0,92.847,0
9.0,HUL,27,Alpine,11.0,+1 Lap,0,Other,0,2019,19,Austin,11.0,93.815,0
10.0,PER,11,Aston Martin,21.0,+1 Lap,0,Other,0,2019,19,Austin,19.0,95.808,0
11.0,RAI,7,Kick Sauber,17.0,+1 Lap,0,Other,0,2019,19,Austin,17.0,94.369,0
12.0,KVY,26,Racing Bulls,13.0,+1 Lap,0,Other,0,2019,19,Austin,13.0,93.989,0
13.0,STR,18,Aston Martin,14.0,+1 Lap,0,Other,0,2019,19,Austin,14.0,93.921,0
14.0,GIO,99,Kick Sauber,16.0,+1 Lap,0,Other,0,2019,19,Austin,16.0,94.226,0
15.0,GRO,8,Haas F1 Team,15.0,+1 Lap,0,Other,0,2019,19,Austin,15.0,94.158,0
16.0,GAS,10,Racing Bulls,10.0,Suspension,0,Other,0,2019,19,Austin,10.0,93.556,0
17.0,RUS,63,Williams,18.0,+2 Laps,0,Other,0,2019,19,Austin,18.0,95.372,0
18.0,MAG,20,Haas F1 Team,12.0,Brakes,0,Other,0,2019,19,Austin,12.0,93.812,0
19.0,KUB,88,Williams,19.0,Oil leak,0,Other,0,2019,19,Austin,20.0,95.889,0
20.0,VET,5,Ferrari,2.0,Suspension,0,Other,0,2019,19,Austin,2.0,92.041,0
1.0,VER,33,Red Bull Racing,1.0,Finished,1,Finished,0,2019,20,São Paulo,1.0,67.503,0
2.0,GAS,10,Racing Bulls,6.0,Finished,1,Finished,0,2019,20,São Paulo,7.0,68.77,0
3.0,SAI,55,McLaren,20.0,Finished,1,Finished,0,2019,20,São Paulo,20.0,84.0575,0
4.0,RAI,7,Kick Sauber,8.0,Finished,1,Finished,0,2019,20,São Paulo,9.0,68.858,0
5.0,GIO,99,Kick Sauber,12.0,Finished,1,Finished,0,2019,20,São Paulo,13.0,68.919,0
6.0,RIC,3,Alpine,11.0,Finished,1,Finished,0,2019,20,São Paulo,12.0,68.903,0
7.0,HAM,44,Mercedes,3.0,Finished,1,Finished,0,2019,20,São Paulo,3.0,67.699,0
8.0,NOR,4,McLaren,10.0,Finished,1,Finished,0,2019,20,São Paulo,11.0,68.868,0
9.0,PER,11,Aston Martin,15.0,Finished,1,Finished,0,2019,20,São Paulo,15.0,69.035,0
10.0,KVY,26,Racing Bulls,16.0,Finished,1,Finished,0,2019,20,São Paulo,16.0,69.32,0
11.0,MAG,20,Haas F1 Team,9.0,Finished,1,Finished,0,2019,20,São Paulo,10.0,68.803,0
12.0,RUS,63,Williams,18.0,Finished,1,Finished,0,2019,20,São Paulo,18.0,70.126,0
13.0,GRO,8,Haas F1 Team,7.0,Finished,1,Finished,0,2019,20,São Paulo,8.0,68.705,0
14.0,ALB,23,Red Bull Racing,5.0,Finished,1,Finished,0,2019,20,São Paulo,6.0,67.935,0
15.0,HUL,27,Alpine,13.0,Finished,1,Finished,0,2019,20,São Paulo,14.0,68.921,0
16.0,KUB,88,Williams,19.0,+1 Lap,0,Other,0,2019,20,São Paulo,19.0,70.614,0
17.0,VET,5,Ferrari,2.0,Collision,0,Other,0,2019,20,São Paulo,2.0,67.631,0
18.0,LEC,16,Ferrari,14.0,Collision,0,Other,0,2019,20,São Paulo,4.0,67.728,0
19.0,STR,18,Aston Martin,17.0,Suspension,0,Other,0,2019,20,São Paulo,17.0,69.536,0
20.0,BOT,77,Mercedes,4.0,Power Unit,0,Other,0,2019,20,São Paulo,5.0,67.874,0
1.0,HAM,44,Mercedes,1.0,Finished,1,Finished,0,2019,21,Yas Island,1.0,94.779,0
2.0,VER,33,Red Bull Racing,2.0,Finished,1,Finished,0,2019,21,Yas Island,3.0,95.139,0
3.0,LEC,16,Ferrari,3.0,Finished,1,Finished,0,2019,21,Yas Island,4.0,95.219,0
4.0,BOT,77,Mercedes,20.0,Finished,1,Finished,0,2019,21,Yas Island,2.0,94.973,0
5.0,VET,5,Ferrari,4.0,Finished,1,Finished,0,2019,21,Yas Island,5.0,95.339,0
6.0,ALB,23,Red Bull Racing,5.0,Finished,1,Finished,0,2019,21,Yas Island,6.0,95.682,0
7.0,PER,11,Aston Martin,10.0,+1 Lap,0,Other,0,2019,21,Yas Island,11.0,96.961,0
8.0,NOR,4,McLaren,6.0,+1 Lap,0,Other,0,2019,21,Yas Island,7.0,96.436,0
9.0,KVY,26,Racing Bulls,13.0,+1 Lap,0,Other,0,2019,21,Yas Island,14.0,97.141,0
10.0,SAI,55,McLaren,8.0,+1 Lap,0,Other,0,2019,21,Yas Island,9.0,96.308,0
11.0,RIC,3,Alpine,7.0,+1 Lap,0,Other,0,2019,21,Yas Island,8.0,96.456,0
12.0,HUL,27,Alpine,9.0,+1 Lap,0,Other,0,2019,21,Yas Island,10.0,96.71,0
13.0,RAI,7,Kick Sauber,17.0,+1 Lap,0,Other,0,2019,21,Yas Island,18.0,98.383,0
14.0,MAG,20,Haas F1 Team,14.0,+1 Lap,0,Other,0,2019,21,Yas Island,15.0,97.254,0
15.0,GRO,8,Haas F1 Team,15.0,+1 Lap,0,Other,0,2019,21,Yas Island,16.0,98.051,0
16.0,GIO,99,Kick Sauber,16.0,+1 Lap,0,Other,0,2019,21,Yas Island,17.0,98.114,0
17.0,RUS,63,Williams,18.0,+1 Lap,0,Other,0,2019,21,Yas Island,19.0,98.717,0
18.0,GAS,10,Racing Bulls,11.0,+2 Laps,0,Other,0,2019,21,Yas Island,12.0,97.089,0
19.0,KUB,88,Williams,19.0,+2 Laps,0,Other,0,2019,21,Yas Island,20.0,99.236,0
20.0,STR,18,Aston Martin,12.0,Brakes,0,Other,0,2019,21,Yas Island,13.0,97.103,0
1.0,BOT,77,Mercedes,1.0,Finished,1,Finished,0,2020,1,Spielberg,1.0,62.939,0
2.0,LEC,16,Ferrari,7.0,Finished,1,Finished,0,2020,1,Spielberg,7.0,63.923,0
3.0,NOR,4,McLaren,3.0,Finished,1,Finished,0,2020,1,Spielberg,4.0,63.626,0
4.0,HAM,44,Mercedes,5.0,Finished,1,Finished,0,2020,1,Spielberg,2.0,62.951,0
5.0,SAI,55,McLaren,8.0,Finished,1,Finished,0,2020,1,Spielberg,8.0,63.971,0
6.0,PER,11,Aston Martin,6.0,Finished,1,Finished,0,2020,1,Spielberg,6.0,63.86,0
7.0,GAS,10,Racing Bulls,12.0,Finished,1,Finished,0,2020,1,Spielberg,12.0,64.305,0
8.0,OCO,31,Alpine,14.0,Finished,1,Finished,0,2020,1,Spielberg,14.0,64.643,0
9.0,GIO,99,Kick Sauber,18.0,Finished,1,Finished,0,2020,1,Spielberg,18.0,65.175,0
10.0,VET,5,Ferrari,11.0,Finished,1,Finished,0,2020,1,Spielberg,11.0,64.206,0
11.0,LAT,6,Williams,20.0,Finished,1,Finished,0,2020,1,Spielberg,20.0,65.757,0
12.0,KVY,26,Racing Bulls,13.0,Suspension,0,Other,0,2020,1,Spielberg,13.0,64.431,0
13.0,ALB,23,Red Bull Racing,4.0,Electronics,0,Other,0,2020,1,Spielberg,5.0,63.746,0
14.0,RAI,7,Kick Sauber,19.0,Wheel,0,Other,0,2020,1,Spielberg,19.0,65.224,0
15.0,RUS,63,Williams,17.0,Fuel pressure,0,Other,0,2020,1,Spielberg,17.0,65.167,0
16.0,GRO,8,Haas F1 Team,15.0,Brakes,0,Other,0,2020,1,Spielberg,15.0,64.691,0
17.0,MAG,20,Haas F1 Team,16.0,Brakes,0,Other,0,2020,1,Spielberg,16.0,65.164,0
18.0,STR,18,Aston Martin,9.0,Engine,0,Mechanical,0,2020,1,Spielberg,9.0,63.955,0
19.0,RIC,3,Alpine,10.0,Overheating,0,Other,0,2020,1,Spielberg,10.0,64.023,0
20.0,VER,33,Red Bull Racing,2.0,Electronics,0,Other,0,2020,1,Spielberg,3.0,63.477,0
1.0,HAM,44,Mercedes,1.0,Finished,1,Finished,1,2020,2,Spielberg,1.0,77.825,1
2.0,BOT,77,Mercedes,4.0,Finished,1,Finished,1,2020,2,Spielberg,4.0,78.657,1
3.0,VER,33,Red Bull Racing,2.0,Finished,1,Finished,1,2020,2,Spielberg,2.0,77.938,1
4.0,ALB,23,Red Bull Racing,6.0,Finished,1,Finished,1,2020,2,Spielberg,7.0,79.014,1
5.0,NOR,4,McLaren,9.0,Finished,1,Finished,1,2020,2,Spielberg,6.0,78.448,1
6.0,PER,11,Aston Martin,17.0,Finished,1,Finished,1,2020,2,Spielberg,17.0,81.607,1
7.0,STR,18,Aston Martin,12.0,Finished,1,Finished,1,2020,2,Spielberg,13.0,79.645,1
8.0,RIC,3,Alpine,8.0,Finished,1,Finished,1,2020,2,Spielberg,9.0,79.229,1
9.0,SAI,55,McLaren,3.0,+1 Lap,0,Other,1,2020,2,Spielberg,3.0,78.59,1
10.0,KVY,26,Racing Bulls,13.0,+1 Lap,0,Other,1,2020,2,Spielberg,14.0,79.717,1
11.0,RAI,7,Kick Sauber,16.0,+1 Lap,0,Other,1,2020,2,Spielberg,16.0,81.372,1
12.0,MAG,20,Haas F1 Team,15.0,+1 Lap,0,Other,1,2020,2,Spielberg,15.0,80.211,1
13.0,GRO,8,Haas F1 Team,21.0,+1 Lap,0,Other,1,2020,2,Spielberg,20.0,84.0575,1
14.0,GIO,99,Kick Sauber,19.0,+1 Lap,0,Other,1,2020,2,Spielberg,19.0,81.831,1
15.0,GAS,10,Racing Bulls,7.0,+1 Lap,0,Other,1,2020,2,Spielberg,8.0,78.744,1
16.0,RUS,63,Williams,11.0,+2 Laps,0,Other,1,2020,2,Spielberg,12.0,79.636,1
17.0,LAT,6,Williams,18.0,+2 Laps,0,Other,1,2020,2,Spielberg,18.0,81.759,1
18.0,OCO,31,Alpine,5.0,Overheating,0,Other,1,2020,2,Spielberg,5.0,78.764,1
19.0,LEC,16,Ferrari,14.0,Collision damage,0,Other,1,2020,2,Spielberg,11.0,79.628,1
20.0,VET,5,Ferrari,10.0,Collision damage,0,Other,1,2020,2,Spielberg,10.0,79.545,1
1.0,HAM,44,Mercedes,1.0,Finished,1,Finished,1,2020,3,Budapest,1.0,73.447,0
2.0,VER,33,Red Bull Racing,7.0,Finished,1,Finished,1,2020,3,Budapest,7.0,74.849,0
3.0,BOT,77,Mercedes,2.0,Finished,1,Finished,1,2020,3,Budapest,2.0,73.554,0
4.0,STR,18,Aston Martin,3.0,Finished,1,Finished,1,2020,3,Budapest,3.0,74.377,0
5.0,ALB,23,Red Bull Racing,13.0,Finished,1,Finished,1,2020,3,Budapest,13.0,75.715,0
6.0,VET,5,Ferrari,5.0,+1 Lap,0,Other,1,2020,3,Budapest,5.0,74.774,0
7.0,PER,11,Aston Martin,4.0,+1 Lap,0,Other,1,2020,3,Budapest,4.0,74.545,0
8.0,RIC,3,Alpine,11.0,+1 Lap,0,Other,1,2020,3,Budapest,11.0,75.661,0
9.0,SAI,55,McLaren,9.0,+1 Lap,0,Other,1,2020,3,Budapest,9.0,75.027,0
10.0,MAG,20,Haas F1 Team,21.0,+1 Lap,0,Other,1,2020,3,Budapest,16.0,76.152,0
11.0,LEC,16,Ferrari,6.0,+1 Lap,0,Other,1,2020,3,Budapest,6.0,74.817,0
12.0,KVY,26,Racing Bulls,17.0,+1 Lap,0,Other,1,2020,3,Budapest,17.0,76.204,0
13.0,NOR,4,McLaren,8.0,+1 Lap,0,Other,1,2020,3,Budapest,8.0,74.966,0
14.0,OCO,31,Alpine,14.0,+1 Lap,0,Other,1,2020,3,Budapest,14.0,75.719,0
15.0,RAI,7,Kick Sauber,20.0,+1 Lap,0,Other,1,2020,3,Budapest,20.0,76.614,0
16.0,GRO,8,Haas F1 Team,21.0,+1 Lap,0,Other,1,2020,3,Budapest,18.0,76.407,0
17.0,GIO,99,Kick Sauber,19.0,+1 Lap,0,Other,1,2020,3,Budapest,19.0,76.506,0
18.0,RUS,63,Williams,12.0,+1 Lap,0,Other,1,2020,3,Budapest,12.0,75.585,0
19.0,LAT,6,Williams,15.0,+5 Laps,0,Other,1,2020,3,Budapest,15.0,76.105,0
20.0,GAS,10,Racing Bulls,10.0,Engine,0,Mechanical,1,2020,3,Budapest,10.0,75.508,0
1.0,HAM,44,Mercedes,1.0,Finished,1,Finished,0,2020,4,Silverstone,1.0,84.303,0
2.0,VER,33,Red Bull Racing,3.0,Finished,1,Finished,0,2020,4,Silverstone,3.0,85.325,0
3.0,LEC,16,Ferrari,4.0,Finished,1,Finished,0,2020,4,Silverstone,4.0,85.427,0
4.0,RIC,3,Alpine,8.0,Finished,1,Finished,0,2020,4,Silverstone,8.0,86.009,0
5.0,NOR,4,McLaren,5.0,Finished,1,Finished,0,2020,4,Silverstone,5.0,85.782,0
6.0,OCO,31,Alpine,9.0,Finished,1,Finished,0,2020,4,Silverstone,9.0,86.209,0
7.0,GAS,10,Racing Bulls,11.0,Finished,1,Finished,0,2020,4,Silverstone,11.0,86.343,0
8.0,ALB,23,Red Bull Racing,12.0,Finished,1,Finished,0,2020,4,Silverstone,12.0,86.545,0
9.0,STR,18,Aston Martin,6.0,Finished,1,Finished,0,2020,4,Silverstone,6.0,85.839,0
10.0,VET,5,Ferrari,10.0,Finished,1,Finished,0,2020,4,Silverstone,10.0,86.339,0
11.0,BOT,77,Mercedes,2.0,Finished,1,Finished,0,2020,4,Silverstone,2.0,84.616,0
12.0,RUS,63,Williams,20.0,Finished,1,Finished,0,2020,4,Silverstone,15.0,86.732,0
13.0,SAI,55,McLaren,7.0,Finished,1,Finished,0,2020,4,Silverstone,7.0,85.965,0
14.0,GIO,99,Kick Sauber,15.0,Finished,1,Finished,0,2020,4,Silverstone,17.0,87.164,0
15.0,LAT,6,Williams,18.0,Finished,1,Finished,0,2020,4,Silverstone,20.0,87.705,0
16.0,GRO,8,Haas F1 Team,17.0,Finished,1,Finished,0,2020,4,Silverstone,19.0,87.643,0
17.0,RAI,7,Kick Sauber,16.0,+1 Lap,0,Other,0,2020,4,Silverstone,18.0,87.366,0
18.0,KVY,26,Racing Bulls,19.0,Accident,0,Crash,0,2020,4,Silverstone,14.0,86.744,0
19.0,MAG,20,Haas F1 Team,14.0,Collision,0,Other,0,2020,4,Silverstone,16.0,87.158,0
20.0,HUL,27,Aston Martin,13.0,Power Unit,0,Other,0,2020,4,Silverstone,13.0,86.327,0
1.0,VER,33,Red Bull Racing,4.0,Finished,1,Finished,0,2020,5,Silverstone,4.0,86.176,0
2.0,HAM,44,Mercedes,2.0,Finished,1,Finished,0,2020,5,Silverstone,2.0,85.217,0
3.0,BOT,77,Mercedes,1.0,Finished,1,Finished,0,2020,5,Silverstone,1.0,85.154,0
4.0,LEC,16,Ferrari,8.0,Finished,1,Finished,0,2020,5,Silverstone,8.0,86.614,0
5.0,ALB,23,Red Bull Racing,9.0,Finished,1,Finished,0,2020,5,Silverstone,9.0,86.642,0
6.0,STR,18,Aston Martin,6.0,Finished,1,Finished,0,2020,5,Silverstone,6.0,86.428,0
7.0,HUL,27,Aston Martin,3.0,Finished,1,Finished,0,2020,5,Silverstone,3.0,86.082,0
8.0,OCO,31,Alpine,14.0,Finished,1,Finished,0,2020,5,Silverstone,11.0,87.011,0
9.0,NOR,4,McLaren,10.0,Finished,1,Finished,0,2020,5,Silverstone,10.0,86.778,0
10.0,KVY,26,Racing Bulls,16.0,Finished,1,Finished,0,2020,5,Silverstone,16.0,87.882,0
11.0,GAS,10,Racing Bulls,7.0,Finished,1,Finished,0,2020,5,Silverstone,7.0,86.523,0
12.0,VET,5,Ferrari,11.0,Finished,1,Finished,0,2020,5,Silverstone,12.0,87.078,0
13.0,SAI,55,McLaren,12.0,Finished,1,Finished,0,2020,5,Silverstone,13.0,87.083,0
14.0,RIC,3,Alpine,5.0,+1 Lap,0,Other,0,2020,5,Silverstone,5.0,86.297,0
15.0,RAI,7,Kick Sauber,20.0,+1 Lap,0,Other,0,2020,5,Silverstone,20.0,88.493,0
16.0,GRO,8,Haas F1 Team,13.0,+1 Lap,0,Other,0,2020,5,Silverstone,14.0,87.254,0
17.0,GIO,99,Kick Sauber,19.0,+1 Lap,0,Other,0,2020,5,Silverstone,19.0,88.433,0
18.0,RUS,63,Williams,15.0,+1 Lap,0,Other,0,2020,5,Silverstone,15.0,87.455,0
19.0,LAT,6,Williams,18.0,+1 Lap,0,Other,0,2020,5,Silverstone,18.0,88.43,0
20.0,MAG,20,Haas F1 Team,17.0,Retired,0,Other,0,2020,5,Silverstone,17.0,88.236,0
1.0,HAM,44,Mercedes,1.0,Finished,1,Finished,0,2020,6,Barcelona,1.0,75.584,0
2.0,VER,33,Red Bull Racing,3.0,Finished,1,Finished,0,2020,6,Barcelona,3.0,76.292,0
3.0,BOT,77,Mercedes,2.0,Finished,1,Finished,0,2020,6,Barcelona,2.0,75.643,0
4.0,STR,18,Aston Martin,5.0,+1 Lap,0,Other,0,2020,6,Barcelona,5.0,76.589,0
5.0,PER,11,Aston Martin,4.0,+1 Lap,0,Other,0,2020,6,Barcelona,4.0,76.482,0
6.0,SAI,55,McLaren,7.0,+1 Lap,0,Other,0,2020,6,Barcelona,7.0,76.876,0
7.0,VET,5,Ferrari,11.0,+1 Lap,0,Other,0,2020,6,Barcelona,11.0,77.168,0
8.0,ALB,23,Red Bull Racing,6.0,+1 Lap,0,Other,0,2020,6,Barcelona,6.0,77.029,0
9.0,GAS,10,Racing Bulls,10.0,+1 Lap,0,Other,0,2020,6,Barcelona,10.0,76.8,0
10.0,NOR,4,McLaren,8.0,+1 Lap,0,Other,0,2020,6,Barcelona,8.0,77.084,0
11.0,RIC,3,Alpine,13.0,+1 Lap,0,Other,0,2020,6,Barcelona,13.0,77.198,0
12.0,KVY,26,Racing Bulls,12.0,+1 Lap,0,Other,0,2020,6,Barcelona,12.0,77.192,0
13.0,OCO,31,Alpine,15.0,+1 Lap,0,Other,0,2020,6,Barcelona,15.0,77.567,0
14.0,RAI,7,Kick Sauber,14.0,+1 Lap,0,Other,0,2020,6,Barcelona,14.0,77.386,0
15.0,MAG,20,Haas F1 Team,16.0,+1 Lap,0,Other,0,2020,6,Barcelona,16.0,77.908,0
16.0,GIO,99,Kick Sauber,20.0,+1 Lap,0,Other,0,2020,6,Barcelona,20.0,78.697,0
17.0,RUS,63,Williams,18.0,+1 Lap,0,Other,0,2020,6,Barcelona,18.0,78.099,0
18.0,LAT,6,Williams,19.0,+2 Laps,0,Other,0,2020,6,Barcelona,19.0,78.532,0
19.0,GRO,8,Haas F1 Team,17.0,+2 Laps,0,Other,0,2020,6,Barcelona,17.0,78.089,0
20.0,LEC,16,Ferrari,9.0,Electronics,0,Other,0,2020,6,Barcelona,9.0,76.953,0
1.0,HAM,44,Mercedes,1.0,Finished,1,Finished,0,2020,7,Spa-Francorchamps,1.0,101.252,0
2.0,BOT,77,Mercedes,2.0,Finished,1,Finished,0,2020,7,Spa-Francorchamps,2.0,101.763,0
3.0,VER,33,Red Bull Racing,3.0,Finished,1,Finished,0,2020,7,Spa-Francorchamps,3.0,101.778,0
4.0,RIC,3,Alpine,4.0,Finished,1,Finished,0,2020,7,Spa-Francorchamps,4.0,102.061,0
5.0,OCO,31,Alpine,6.0,Finished,1,Finished,0,2020,7,Spa-Francorchamps,6.0,102.396,0
6.0,ALB,23,Red Bull Racing,5.0,Finished,1,Finished,0,2020,7,Spa-Francorchamps,5.0,102.193,0
7.0,NOR,4,McLaren,10.0,Finished,1,Finished,0,2020,7,Spa-Francorchamps,10.0,102.657,0
8.0,GAS,10,Racing Bulls,12.0,Finished,1,Finished,0,2020,7,Spa-Francorchamps,12.0,102.745,0
9.0,STR,18,Aston Martin,9.0,Finished,1,Finished,0,2020,7,Spa-Francorchamps,9.0,102.491,0
10.0,PER,11,Aston Martin,8.0,Finished,1,Finished,0,2020,7,Spa-Francorchamps,8.0,102.532,0
11.0,KVY,26,Racing Bulls,11.0,Finished,1,Finished,0,2020,7,Spa-Francorchamps,11.0,102.73,0
12.0,RAI,7,Kick Sauber,16.0,Finished,1,Finished,0,2020,7,Spa-Francorchamps,16.0,103.743,0
13.0,VET,5,Ferrari,14.0,Finished,1,Finished,0,2020,7,Spa-Francorchamps,14.0,103.261,0
14.0,LEC,16,Ferrari,13.0,Finished,1,Finished,0,2020,7,Spa-Francorchamps,13.0,102.996,0
15.0,GRO,8,Haas F1 Team,17.0,Finished,1,Finished,0,2020,7,Spa-Francorchamps,17.0,103.838,0
16.0,LAT,6,Williams,19.0,Finished,1,Finished,0,2020,7,Spa-Francorchamps,19.0,104.138,0
17.0,MAG,20,Haas F1 Team,20.0,Finished,1,Finished,0,2020,7,Spa-Francorchamps,20.0,104.314,0
18.0,GIO,99,Kick Sauber,18.0,Accident,0,Crash,0,2020,7,Spa-Francorchamps,18.0,103.95,0
19.0,RUS,63,Williams,15.0,Debris,0,Other,0,2020,7,Spa-Francorchamps,15.0,103.468,0
20.0,SAI,55,McLaren,7.0,Exhaust,0,Other,0,2020,7,Spa-Francorchamps,7.0,102.438,0
1.0,GAS,10,Racing Bulls,10.0,Finished,1,Finished,0,2020,8,Monza,10.0,79.909,0
2.0,SAI,55,McLaren,3.0,Finished,1,Finished,0,2020,8,Monza,3.0,79.695,0
3.0,STR,18,Aston Martin,8.0,Finished,1,Finished,0,2020,8,Monza,8.0,79.924,0
4.0,NOR,4,McLaren,6.0,Finished,1,Finished,0,2020,8,Monza,6.0,79.82,0
5.0,BOT,77,Mercedes,2.0,Finished,1,Finished,0,2020,8,Monza,2.0,78.952,0
6.0,RIC,3,Alpine,7.0,Finished,1,Finished,0,2020,8,Monza,7.0,79.864,0
7.0,HAM,44,Mercedes,1.0,Finished,1,Finished,0,2020,8,Monza,1.0,78.887,0
8.0,OCO,31,Alpine,12.0,Finished,1,Finished,0,2020,8,Monza,12.0,80.234,0
9.0,KVY,26,Racing Bulls,11.0,Finished,1,Finished,0,2020,8,Monza,11.0,80.169,0
10.0,PER,11,Aston Martin,4.0,Finished,1,Finished,0,2020,8,Monza,4.0,79.718,0
11.0,LAT,6,Williams,20.0,Finished,1,Finished,0,2020,8,Monza,20.0,81.717,0
12.0,GRO,8,Haas F1 Team,16.0,Finished,1,Finished,0,2020,8,Monza,16.0,81.139,0
13.0,RAI,7,Kick Sauber,14.0,Finished,1,Finished,0,2020,8,Monza,14.0,80.926,0
14.0,RUS,63,Williams,19.0,Finished,1,Finished,0,2020,8,Monza,19.0,81.587,0
15.0,ALB,23,Red Bull Racing,9.0,Finished,1,Finished,0,2020,8,Monza,9.0,80.064,0
16.0,GIO,99,Kick Sauber,18.0,Finished,1,Finished,0,2020,8,Monza,18.0,81.206,0
17.0,VER,33,Red Bull Racing,5.0,Power Unit,0,Other,0,2020,8,Monza,5.0,79.78,0
18.0,LEC,16,Ferrari,13.0,Accident,0,Crash,0,2020,8,Monza,13.0,80.273,0
19.0,MAG,20,Haas F1 Team,15.0,Power Unit,0,Other,0,2020,8,Monza,15.0,80.869,0
20.0,VET,5,Ferrari,17.0,Brakes,0,Other,0,2020,8,Monza,17.0,81.151,0
1.0,HAM,44,Mercedes,1.0,Finished,1,Finished,0,2020,9,Mugello,1.0,75.144,0
2.0,BOT,77,Mercedes,2.0,Finished,1,Finished,0,2020,9,Mugello,2.0,75.203,0
3.0,ALB,23,Red Bull Racing,4.0,Finished,1,Finished,0,2020,9,Mugello,4.0,75.914,0
4.0,RIC,3,Alpine,8.0,Finished,1,Finished,0,2020,9,Mugello,8.0,76.243,0
5.0,PER,11,Aston Martin,7.0,Finished,1,Finished,0,2020,9,Mugello,6.0,76.311,0
6.0,NOR,4,McLaren,11.0,Finished,1,Finished,0,2020,9,Mugello,11.0,76.64,0
7.0,KVY,26,Racing Bulls,12.0,Finished,1,Finished,0,2020,9,Mugello,12.0,76.854,0
8.0,LEC,16,Ferrari,5.0,Finished,1,Finished,0,2020,9,Mugello,5.0,76.27,0
9.0,RAI,7,Kick Sauber,13.0,Finished,1,Finished,0,2020,9,Mugello,13.0,76.854,0
10.0,VET,5,Ferrari,14.0,Finished,1,Finished,0,2020,9,Mugello,14.0,76.858,0
11.0,RUS,63,Williams,18.0,Finished,1,Finished,0,2020,9,Mugello,18.0,77.232,0
12.0,GRO,8,Haas F1 Team,15.0,Finished,1,Finished,0,2020,9,Mugello,15.0,77.069,0
13.0,STR,18,Aston Martin,6.0,Puncture,0,Other,0,2020,9,Mugello,7.0,76.271,0
14.0,OCO,31,Alpine,10.0,Brakes,0,Other,0,2020,9,Mugello,10.0,76.297,0
15.0,LAT,6,Williams,19.0,Collision,0,Other,0,2020,9,Mugello,19.0,77.32,0
16.0,MAG,20,Haas F1 Team,20.0,Collision,0,Other,0,2020,9,Mugello,20.0,77.348,0
17.0,GIO,99,Kick Sauber,17.0,Collision,0,Other,0,2020,9,Mugello,17.0,77.22,0
18.0,SAI,55,McLaren,9.0,Collision,0,Other,0,2020,9,Mugello,9.0,76.522,0
19.0,VER,33,Red Bull Racing,3.0,Collision,0,Other,0,2020,9,Mugello,3.0,75.471,0
20.0,GAS,10,Racing Bulls,16.0,Collision,0,Other,0,2020,9,Mugello,16.0,77.125,0
1.0,BOT,77,Mercedes,3.0,Finished,1,Finished,0,2020,10,Sochi,3.0,91.956,0
2.0,VER,33,Red Bull Racing,2.0,Finished,1,Finished,0,2020,10,Sochi,2.0,91.867,0
3.0,HAM,44,Mercedes,1.0,Finished,1,Finished,0,2020,10,Sochi,1.0,91.304,0
4.0,PER,11,Aston Martin,4.0,Finished,1,Finished,0,2020,10,Sochi,4.0,92.317,0
5.0,RIC,3,Alpine,5.0,Finished,1,Finished,0,2020,10,Sochi,5.0,92.218,0
6.0,LEC,16,Ferrari,10.0,Finished,1,Finished,0,2020,10,Sochi,11.0,93.239,0
7.0,OCO,31,Alpine,7.0,Finished,1,Finished,0,2020,10,Sochi,7.0,92.624,0
8.0,KVY,26,Racing Bulls,11.0,Finished,1,Finished,0,2020,10,Sochi,12.0,93.249,0
9.0,GAS,10,Racing Bulls,9.0,Finished,1,Finished,0,2020,10,Sochi,9.0,93.0,0
10.0,ALB,23,Red Bull Racing,15.0,Finished,1,Finished,0,2020,10,Sochi,10.0,93.008,0
11.0,GIO,99,Kick Sauber,17.0,+1 Lap,0,Other,0,2020,10,Sochi,17.0,94.594,0
12.0,MAG,20,Haas F1 Team,18.0,+1 Lap,0,Other,0,2020,10,Sochi,18.0,94.681,0
13.0,VET,5,Ferrari,14.0,+1 Lap,0,Other,0,2020,10,Sochi,15.0,93.609,0
14.0,RAI,7,Kick Sauber,19.0,+1 Lap,0,Other,0,2020,10,Sochi,20.0,95.267,0
15.0,NOR,4,McLaren,8.0,+1 Lap,0,Other,0,2020,10,Sochi,8.0,92.847,0
16.0,LAT,6,Williams,20.0,+1 Lap,0,Other,0,2020,10,Sochi,19.0,95.066,0
17.0,GRO,8,Haas F1 Team,16.0,+1 Lap,0,Other,0,2020,10,Sochi,16.0,94.592,0
18.0,RUS,63,Williams,13.0,+1 Lap,0,Other,0,2020,10,Sochi,14.0,93.583,0
19.0,SAI,55,McLaren,6.0,Accident,0,Crash,0,2020,10,Sochi,6.0,92.55,0
20.0,STR,18,Aston Martin,12.0,Collision,0,Other,0,2020,10,Sochi,13.0,93.364,0
1.0,HAM,44,Mercedes,2.0,Finished,1,Finished,1,2020,11,Nürburgring,2.0,85.39,0
2.0,VER,33,Red Bull Racing,3.0,Finished,1,Finished,1,2020,11,Nürburgring,3.0,85.467,0
3.0,RIC,3,Alpine,6.0,Finished,1,Finished,1,2020,11,Nürburgring,6.0,86.096,0
4.0,PER,11,Aston Martin,9.0,Finished,1,Finished,1,2020,11,Nürburgring,9.0,86.33,0
5.0,SAI,55,McLaren,10.0,Finished,1,Finished,1,2020,11,Nürburgring,10.0,86.361,0
6.0,GAS,10,Racing Bulls,12.0,Finished,1,Finished,1,2020,11,Nürburgring,12.0,86.776,0
7.0,LEC,16,Ferrari,4.0,Finished,1,Finished,1,2020,11,Nürburgring,4.0,86.035,0
8.0,HUL,27,Aston Martin,20.0,Finished,1,Finished,1,2020,11,Nürburgring,20.0,88.021,0
9.0,GRO,8,Haas F1 Team,16.0,Finished,1,Finished,1,2020,11,Nürburgring,16.0,87.552,0
10.0,GIO,99,Kick Sauber,14.0,Finished,1,Finished,1,2020,11,Nürburgring,14.0,86.936,0
11.0,VET,5,Ferrari,11.0,Finished,1,Finished,1,2020,11,Nürburgring,11.0,86.738,0
12.0,RAI,7,Kick Sauber,19.0,Finished,1,Finished,1,2020,11,Nürburgring,19.0,87.817,0
13.0,MAG,20,Haas F1 Team,15.0,Finished,1,Finished,1,2020,11,Nürburgring,15.0,87.125,0
14.0,LAT,6,Williams,18.0,Finished,1,Finished,1,2020,11,Nürburgring,18.0,87.812,0
15.0,KVY,26,Racing Bulls,13.0,Finished,1,Finished,1,2020,11,Nürburgring,13.0,86.848,0
16.0,NOR,4,McLaren,8.0,Power Unit,0,Other,1,2020,11,Nürburgring,8.0,86.316,0
17.0,ALB,23,Red Bull Racing,5.0,Radiator,0,Other,1,2020,11,Nürburgring,5.0,86.047,0
18.0,OCO,31,Alpine,7.0,Gearbox,0,Mechanical,1,2020,11,Nürburgring,7.0,86.242,0
19.0,BOT,77,Mercedes,1.0,Power Unit,0,Other,1,2020,11,Nürburgring,1.0,85.269,0
20.0,RUS,63,Williams,17.0,Collision,0,Other,1,2020,11,Nürburgring,17.0,87.564,0
1.0,HAM,44,Mercedes,1.0,Finished,1,Finished,0,2020,12,Portimão,1.0,76.652,0
2.0,BOT,77,Mercedes,2.0,Finished,1,Finished,0,2020,12,Portimão,2.0,76.466,0
3.0,VER,33,Red Bull Racing,3.0,Finished,1,Finished,0,2020,12,Portimão,3.0,76.879,0
4.0,LEC,16,Ferrari,4.0,Finished,1,Finished,0,2020,12,Portimão,4.0,77.09,0
5.0,GAS,10,Racing Bulls,9.0,+1 Lap,0,Other,0,2020,12,Portimão,9.0,77.209,0
6.0,SAI,55,McLaren,7.0,+1 Lap,0,Other,0,2020,12,Portimão,7.0,77.183,0
7.0,PER,11,Aston Martin,5.0,+1 Lap,0,Other,0,2020,12,Portimão,5.0,77.129,0
8.0,OCO,31,Alpine,11.0,+1 Lap,0,Other,0,2020,12,Portimão,11.0,77.614,0
9.0,RIC,3,Alpine,10.0,+1 Lap,0,Other,0,2020,12,Portimão,10.0,77.481,0
10.0,VET,5,Ferrari,15.0,+1 Lap,0,Other,0,2020,12,Portimão,15.0,77.446,0
11.0,RAI,7,Kick Sauber,16.0,+1 Lap,0,Other,0,2020,12,Portimão,16.0,78.201,0
12.0,ALB,23,Red Bull Racing,6.0,+1 Lap,0,Other,0,2020,12,Portimão,6.0,77.411,0
13.0,NOR,4,McLaren,8.0,+1 Lap,0,Other,0,2020,12,Portimão,8.0,77.321,0
14.0,RUS,63,Williams,14.0,+1 Lap,0,Other,0,2020,12,Portimão,14.0,77.788,0
15.0,GIO,99,Kick Sauber,17.0,+1 Lap,0,Other,0,2020,12,Portimão,17.0,78.323,0
16.0,MAG,20,Haas F1 Team,19.0,+1 Lap,0,Other,0,2020,12,Portimão,19.0,78.508,0
17.0,GRO,8,Haas F1 Team,18.0,+1 Lap,0,Other,0,2020,12,Portimão,18.0,78.364,0
18.0,LAT,6,Williams,20.0,+2 Laps,0,Other,0,2020,12,Portimão,20.0,78.777,0
19.0,KVY,26,Racing Bulls,13.0,+2 Laps,0,Other,0,2020,12,Portimão,13.0,77.728,0
20.0,STR,18,Aston Martin,12.0,Collision damage,0,Other,0,2020,12,Portimão,12.0,77.626,0
1.0,HAM,44,Mercedes,2.0,Finished,1,Finished,0,2020,13,Imola,2.0,73.706,0
2.0,BOT,77,Mercedes,1.0,Finished,1,Finished,0,2020,13,Imola,1.0,73.609,0
3.0,RIC,3,Alpine,5.0,Finished,1,Finished,0,2020,13,Imola,5.0,74.52,0
4.0,KVY,26,Racing Bulls,8.0,Finished,1,Finished,0,2020,13,Imola,8.0,74.696,0
5.0,LEC,16,Ferrari,7.0,Finished,1,Finished,0,2020,13,Imola,7.0,74.616,0
6.0,PER,11,Aston Martin,11.0,Finished,1,Finished,0,2020,13,Imola,11.0,75.061,0
7.0,SAI,55,McLaren,10.0,Finished,1,Finished,0,2020,13,Imola,10.0,74.911,0
8.0,NOR,4,McLaren,9.0,Finished,1,Finished,0,2020,13,Imola,9.0,74.814,0
9.0,RAI,7,Kick Sauber,18.0,Finished,1,Finished,0,2020,13,Imola,18.0,75.953,0
10.0,GIO,99,Kick Sauber,20.0,Finished,1,Finished,0,2020,13,Imola,20.0,76.208,0
11.0,LAT,6,Williams,19.0,Finished,1,Finished,0,2020,13,Imola,19.0,75.987,0
12.0,VET,5,Ferrari,14.0,Finished,1,Finished,0,2020,13,Imola,14.0,75.385,0
13.0,STR,18,Aston Martin,15.0,Finished,1,Finished,0,2020,13,Imola,15.0,75.494,0
14.0,GRO,8,Haas F1 Team,16.0,Finished,1,Finished,0,2020,13,Imola,16.0,75.918,0
15.0,ALB,23,Red Bull Racing,6.0,Finished,1,Finished,0,2020,13,Imola,6.0,74.572,0
16.0,RUS,63,Williams,13.0,Accident,0,Crash,0,2020,13,Imola,13.0,75.323,0
17.0,VER,33,Red Bull Racing,3.0,Puncture,0,Other,0,2020,13,Imola,3.0,74.176,0
18.0,MAG,20,Haas F1 Team,17.0,Illness,0,Other,0,2020,13,Imola,17.0,75.939,0
19.0,OCO,31,Alpine,12.0,Gearbox,0,Mechanical,0,2020,13,Imola,12.0,75.201,0
20.0,GAS,10,Racing Bulls,4.0,Water pressure,0,Other,0,2020,13,Imola,4.0,74.502,0
1.0,HAM,44,Mercedes,6.0,Finished,1,Finished,1,2020,14,Istanbul,6.0,112.56,1
2.0,PER,11,Aston Martin,3.0,Finished,1,Finished,1,2020,14,Istanbul,3.0,109.321,1
3.0,VET,5,Ferrari,11.0,Finished,1,Finished,1,2020,14,Istanbul,12.0,115.169,1
4.0,LEC,16,Ferrari,12.0,Finished,1,Finished,1,2020,14,Istanbul,14.0,116.696,1
5.0,SAI,55,McLaren,15.0,Finished,1,Finished,1,2020,14,Istanbul,13.0,115.41,1
6.0,VER,33,Red Bull Racing,2.0,Finished,1,Finished,1,2020,14,Istanbul,2.0,108.055,1
7.0,ALB,23,Red Bull Racing,4.0,Finished,1,Finished,1,2020,14,Istanbul,4.0,110.448,1
8.0,NOR,4,McLaren,14.0,Finished,1,Finished,1,2020,14,Istanbul,11.0,114.945,1
9.0,STR,18,Aston Martin,1.0,Finished,1,Finished,1,2020,14,Istanbul,1.0,107.765,1
10.0,RIC,3,Alpine,5.0,Finished,1,Finished,1,2020,14,Istanbul,5.0,111.595,1
11.0,OCO,31,Alpine,7.0,+1 Lap,0,Other,1,2020,14,Istanbul,7.0,112.622,1
12.0,KVY,26,Racing Bulls,16.0,+1 Lap,0,Other,1,2020,14,Istanbul,17.0,129.07,1
13.0,GAS,10,Racing Bulls,19.0,+1 Lap,0,Other,1,2020,14,Istanbul,15.0,118.556,1
14.0,BOT,77,Mercedes,9.0,+1 Lap,0,Other,1,2020,14,Istanbul,9.0,113.258,1
15.0,RAI,7,Kick Sauber,8.0,+1 Lap,0,Other,1,2020,14,Istanbul,8.0,112.745,1
16.0,RUS,63,Williams,21.0,+1 Lap,0,Other,1,2020,14,Istanbul,18.0,130.017,1
17.0,MAG,20,Haas F1 Team,13.0,Withdrew,0,Other,1,2020,14,Istanbul,16.0,128.007,1
18.0,GRO,8,Haas F1 Team,17.0,Collision damage,0,Other,1,2020,14,Istanbul,19.0,132.909,1
19.0,LAT,6,Williams,21.0,Collision damage,0,Other,1,2020,14,Istanbul,20.0,141.611,1
20.0,GIO,99,Kick Sauber,10.0,Gearbox,0,Mechanical,1,2020,14,Istanbul,10.0,113.431,1
1.0,HAM,44,Mercedes,1.0,Finished,1,Finished,0,2020,15,Sakhir,1.0,87.264,0
2.0,VER,33,Red Bull Racing,3.0,Finished,1,Finished,0,2020,15,Sakhir,3.0,87.678,0
3.0,ALB,23,Red Bull Racing,4.0,Finished,1,Finished,0,2020,15,Sakhir,4.0,88.274,0
4.0,NOR,4,McLaren,9.0,Finished,1,Finished,0,2020,15,Sakhir,9.0,88.542,0
5.0,SAI,55,McLaren,15.0,Finished,1,Finished,0,2020,15,Sakhir,15.0,88.975,0
6.0,GAS,10,Racing Bulls,8.0,Finished,1,Finished,0,2020,15,Sakhir,8.0,88.448,0
7.0,RIC,3,Alpine,6.0,Finished,1,Finished,0,2020,15,Sakhir,6.0,88.417,0
8.0,BOT,77,Mercedes,2.0,Finished,1,Finished,0,2020,15,Sakhir,2.0,87.553,0
9.0,OCO,31,Alpine,7.0,Finished,1,Finished,0,2020,15,Sakhir,7.0,88.419,0
10.0,LEC,16,Ferrari,12.0,+1 Lap,0,Other,0,2020,15,Sakhir,12.0,89.137,0
11.0,KVY,26,Racing Bulls,10.0,+1 Lap,0,Other,0,2020,15,Sakhir,10.0,88.618,0
12.0,RUS,63,Williams,14.0,+1 Lap,0,Other,0,2020,15,Sakhir,14.0,89.294,0
13.0,VET,5,Ferrari,11.0,+1 Lap,0,Other,0,2020,15,Sakhir,11.0,89.142,0
14.0,LAT,6,Williams,20.0,+1 Lap,0,Other,0,2020,15,Sakhir,20.0,90.182,0
15.0,RAI,7,Kick Sauber,17.0,+1 Lap,0,Other,0,2020,15,Sakhir,17.0,89.81,0
16.0,GIO,99,Kick Sauber,16.0,+1 Lap,0,Other,0,2020,15,Sakhir,16.0,89.491,0
17.0,MAG,20,Haas F1 Team,18.0,+1 Lap,0,Other,0,2020,15,Sakhir,18.0,90.111,0
18.0,PER,11,Aston Martin,5.0,Engine,0,Mechanical,0,2020,15,Sakhir,5.0,88.322,0
19.0,STR,18,Aston Martin,13.0,Collision,0,Other,0,2020,15,Sakhir,13.0,88.679,0
20.0,GRO,8,Haas F1 Team,19.0,Collision,0,Other,0,2020,15,Sakhir,19.0,90.138,0
1.0,PER,11,Aston Martin,5.0,Finished,1,Finished,0,2020,16,Sakhir,5.0,53.787,0
2.0,OCO,31,Alpine,11.0,Finished,1,Finished,0,2020,16,Sakhir,11.0,53.995,0
3.0,STR,18,Aston Martin,10.0,Finished,1,Finished,0,2020,16,Sakhir,10.0,53.84,0
4.0,SAI,55,McLaren,8.0,Finished,1,Finished,0,2020,16,Sakhir,8.0,53.818,0
5.0,RIC,3,Alpine,7.0,Finished,1,Finished,0,2020,16,Sakhir,7.0,53.871,0
6.0,ALB,23,Red Bull Racing,12.0,Finished,1,Finished,0,2020,16,Sakhir,12.0,54.026,0
7.0,KVY,26,Racing Bulls,6.0,Finished,1,Finished,0,2020,16,Sakhir,6.0,53.856,0
8.0,BOT,77,Mercedes,1.0,Finished,1,Finished,0,2020,16,Sakhir,1.0,53.377,0
9.0,RUS,63,Mercedes,2.0,Finished,1,Finished,0,2020,16,Sakhir,2.0,53.403,0
10.0,NOR,4,McLaren,19.0,Finished,1,Finished,0,2020,16,Sakhir,15.0,54.194,0
11.0,GAS,10,Racing Bulls,9.0,Finished,1,Finished,0,2020,16,Sakhir,9.0,53.941,0
12.0,VET,5,Ferrari,13.0,Finished,1,Finished,0,2020,16,Sakhir,13.0,54.175,0
13.0,GIO,99,Kick Sauber,14.0,Finished,1,Finished,0,2020,16,Sakhir,14.0,54.377,0
14.0,RAI,7,Kick Sauber,18.0,Finished,1,Finished,0,2020,16,Sakhir,19.0,54.963,0
15.0,MAG,20,Haas F1 Team,15.0,Finished,1,Finished,0,2020,16,Sakhir,16.0,54.705,0
16.0,AIT,89,Williams,17.0,Finished,1,Finished,0,2020,16,Sakhir,18.0,54.892,0
17.0,FIT,51,Haas F1 Team,20.0,Finished,1,Finished,0,2020,16,Sakhir,20.0,55.426,0
18.0,LAT,6,Williams,16.0,Engine,0,Mechanical,0,2020,16,Sakhir,17.0,54.796,0
19.0,VER,33,Red Bull Racing,3.0,Accident,0,Crash,0,2020,16,Sakhir,3.0,53.433,0
20.0,LEC,16,Ferrari,4.0,Collision,0,Other,0,2020,16,Sakhir,4.0,53.613,0
1.0,VER,33,Red Bull Racing,1.0,Finished,1,Finished,0,2020,17,Yas Island,1.0,95.246,0
2.0,BOT,77,Mercedes,2.0,Finished,1,Finished,0,2020,17,Yas Island,2.0,95.271,0
3.0,HAM,44,Mercedes,3.0,Finished,1,Finished,0,2020,17,Yas Island,3.0,95.332,0
4.0,ALB,23,Red Bull Racing,5.0,Finished,1,Finished,0,2020,17,Yas Island,5.0,95.571,0
5.0,NOR,4,McLaren,4.0,Finished,1,Finished,0,2020,17,Yas Island,4.0,95.497,0
6.0,SAI,55,McLaren,6.0,Finished,1,Finished,0,2020,17,Yas Island,6.0,95.815,0
7.0,RIC,3,Alpine,11.0,Finished,1,Finished,0,2020,17,Yas Island,12.0,96.406,0
8.0,GAS,10,Racing Bulls,9.0,Finished,1,Finished,0,2020,17,Yas Island,10.0,96.242,0
9.0,OCO,31,Alpine,10.0,Finished,1,Finished,0,2020,17,Yas Island,11.0,96.359,0
10.0,STR,18,Aston Martin,8.0,Finished,1,Finished,0,2020,17,Yas Island,8.0,96.046,0
11.0,KVY,26,Racing Bulls,7.0,+1 Lap,0,Other,0,2020,17,Yas Island,7.0,95.963,0
12.0,RAI,7,Kick Sauber,15.0,+1 Lap,0,Other,0,2020,17,Yas Island,16.0,97.555,0
13.0,LEC,16,Ferrari,12.0,+1 Lap,0,Other,0,2020,17,Yas Island,9.0,95.881,0
14.0,VET,5,Ferrari,13.0,+1 Lap,0,Other,0,2020,17,Yas Island,13.0,96.631,0
15.0,RUS,63,Williams,16.0,+1 Lap,0,Other,0,2020,17,Yas Island,18.0,98.045,0
16.0,GIO,99,Kick Sauber,14.0,+1 Lap,0,Other,0,2020,17,Yas Island,14.0,97.075,0
17.0,LAT,6,Williams,18.0,+1 Lap,0,Other,0,2020,17,Yas Island,20.0,98.443,0
18.0,MAG,20,Haas F1 Team,20.0,+1 Lap,0,Other,0,2020,17,Yas Island,17.0,97.863,0
19.0,FIT,51,Haas F1 Team,17.0,+2 Laps,0,Other,0,2020,17,Yas Island,19.0,98.173,0
20.0,PER,11,Aston Martin,19.0,Transmission,0,Other,0,2020,17,Yas Island,15.0,96.034,0
1.0,HAM,44,Mercedes,2.0,Finished,1,Finished,0,2021,1,Sakhir,2.0,89.385,0
2.0,VER,33,Red Bull Racing,1.0,Finished,1,Finished,0,2021,1,Sakhir,1.0,88.997,0
3.0,BOT,77,Mercedes,3.0,Finished,1,Finished,0,2021,1,Sakhir,3.0,89.586,0
4.0,NOR,4,McLaren,7.0,Finished,1,Finished,0,2021,1,Sakhir,7.0,89.974,0
5.0,PER,11,Red Bull Racing,21.0,Finished,1,Finished,0,2021,1,Sakhir,11.0,90.659,0
6.0,LEC,16,Ferrari,4.0,Finished,1,Finished,0,2021,1,Sakhir,4.0,89.678,0
7.0,RIC,3,McLaren,6.0,Finished,1,Finished,0,2021,1,Sakhir,6.0,89.927,0
8.0,SAI,55,Ferrari,8.0,Finished,1,Finished,0,2021,1,Sakhir,8.0,90.009,0
9.0,TSU,22,Racing Bulls,13.0,Finished,1,Finished,0,2021,1,Sakhir,13.0,90.607,0
10.0,STR,18,Aston Martin,10.0,Finished,1,Finished,0,2021,1,Sakhir,10.0,90.601,0
11.0,RAI,7,Kick Sauber,14.0,Finished,1,Finished,0,2021,1,Sakhir,14.0,91.238,0
12.0,GIO,99,Kick Sauber,12.0,+1 Lap,0,Other,0,2021,1,Sakhir,12.0,90.708,0
13.0,OCO,31,Alpine,16.0,+1 Lap,0,Other,0,2021,1,Sakhir,16.0,91.724,0
14.0,RUS,63,Williams,15.0,+1 Lap,0,Other,0,2021,1,Sakhir,15.0,91.316,0
15.0,VET,5,Aston Martin,20.0,+1 Lap,0,Other,0,2021,1,Sakhir,18.0,92.056,0
16.0,MSC,47,Haas F1 Team,18.0,+1 Lap,0,Other,0,2021,1,Sakhir,19.0,92.449,0
17.0,GAS,10,Racing Bulls,5.0,Retired,0,Other,0,2021,1,Sakhir,5.0,89.809,0
18.0,LAT,6,Williams,17.0,Retired,0,Other,0,2021,1,Sakhir,17.0,91.936,0
19.0,ALO,14,Alpine,9.0,Brakes,0,Other,0,2021,1,Sakhir,9.0,90.249,0
20.0,MAZ,9,Haas F1 Team,19.0,Accident,0,Crash,0,2021,1,Sakhir,20.0,93.273,0
1.0,VER,33,Red Bull Racing,3.0,Finished,1,Finished,1,2021,2,Imola,3.0,74.498,0
2.0,HAM,44,Mercedes,1.0,Finished,1,Finished,1,2021,2,Imola,1.0,74.411,0
3.0,NOR,4,McLaren,7.0,Finished,1,Finished,1,2021,2,Imola,7.0,74.718,0
4.0,LEC,16,Ferrari,4.0,Finished,1,Finished,1,2021,2,Imola,4.0,74.74,0
5.0,SAI,55,Ferrari,11.0,Finished,1,Finished,1,2021,2,Imola,11.0,75.199,0
6.0,RIC,3,McLaren,6.0,Finished,1,Finished,1,2021,2,Imola,6.0,74.826,0
7.0,GAS,10,Racing Bulls,5.0,Finished,1,Finished,1,2021,2,Imola,5.0,74.79,0
8.0,STR,18,Aston Martin,10.0,Finished,1,Finished,1,2021,2,Imola,10.0,75.138,0
9.0,OCO,31,Alpine,9.0,Finished,1,Finished,1,2021,2,Imola,9.0,75.117,0
10.0,ALO,14,Alpine,15.0,Finished,1,Finished,1,2021,2,Imola,15.0,75.593,0
11.0,PER,11,Red Bull Racing,2.0,Finished,1,Finished,1,2021,2,Imola,2.0,74.446,0
12.0,TSU,22,Racing Bulls,20.0,Finished,1,Finished,1,2021,2,Imola,20.0,84.0575,0
13.0,RAI,7,Kick Sauber,16.0,Finished,1,Finished,1,2021,2,Imola,16.0,75.974,0
14.0,GIO,99,Kick Sauber,17.0,+1 Lap,0,Other,1,2021,2,Imola,17.0,76.122,0
15.0,VET,5,Aston Martin,21.0,Gearbox,0,Mechanical,1,2021,2,Imola,13.0,75.394,0
16.0,MSC,47,Haas F1 Team,18.0,+2 Laps,0,Other,1,2021,2,Imola,18.0,76.279,0
17.0,MAZ,9,Haas F1 Team,19.0,+2 Laps,0,Other,1,2021,2,Imola,19.0,76.797,0
18.0,BOT,77,Mercedes,8.0,Collision,0,Other,1,2021,2,Imola,8.0,74.672,0
19.0,RUS,63,Williams,12.0,Collision,0,Other,1,2021,2,Imola,12.0,75.261,0
20.0,LAT,6,Williams,14.0,Collision,0,Other,1,2021,2,Imola,14.0,75.593,0
1.0,HAM,44,Mercedes,2.0,Finished,1,Finished,0,2021,3,Portimão,2.0,77.968,0
2.0,VER,33,Red Bull Racing,3.0,Finished,1,Finished,0,2021,3,Portimão,3.0,78.65,0
3.0,BOT,77,Mercedes,1.0,Finished,1,Finished,0,2021,3,Portimão,1.0,78.348,0
4.0,PER,11,Red Bull Racing,4.0,Finished,1,Finished,0,2021,3,Portimão,4.0,78.845,0
5.0,NOR,4,McLaren,7.0,Finished,1,Finished,0,2021,3,Portimão,7.0,78.481,0
6.0,LEC,16,Ferrari,8.0,Finished,1,Finished,0,2021,3,Portimão,8.0,78.769,0
7.0,OCO,31,Alpine,6.0,Finished,1,Finished,0,2021,3,Portimão,6.0,78.586,0
8.0,ALO,14,Alpine,13.0,Finished,1,Finished,0,2021,3,Portimão,13.0,79.456,0
9.0,RIC,3,McLaren,16.0,Finished,1,Finished,0,2021,3,Portimão,16.0,79.839,0
10.0,GAS,10,Racing Bulls,9.0,Finished,1,Finished,0,2021,3,Portimão,9.0,79.052,0
11.0,SAI,55,Ferrari,5.0,Finished,1,Finished,0,2021,3,Portimão,5.0,78.813,0
12.0,GIO,99,Kick Sauber,12.0,+1 Lap,0,Other,0,2021,3,Portimão,12.0,79.216,0
13.0,VET,5,Aston Martin,10.0,+1 Lap,0,Other,0,2021,3,Portimão,10.0,78.97,0
14.0,STR,18,Aston Martin,17.0,+1 Lap,0,Other,0,2021,3,Portimão,17.0,79.913,0
15.0,TSU,22,Racing Bulls,14.0,+1 Lap,0,Other,0,2021,3,Portimão,14.0,79.463,0
16.0,RUS,63,Williams,11.0,+1 Lap,0,Other,0,2021,3,Portimão,11.0,79.109,0
17.0,MSC,47,Haas F1 Team,19.0,+2 Laps,0,Other,0,2021,3,Portimão,19.0,80.452,0
18.0,LAT,6,Williams,18.0,+2 Laps,0,Other,0,2021,3,Portimão,18.0,80.285,0
19.0,MAZ,9,Haas F1 Team,20.0,+2 Laps,0,Other,0,2021,3,Portimão,20.0,80.912,0
20.0,RAI,7,Kick Sauber,15.0,Collision damage,0,Other,0,2021,3,Portimão,15.0,79.748,0
1.0,HAM,44,Mercedes,1.0,Finished,1,Finished,0,2021,4,Barcelona,1.0,76.741,0
2.0,VER,33,Red Bull Racing,2.0,Finished,1,Finished,0,2021,4,Barcelona,2.0,76.777,0
3.0,BOT,77,Mercedes,3.0,Finished,1,Finished,0,2021,4,Barcelona,3.0,76.873,0
4.0,LEC,16,Ferrari,4.0,Finished,1,Finished,0,2021,4,Barcelona,4.0,77.51,0
5.0,PER,11,Red Bull Racing,8.0,Finished,1,Finished,0,2021,4,Barcelona,8.0,77.669,0
6.0,RIC,3,McLaren,7.0,Finished,1,Finished,0,2021,4,Barcelona,7.0,77.622,0
7.0,SAI,55,Ferrari,6.0,Finished,1,Finished,0,2021,4,Barcelona,6.0,77.62,0
8.0,NOR,4,McLaren,9.0,+1 Lap,0,Other,0,2021,4,Barcelona,9.0,77.696,0
9.0,OCO,31,Alpine,5.0,+1 Lap,0,Other,0,2021,4,Barcelona,5.0,77.58,0
10.0,GAS,10,Racing Bulls,12.0,+1 Lap,0,Other,0,2021,4,Barcelona,12.0,77.982,0
11.0,STR,18,Aston Martin,11.0,+1 Lap,0,Other,0,2021,4,Barcelona,11.0,77.974,0
12.0,RAI,7,Kick Sauber,17.0,+1 Lap,0,Other,0,2021,4,Barcelona,17.0,78.917,0
13.0,VET,5,Aston Martin,13.0,+1 Lap,0,Other,0,2021,4,Barcelona,13.0,78.079,0
14.0,RUS,63,Williams,15.0,+1 Lap,0,Other,0,2021,4,Barcelona,15.0,78.445,0
15.0,GIO,99,Kick Sauber,14.0,+1 Lap,0,Other,0,2021,4,Barcelona,14.0,78.356,0
16.0,LAT,6,Williams,19.0,+1 Lap,0,Other,0,2021,4,Barcelona,19.0,79.219,0
17.0,ALO,14,Alpine,10.0,+1 Lap,0,Other,0,2021,4,Barcelona,10.0,77.966,0
18.0,MSC,47,Haas F1 Team,18.0,+2 Laps,0,Other,0,2021,4,Barcelona,18.0,79.117,0
19.0,MAZ,9,Haas F1 Team,20.0,+2 Laps,0,Other,0,2021,4,Barcelona,20.0,79.807,0
20.0,TSU,22,Racing Bulls,16.0,Electrical,0,Other,0,2021,4,Barcelona,16.0,78.556,0
1.0,VER,33,Red Bull Racing,2.0,Finished,1,Finished,0,2021,5,Monte Carlo,2.0,70.576,0
2.0,SAI,55,Ferrari,4.0,Finished,1,Finished,0,2021,5,Monte Carlo,4.0,70.611,0
3.0,NOR,4,McLaren,5.0,Finished,1,Finished,0,2021,5,Monte Carlo,5.0,70.62,0
4.0,PER,11,Red Bull Racing,9.0,Finished,1,Finished,0,2021,5,Monte Carlo,9.0,71.019,0
5.0,VET,5,Aston Martin,8.0,Finished,1,Finished,0,2021,5,Monte Carlo,8.0,71.309,0
6.0,GAS,10,Racing Bulls,6.0,Finished,1,Finished,0,2021,5,Monte Carlo,6.0,70.9,0
7.0,HAM,44,Mercedes,7.0,Finished,1,Finished,0,2021,5,Monte Carlo,7.0,71.095,0
8.0,STR,18,Aston Martin,13.0,+1 Lap,0,Other,0,2021,5,Monte Carlo,13.0,71.6,0
9.0,OCO,31,Alpine,11.0,+1 Lap,0,Other,0,2021,5,Monte Carlo,11.0,71.486,0
10.0,GIO,99,Kick Sauber,10.0,+1 Lap,0,Other,0,2021,5,Monte Carlo,10.0,71.409,0
11.0,RAI,7,Kick Sauber,14.0,+1 Lap,0,Other,0,2021,5,Monte Carlo,14.0,71.642,0
12.0,RIC,3,McLaren,12.0,+1 Lap,0,Other,0,2021,5,Monte Carlo,12.0,71.598,0
13.0,ALO,14,Alpine,17.0,+1 Lap,0,Other,0,2021,5,Monte Carlo,17.0,72.205,0
14.0,RUS,63,Williams,15.0,+1 Lap,0,Other,0,2021,5,Monte Carlo,15.0,71.83,0
15.0,LAT,6,Williams,18.0,+1 Lap,0,Other,0,2021,5,Monte Carlo,18.0,72.366,0
16.0,TSU,22,Racing Bulls,16.0,+1 Lap,0,Other,0,2021,5,Monte Carlo,16.0,72.096,0
17.0,MAZ,9,Haas F1 Team,19.0,+3 Laps,0,Other,0,2021,5,Monte Carlo,19.0,72.958,0
19.0,BOT,77,Mercedes,3.0,Wheel nut,0,Other,0,2021,5,Monte Carlo,3.0,70.601,0
20.0,LEC,16,Ferrari,1.0,Driveshaft,0,Other,0,2021,5,Monte Carlo,1.0,70.346,0
1.0,PER,11,Red Bull Racing,6.0,Finished,1,Finished,0,2021,6,Baku,7.0,101.63,0
2.0,VET,5,Aston Martin,11.0,Finished,1,Finished,0,2021,6,Baku,11.0,102.224,0
3.0,GAS,10,Racing Bulls,4.0,Finished,1,Finished,0,2021,6,Baku,4.0,101.565,0
4.0,LEC,16,Ferrari,1.0,Finished,1,Finished,0,2021,6,Baku,1.0,101.218,0
5.0,NOR,4,McLaren,9.0,Finished,1,Finished,0,2021,6,Baku,6.0,101.747,0
6.0,ALO,14,Alpine,8.0,Finished,1,Finished,0,2021,6,Baku,9.0,102.195,0
7.0,TSU,22,Racing Bulls,7.0,Finished,1,Finished,0,2021,6,Baku,8.0,101.654,0
8.0,SAI,55,Ferrari,5.0,Finished,1,Finished,0,2021,6,Baku,5.0,101.576,0
9.0,RIC,3,McLaren,13.0,Finished,1,Finished,0,2021,6,Baku,13.0,102.304,0
10.0,RAI,7,Kick Sauber,14.0,Finished,1,Finished,0,2021,6,Baku,14.0,102.587,0
11.0,GIO,99,Kick Sauber,20.0,Finished,1,Finished,0,2021,6,Baku,20.0,84.0575,0
12.0,BOT,77,Mercedes,10.0,Finished,1,Finished,0,2021,6,Baku,10.0,102.106,0
13.0,MSC,47,Haas F1 Team,17.0,Finished,1,Finished,0,2021,6,Baku,17.0,104.158,0
14.0,MAZ,9,Haas F1 Team,18.0,Finished,1,Finished,0,2021,6,Baku,18.0,104.238,0
15.0,HAM,44,Mercedes,2.0,Finished,1,Finished,0,2021,6,Baku,2.0,101.45,0
16.0,LAT,6,Williams,16.0,Finished,1,Finished,0,2021,6,Baku,16.0,103.128,0
17.0,RUS,63,Williams,15.0,Gearbox,0,Mechanical,0,2021,6,Baku,15.0,102.728,0
18.0,VER,33,Red Bull Racing,3.0,Accident,0,Crash,0,2021,6,Baku,3.0,101.563,0
19.0,STR,18,Aston Martin,19.0,Accident,0,Crash,0,2021,6,Baku,19.0,84.0575,0
20.0,OCO,31,Alpine,12.0,Turbo,0,Other,0,2021,6,Baku,12.0,102.273,0
1.0,VER,33,Red Bull Racing,1.0,Finished,1,Finished,0,2021,7,Le Castellet,1.0,89.99,0
2.0,HAM,44,Mercedes,2.0,Finished,1,Finished,0,2021,7,Le Castellet,2.0,90.248,0
3.0,PER,11,Red Bull Racing,4.0,Finished,1,Finished,0,2021,7,Le Castellet,4.0,90.445,0
4.0,BOT,77,Mercedes,3.0,Finished,1,Finished,0,2021,7,Le Castellet,3.0,90.376,0
5.0,NOR,4,McLaren,8.0,Finished,1,Finished,0,2021,7,Le Castellet,8.0,91.252,0
6.0,RIC,3,McLaren,10.0,Finished,1,Finished,0,2021,7,Le Castellet,10.0,91.382,0
7.0,GAS,10,Racing Bulls,6.0,Finished,1,Finished,0,2021,7,Le Castellet,6.0,90.868,0
8.0,ALO,14,Alpine,9.0,Finished,1,Finished,0,2021,7,Le Castellet,9.0,91.34,0
9.0,VET,5,Aston Martin,12.0,Finished,1,Finished,0,2021,7,Le Castellet,12.0,91.767,0
10.0,STR,18,Aston Martin,19.0,Finished,1,Finished,0,2021,7,Le Castellet,19.0,132.584,0
11.0,SAI,55,Ferrari,5.0,Finished,1,Finished,0,2021,7,Le Castellet,5.0,90.84,0
12.0,RUS,63,Williams,14.0,+1 Lap,0,Other,0,2021,7,Le Castellet,14.0,92.065,0
13.0,TSU,22,Racing Bulls,21.0,+1 Lap,0,Other,0,2021,7,Le Castellet,20.0,84.0575,0
14.0,OCO,31,Alpine,11.0,+1 Lap,0,Other,0,2021,7,Le Castellet,11.0,91.736,0
15.0,GIO,99,Kick Sauber,13.0,+1 Lap,0,Other,0,2021,7,Le Castellet,13.0,91.813,0
16.0,LEC,16,Ferrari,7.0,+1 Lap,0,Other,0,2021,7,Le Castellet,7.0,90.987,0
17.0,RAI,7,Kick Sauber,17.0,+1 Lap,0,Other,0,2021,7,Le Castellet,17.0,93.354,0
18.0,LAT,6,Williams,16.0,+1 Lap,0,Other,0,2021,7,Le Castellet,16.0,93.062,0
19.0,MSC,47,Haas F1 Team,15.0,+1 Lap,0,Other,0,2021,7,Le Castellet,15.0,92.942,0
20.0,MAZ,9,Haas F1 Team,18.0,+1 Lap,0,Other,0,2021,7,Le Castellet,18.0,93.554,0
1.0,VER,33,Red Bull Racing,1.0,Finished,1,Finished,0,2021,8,Spielberg,1.0,63.841,0
2.0,HAM,44,Mercedes,2.0,Finished,1,Finished,0,2021,8,Spielberg,3.0,64.067,0
3.0,BOT,77,Mercedes,5.0,Finished,1,Finished,0,2021,8,Spielberg,2.0,64.035,0
4.0,PER,11,Red Bull Racing,4.0,Finished,1,Finished,0,2021,8,Spielberg,5.0,64.168,0
5.0,NOR,4,McLaren,3.0,+1 Lap,0,Other,0,2021,8,Spielberg,4.0,64.12,0
6.0,SAI,55,Ferrari,12.0,+1 Lap,0,Other,0,2021,8,Spielberg,12.0,64.8,0
7.0,LEC,16,Ferrari,7.0,+1 Lap,0,Other,0,2021,8,Spielberg,7.0,64.472,0
8.0,STR,18,Aston Martin,9.0,+1 Lap,0,Other,0,2021,8,Spielberg,10.0,64.663,0
9.0,ALO,14,Alpine,8.0,+1 Lap,0,Other,0,2021,8,Spielberg,9.0,64.574,0
10.0,TSU,22,Racing Bulls,11.0,+1 Lap,0,Other,0,2021,8,Spielberg,8.0,64.514,0
11.0,RAI,7,Kick Sauber,18.0,+1 Lap,0,Other,0,2021,8,Spielberg,18.0,65.429,0
12.0,VET,5,Aston Martin,14.0,+1 Lap,0,Other,0,2021,8,Spielberg,14.0,64.875,0
13.0,RIC,3,McLaren,13.0,+1 Lap,0,Other,0,2021,8,Spielberg,13.0,64.808,0
14.0,OCO,31,Alpine,17.0,+1 Lap,0,Other,0,2021,8,Spielberg,17.0,65.217,0
15.0,GIO,99,Kick Sauber,15.0,+1 Lap,0,Other,0,2021,8,Spielberg,15.0,64.913,0
16.0,MSC,47,Haas F1 Team,19.0,+2 Laps,0,Other,0,2021,8,Spielberg,19.0,66.041,0
17.0,LAT,6,Williams,16.0,+3 Laps,0,Other,0,2021,8,Spielberg,16.0,65.175,0
18.0,MAZ,9,Haas F1 Team,20.0,+3 Laps,0,Other,0,2021,8,Spielberg,20.0,66.192,0
19.0,RUS,63,Williams,10.0,Engine,0,Mechanical,0,2021,8,Spielberg,11.0,64.671,0
20.0,GAS,10,Racing Bulls,6.0,Collision,0,Other,0,2021,8,Spielberg,6.0,64.236,0
1.0,VER,33,Red Bull Racing,1.0,Finished,1,Finished,1,2021,9,Spielberg,1.0,63.72,0
2.0,BOT,77,Mercedes,5.0,Finished,1,Finished,1,2021,9,Spielberg,5.0,64.049,0
3.0,NOR,4,McLaren,2.0,Finished,1,Finished,1,2021,9,Spielberg,2.0,63.768,0
4.0,HAM,44,Mercedes,4.0,Finished,1,Finished,1,2021,9,Spielberg,4.0,64.014,0
5.0,SAI,55,Ferrari,10.0,Finished,1,Finished,1,2021,9,Spielberg,11.0,64.559,0
6.0,PER,11,Red Bull Racing,3.0,Finished,1,Finished,1,2021,9,Spielberg,3.0,63.99,0
7.0,RIC,3,McLaren,13.0,Finished,1,Finished,1,2021,9,Spielberg,13.0,64.719,0
8.0,LEC,16,Ferrari,12.0,Finished,1,Finished,1,2021,9,Spielberg,12.0,64.6,0
9.0,GAS,10,Racing Bulls,6.0,Finished,1,Finished,1,2021,9,Spielberg,6.0,64.107,0
10.0,ALO,14,Alpine,14.0,+1 Lap,0,Other,1,2021,9,Spielberg,14.0,64.472,0
11.0,RUS,63,Williams,8.0,+1 Lap,0,Other,1,2021,9,Spielberg,9.0,64.553,0
12.0,TSU,22,Racing Bulls,7.0,+1 Lap,0,Other,1,2021,9,Spielberg,7.0,64.273,0
13.0,STR,18,Aston Martin,9.0,+1 Lap,0,Other,1,2021,9,Spielberg,10.0,64.547,0
14.0,GIO,99,Kick Sauber,15.0,+1 Lap,0,Other,1,2021,9,Spielberg,15.0,64.782,0
15.0,RAI,7,Kick Sauber,16.0,+1 Lap,0,Other,1,2021,9,Spielberg,16.0,65.009,0
16.0,LAT,6,Williams,18.0,+1 Lap,0,Other,1,2021,9,Spielberg,18.0,65.195,0
17.0,VET,5,Aston Martin,11.0,Collision,0,Other,1,2021,9,Spielberg,8.0,64.493,0
18.0,MSC,47,Haas F1 Team,19.0,+2 Laps,0,Other,1,2021,9,Spielberg,19.0,65.427,0
19.0,MAZ,9,Haas F1 Team,20.0,+2 Laps,0,Other,1,2021,9,Spielberg,20.0,65.951,0
20.0,OCO,31,Alpine,17.0,Collision,0,Other,1,2021,9,Spielberg,17.0,65.051,0
1.0,HAM,44,Mercedes,2.0,Finished,1,Finished,0,2021,10,Silverstone,1.0,86.023,0
2.0,LEC,16,Ferrari,4.0,Finished,1,Finished,0,2021,10,Silverstone,4.0,86.828,0
3.0,BOT,77,Mercedes,3.0,Finished,1,Finished,0,2021,10,Silverstone,3.0,86.328,0
4.0,NOR,4,McLaren,5.0,Finished,1,Finished,0,2021,10,Silverstone,6.0,86.897,0
5.0,RIC,3,McLaren,6.0,Finished,1,Finished,0,2021,10,Silverstone,7.0,86.899,0
6.0,SAI,55,Ferrari,10.0,Finished,1,Finished,0,2021,10,Silverstone,9.0,86.848,0
7.0,ALO,14,Alpine,7.0,Finished,1,Finished,0,2021,10,Silverstone,11.0,87.245,0
8.0,STR,18,Aston Martin,14.0,Finished,1,Finished,0,2021,10,Silverstone,15.0,87.665,0
9.0,OCO,31,Alpine,9.0,Finished,1,Finished,0,2021,10,Silverstone,13.0,87.34,0
10.0,TSU,22,Racing Bulls,16.0,Finished,1,Finished,0,2021,10,Silverstone,16.0,88.043,0
11.0,GAS,10,Racing Bulls,11.0,Finished,1,Finished,0,2021,10,Silverstone,12.0,87.273,0
12.0,RUS,63,Williams,12.0,+1 Lap,0,Other,0,2021,10,Silverstone,8.0,86.971,0
13.0,GIO,99,Kick Sauber,15.0,+1 Lap,0,Other,0,2021,10,Silverstone,14.0,87.595,0
14.0,LAT,6,Williams,17.0,+1 Lap,0,Other,0,2021,10,Silverstone,18.0,88.254,0
15.0,RAI,7,Kick Sauber,13.0,+1 Lap,0,Other,0,2021,10,Silverstone,17.0,88.062,0
16.0,PER,11,Red Bull Racing,21.0,+1 Lap,0,Other,0,2021,10,Silverstone,5.0,86.844,0
17.0,MAZ,9,Haas F1 Team,19.0,+1 Lap,0,Other,0,2021,10,Silverstone,20.0,89.051,0
18.0,MSC,47,Haas F1 Team,18.0,+1 Lap,0,Other,0,2021,10,Silverstone,19.0,88.738,0
19.0,VET,5,Aston Martin,8.0,Retired,0,Other,0,2021,10,Silverstone,10.0,87.103,0
20.0,VER,33,Red Bull Racing,1.0,Collision,0,Other,0,2021,10,Silverstone,2.0,86.209,0
1.0,OCO,31,Alpine,8.0,Finished,1,Finished,1,2021,11,Budapest,8.0,76.653,0
2.0,HAM,44,Mercedes,1.0,Finished,1,Finished,1,2021,11,Budapest,1.0,75.419,0
3.0,SAI,55,Ferrari,15.0,Finished,1,Finished,1,2021,11,Budapest,15.0,76.649,0
4.0,ALO,14,Alpine,9.0,Finished,1,Finished,1,2021,11,Budapest,9.0,76.541,0
5.0,GAS,10,Racing Bulls,5.0,Finished,1,Finished,1,2021,11,Budapest,5.0,76.394,0
6.0,TSU,22,Racing Bulls,16.0,Finished,1,Finished,1,2021,11,Budapest,16.0,77.919,0
7.0,LAT,6,Williams,18.0,Finished,1,Finished,1,2021,11,Budapest,18.0,78.036,0
8.0,RUS,63,Williams,17.0,Finished,1,Finished,1,2021,11,Budapest,17.0,77.944,0
9.0,VER,33,Red Bull Racing,3.0,Finished,1,Finished,1,2021,11,Budapest,3.0,75.65,0
10.0,RAI,7,Kick Sauber,13.0,+1 Lap,0,Other,1,2021,11,Budapest,13.0,77.553,0
11.0,RIC,3,McLaren,11.0,+1 Lap,0,Other,1,2021,11,Budapest,11.0,76.871,0
12.0,MSC,47,Haas F1 Team,20.0,+1 Lap,0,Other,1,2021,11,Budapest,20.0,84.0575,0
13.0,GIO,99,Kick Sauber,21.0,+1 Lap,0,Other,1,2021,11,Budapest,14.0,77.583,0
14.0,MAZ,9,Haas F1 Team,19.0,Collision,0,Other,1,2021,11,Budapest,19.0,78.922,0
15.0,NOR,4,McLaren,6.0,Collision,0,Other,1,2021,11,Budapest,6.0,76.385,0
16.0,BOT,77,Mercedes,2.0,Collision,0,Other,1,2021,11,Budapest,2.0,75.734,0
17.0,PER,11,Red Bull Racing,4.0,Collision,0,Other,1,2021,11,Budapest,4.0,76.421,0
18.0,LEC,16,Ferrari,7.0,Collision,0,Other,1,2021,11,Budapest,7.0,76.496,0
19.0,STR,18,Aston Martin,12.0,Collision,0,Other,1,2021,11,Budapest,12.0,76.893,0
20.0,VET,5,Aston Martin,10.0,Disqualified,0,Other,1,2021,11,Budapest,10.0,76.75,0
1.0,VER,33,Red Bull Racing,1.0,Finished,1,Finished,1,2021,12,Spa-Francorchamps,1.0,116.559,1
2.0,RUS,63,Williams,2.0,Finished,1,Finished,1,2021,12,Spa-Francorchamps,2.0,116.95,1
3.0,HAM,44,Mercedes,3.0,Finished,1,Finished,1,2021,12,Spa-Francorchamps,3.0,116.229,1
4.0,RIC,3,McLaren,4.0,Finished,1,Finished,1,2021,12,Spa-Francorchamps,4.0,117.127,1
5.0,VET,5,Aston Martin,5.0,Finished,1,Finished,1,2021,12,Spa-Francorchamps,5.0,116.814,1
6.0,GAS,10,Racing Bulls,6.0,Finished,1,Finished,1,2021,12,Spa-Francorchamps,6.0,116.44,1
7.0,OCO,31,Alpine,8.0,Finished,1,Finished,1,2021,12,Spa-Francorchamps,9.0,117.354,1
8.0,LEC,16,Ferrari,9.0,Finished,1,Finished,1,2021,12,Spa-Francorchamps,11.0,117.721,1
9.0,LAT,6,Williams,10.0,Finished,1,Finished,1,2021,12,Spa-Francorchamps,12.0,118.056,1
10.0,SAI,55,Ferrari,11.0,Finished,1,Finished,1,2021,12,Spa-Francorchamps,13.0,118.137,1
11.0,ALO,14,Alpine,12.0,Finished,1,Finished,1,2021,12,Spa-Francorchamps,14.0,118.205,1
12.0,BOT,77,Mercedes,13.0,Finished,1,Finished,1,2021,12,Spa-Francorchamps,8.0,116.295,1
13.0,GIO,99,Kick Sauber,14.0,Finished,1,Finished,1,2021,12,Spa-Francorchamps,16.0,122.306,1
14.0,NOR,4,McLaren,15.0,Finished,1,Finished,1,2021,12,Spa-Francorchamps,10.0,116.025,1
15.0,TSU,22,Racing Bulls,16.0,Finished,1,Finished,1,2021,12,Spa-Francorchamps,17.0,122.413,1
16.0,MSC,47,Haas F1 Team,17.0,Finished,1,Finished,1,2021,12,Spa-Francorchamps,18.0,123.973,1
17.0,MAZ,9,Haas F1 Team,18.0,Finished,1,Finished,1,2021,12,Spa-Francorchamps,20.0,124.939,1
18.0,RAI,7,Kick Sauber,21.0,Finished,1,Finished,1,2021,12,Spa-Francorchamps,19.0,124.452,1
19.0,PER,11,Red Bull Racing,21.0,Finished,1,Finished,1,2021,12,Spa-Francorchamps,7.0,116.886,1
20.0,STR,18,Aston Martin,19.0,Finished,1,Finished,1,2021,12,Spa-Francorchamps,15.0,118.231,1
1.0,VER,33,Red Bull Racing,1.0,Finished,1,Finished,0,2021,13,Zandvoort,1.0,68.885,0
2.0,HAM,44,Mercedes,2.0,Finished,1,Finished,0,2021,13,Zandvoort,2.0,68.923,0
3.0,BOT,77,Mercedes,3.0,Finished,1,Finished,0,2021,13,Zandvoort,3.0,69.222,0
4.0,GAS,10,Racing Bulls,4.0,+1 Lap,0,Other,0,2021,13,Zandvoort,4.0,69.478,0
5.0,LEC,16,Ferrari,5.0,+1 Lap,0,Other,0,2021,13,Zandvoort,5.0,69.437,0
6.0,ALO,14,Alpine,9.0,+1 Lap,0,Other,0,2021,13,Zandvoort,9.0,69.956,0
7.0,SAI,55,Ferrari,6.0,+1 Lap,0,Other,0,2021,13,Zandvoort,6.0,69.537,0
8.0,PER,11,Red Bull Racing,21.0,+1 Lap,0,Other,0,2021,13,Zandvoort,16.0,70.53,0
9.0,OCO,31,Alpine,8.0,+1 Lap,0,Other,0,2021,13,Zandvoort,8.0,69.919,0
10.0,NOR,4,McLaren,13.0,+1 Lap,0,Other,0,2021,13,Zandvoort,13.0,70.406,0
11.0,RIC,3,McLaren,10.0,+1 Lap,0,Other,0,2021,13,Zandvoort,10.0,69.865,0
12.0,STR,18,Aston Martin,12.0,+2 Laps,0,Other,0,2021,13,Zandvoort,12.0,70.367,0
13.0,VET,5,Aston Martin,15.0,+2 Laps,0,Other,0,2021,13,Zandvoort,17.0,70.731,0
14.0,GIO,99,Kick Sauber,7.0,+2 Laps,0,Other,0,2021,13,Zandvoort,7.0,69.59,0
15.0,KUB,88,Kick Sauber,16.0,+2 Laps,0,Other,0,2021,13,Zandvoort,18.0,71.301,0
16.0,LAT,6,Williams,21.0,+2 Laps,0,Other,0,2021,13,Zandvoort,14.0,70.093,0
17.0,RUS,63,Williams,11.0,Gearbox,0,Mechanical,0,2021,13,Zandvoort,11.0,70.332,0
18.0,MSC,47,Haas F1 Team,17.0,+3 Laps,0,Other,0,2021,13,Zandvoort,19.0,71.387,0
19.0,TSU,22,Racing Bulls,14.0,Power Unit,0,Other,0,2021,13,Zandvoort,15.0,70.462,0
20.0,MAZ,9,Haas F1 Team,18.0,Hydraulics,0,Other,0,2021,13,Zandvoort,20.0,71.875,0
1.0,RIC,3,McLaren,2.0,Finished,1,Finished,0,2021,14,Monza,5.0,79.995,0
2.0,NOR,4,McLaren,3.0,Finished,1,Finished,0,2021,14,Monza,4.0,79.989,0
3.0,BOT,77,Mercedes,19.0,Finished,1,Finished,0,2021,14,Monza,1.0,79.555,0
4.0,LEC,16,Ferrari,5.0,Finished,1,Finished,0,2021,14,Monza,8.0,80.51,0
5.0,PER,11,Red Bull Racing,8.0,Finished,1,Finished,0,2021,14,Monza,9.0,80.611,0
6.0,SAI,55,Ferrari,6.0,Finished,1,Finished,0,2021,14,Monza,7.0,80.462,0
7.0,STR,18,Aston Martin,9.0,Finished,1,Finished,0,2021,14,Monza,12.0,81.02,0
8.0,ALO,14,Alpine,10.0,Finished,1,Finished,0,2021,14,Monza,13.0,81.069,0
9.0,RUS,63,Williams,14.0,Finished,1,Finished,0,2021,14,Monza,15.0,81.392,0
10.0,OCO,31,Alpine,12.0,Finished,1,Finished,0,2021,14,Monza,14.0,81.103,0
11.0,LAT,6,Williams,13.0,Finished,1,Finished,0,2021,14,Monza,16.0,81.925,0
12.0,VET,5,Aston Martin,11.0,Finished,1,Finished,0,2021,14,Monza,11.0,80.913,0
13.0,GIO,99,Kick Sauber,7.0,Finished,1,Finished,0,2021,14,Monza,10.0,80.726,0
14.0,KUB,88,Kick Sauber,17.0,Finished,1,Finished,0,2021,14,Monza,19.0,82.53,0
15.0,MSC,47,Haas F1 Team,18.0,Finished,1,Finished,0,2021,14,Monza,18.0,82.248,0
16.0,MAZ,9,Haas F1 Team,16.0,Power Unit,0,Other,0,2021,14,Monza,20.0,82.716,0
17.0,HAM,44,Mercedes,4.0,Collision,0,Other,0,2021,14,Monza,2.0,79.651,0
18.0,VER,33,Red Bull Racing,1.0,Collision,0,Other,0,2021,14,Monza,3.0,79.966,0
19.0,GAS,10,Racing Bulls,21.0,Suspension,0,Other,0,2021,14,Monza,6.0,80.26,0
20.0,TSU,22,Racing Bulls,21.0,Brakes,0,Other,0,2021,14,Monza,17.0,81.973,0
1.0,HAM,44,Mercedes,4.0,Finished,1,Finished,1,2021,15,Sochi,4.0,104.05,1
2.0,VER,33,Red Bull Racing,20.0,Finished,1,Finished,1,2021,15,Sochi,20.0,84.0575,1
3.0,SAI,55,Ferrari,2.0,Finished,1,Finished,1,2021,15,Sochi,2.0,102.51,1
4.0,RIC,3,McLaren,5.0,Finished,1,Finished,1,2021,15,Sochi,5.0,104.156,1
5.0,BOT,77,Mercedes,16.0,Finished,1,Finished,1,2021,15,Sochi,7.0,104.71,1
6.0,ALO,14,Alpine,6.0,Finished,1,Finished,1,2021,15,Sochi,6.0,104.204,1
7.0,NOR,4,McLaren,1.0,Finished,1,Finished,1,2021,15,Sochi,1.0,101.993,1
8.0,RAI,7,Kick Sauber,13.0,Finished,1,Finished,1,2021,15,Sochi,16.0,109.586,1
9.0,PER,11,Red Bull Racing,8.0,Finished,1,Finished,1,2021,15,Sochi,9.0,105.337,1
10.0,RUS,63,Williams,3.0,Finished,1,Finished,1,2021,15,Sochi,3.0,102.983,1
11.0,STR,18,Aston Martin,7.0,Finished,1,Finished,1,2021,15,Sochi,8.0,104.956,1
12.0,VET,5,Aston Martin,10.0,+1 Lap,0,Other,1,2021,15,Sochi,11.0,106.573,1
13.0,GAS,10,Racing Bulls,11.0,+1 Lap,0,Other,1,2021,15,Sochi,12.0,106.641,1
14.0,OCO,31,Alpine,9.0,+1 Lap,0,Other,1,2021,15,Sochi,10.0,105.865,1
15.0,LEC,16,Ferrari,19.0,+1 Lap,0,Other,1,2021,15,Sochi,15.0,108.47,1
16.0,GIO,99,Kick Sauber,17.0,+1 Lap,0,Other,1,2021,15,Sochi,18.0,111.023,1
17.0,TSU,22,Racing Bulls,12.0,+1 Lap,0,Other,1,2021,15,Sochi,13.0,106.751,1
18.0,MAZ,9,Haas F1 Team,15.0,+2 Laps,0,Other,1,2021,15,Sochi,19.0,113.764,1
19.0,LAT,6,Williams,18.0,Accident,0,Crash,1,2021,15,Sochi,14.0,108.252,1
20.0,MSC,47,Haas F1 Team,14.0,Oil leak,0,Other,1,2021,15,Sochi,17.0,109.83,1
1.0,BOT,77,Mercedes,1.0,Finished,1,Finished,0,2021,16,Istanbul,2.0,82.998,1
2.0,VER,33,Red Bull Racing,2.0,Finished,1,Finished,0,2021,16,Istanbul,3.0,83.196,1
3.0,PER,11,Red Bull Racing,6.0,Finished,1,Finished,0,2021,16,Istanbul,7.0,83.706,1
4.0,LEC,16,Ferrari,3.0,Finished,1,Finished,0,2021,16,Istanbul,4.0,83.265,1
5.0,HAM,44,Mercedes,11.0,Finished,1,Finished,0,2021,16,Istanbul,1.0,82.868,1
6.0,GAS,10,Racing Bulls,4.0,Finished,1,Finished,0,2021,16,Istanbul,5.0,83.326,1
7.0,NOR,4,McLaren,7.0,Finished,1,Finished,0,2021,16,Istanbul,8.0,83.954,1
8.0,SAI,55,Ferrari,19.0,Finished,1,Finished,0,2021,16,Istanbul,15.0,85.177,1
9.0,STR,18,Aston Martin,8.0,Finished,1,Finished,0,2021,16,Istanbul,9.0,84.305,1
10.0,OCO,31,Alpine,12.0,+1 Lap,0,Other,0,2021,16,Istanbul,12.0,84.842,1
11.0,GIO,99,Kick Sauber,16.0,+1 Lap,0,Other,0,2021,16,Istanbul,18.0,86.43,1
12.0,RAI,7,Kick Sauber,17.0,+1 Lap,0,Other,0,2021,16,Istanbul,19.0,87.525,1
13.0,RIC,3,McLaren,20.0,+1 Lap,0,Other,0,2021,16,Istanbul,16.0,85.881,1
14.0,TSU,22,Racing Bulls,9.0,+1 Lap,0,Other,0,2021,16,Istanbul,10.0,84.054,1
15.0,RUS,63,Williams,13.0,+1 Lap,0,Other,0,2021,16,Istanbul,13.0,85.007,1
16.0,ALO,14,Alpine,5.0,+1 Lap,0,Other,0,2021,16,Istanbul,6.0,83.477,1
17.0,LAT,6,Williams,15.0,+1 Lap,0,Other,0,2021,16,Istanbul,17.0,86.086,1
18.0,VET,5,Aston Martin,10.0,+1 Lap,0,Other,0,2021,16,Istanbul,11.0,84.795,1
19.0,MSC,47,Haas F1 Team,14.0,+2 Laps,0,Other,0,2021,16,Istanbul,14.0,85.2,1
20.0,MAZ,9,Haas F1 Team,18.0,+2 Laps,0,Other,0,2021,16,Istanbul,20.0,88.449,1
1.0,VER,33,Red Bull Racing,1.0,Finished,1,Finished,0,2021,17,Austin,1.0,92.91,1
2.0,HAM,44,Mercedes,2.0,Finished,1,Finished,0,2021,17,Austin,2.0,93.119,1
3.0,PER,11,Red Bull Racing,3.0,Finished,1,Finished,0,2021,17,Austin,3.0,93.134,1
4.0,LEC,16,Ferrari,4.0,Finished,1,Finished,0,2021,17,Austin,5.0,93.606,1
5.0,RIC,3,McLaren,6.0,Finished,1,Finished,0,2021,17,Austin,7.0,93.808,1
6.0,BOT,77,Mercedes,9.0,Finished,1,Finished,0,2021,17,Austin,4.0,93.475,1
7.0,SAI,55,Ferrari,5.0,Finished,1,Finished,0,2021,17,Austin,6.0,93.792,1
8.0,NOR,4,McLaren,7.0,Finished,1,Finished,0,2021,17,Austin,8.0,93.88,1
9.0,TSU,22,Racing Bulls,10.0,+1 Lap,0,Other,0,2021,17,Austin,10.0,94.918,1
10.0,VET,5,Aston Martin,18.0,+1 Lap,0,Other,0,2021,17,Austin,12.0,95.281,1
11.0,GIO,99,Kick Sauber,12.0,+1 Lap,0,Other,0,2021,17,Austin,13.0,95.794,1
12.0,STR,18,Aston Martin,13.0,+1 Lap,0,Other,0,2021,17,Austin,16.0,95.983,1
13.0,RAI,7,Kick Sauber,15.0,+1 Lap,0,Other,0,2021,17,Austin,18.0,96.311,1
14.0,RUS,63,Williams,20.0,+1 Lap,0,Other,0,2021,17,Austin,15.0,95.746,1
15.0,LAT,6,Williams,14.0,+1 Lap,0,Other,0,2021,17,Austin,17.0,95.995,1
16.0,MSC,47,Haas F1 Team,16.0,+2 Laps,0,Other,0,2021,17,Austin,19.0,96.499,1
17.0,MAZ,9,Haas F1 Team,17.0,+2 Laps,0,Other,0,2021,17,Austin,20.0,96.796,1
18.0,ALO,14,Alpine,19.0,Rear wing,0,Other,0,2021,17,Austin,14.0,95.756,1
19.0,OCO,31,Alpine,11.0,Mechanical,0,Other,0,2021,17,Austin,11.0,95.377,1
20.0,GAS,10,Racing Bulls,8.0,Suspension,0,Other,0,2021,17,Austin,9.0,94.118,1
1.0,VER,33,Red Bull Racing,3.0,Finished,1,Finished,0,2021,18,Mexico City,3.0,76.225,0
2.0,HAM,44,Mercedes,2.0,Finished,1,Finished,0,2021,18,Mexico City,2.0,76.02,0
3.0,PER,11,Red Bull Racing,4.0,Finished,1,Finished,0,2021,18,Mexico City,4.0,76.342,0
4.0,GAS,10,Racing Bulls,5.0,Finished,1,Finished,0,2021,18,Mexico City,5.0,76.456,0
5.0,LEC,16,Ferrari,8.0,Finished,1,Finished,0,2021,18,Mexico City,8.0,76.748,0
6.0,SAI,55,Ferrari,6.0,+1 Lap,0,Other,0,2021,18,Mexico City,6.0,76.761,0
7.0,VET,5,Aston Martin,9.0,+1 Lap,0,Other,0,2021,18,Mexico City,11.0,77.502,0
8.0,RAI,7,Kick Sauber,10.0,+1 Lap,0,Other,0,2021,18,Mexico City,12.0,77.606,0
9.0,ALO,14,Alpine,12.0,+1 Lap,0,Other,0,2021,18,Mexico City,16.0,78.452,0
10.0,NOR,4,McLaren,18.0,+1 Lap,0,Other,0,2021,18,Mexico City,10.0,77.473,0
11.0,GIO,99,Kick Sauber,11.0,+1 Lap,0,Other,0,2021,18,Mexico City,14.0,77.897,0
12.0,RIC,3,McLaren,7.0,+1 Lap,0,Other,0,2021,18,Mexico City,7.0,76.763,0
13.0,OCO,31,Alpine,19.0,+1 Lap,0,Other,0,2021,18,Mexico City,15.0,78.126,0
14.0,STR,18,Aston Martin,20.0,+2 Laps,0,Other,0,2021,18,Mexico City,20.0,80.873,0
15.0,BOT,77,Mercedes,1.0,+2 Laps,0,Other,0,2021,18,Mexico City,1.0,75.875,0
16.0,RUS,63,Williams,16.0,+2 Laps,0,Other,0,2021,18,Mexico City,13.0,77.958,0
17.0,LAT,6,Williams,13.0,+2 Laps,0,Other,0,2021,18,Mexico City,17.0,78.756,0
18.0,MAZ,9,Haas F1 Team,15.0,+3 Laps,0,Other,0,2021,18,Mexico City,19.0,79.303,0
19.0,MSC,47,Haas F1 Team,14.0,Collision,0,Other,0,2021,18,Mexico City,18.0,78.858,0
20.0,TSU,22,Racing Bulls,17.0,Collision,0,Other,0,2021,18,Mexico City,9.0,76.701,0
1.0,HAM,44,Mercedes,10.0,Finished,1,Finished,0,2021,19,São Paulo,1.0,67.934,0
2.0,VER,33,Red Bull Racing,2.0,Finished,1,Finished,0,2021,19,São Paulo,2.0,68.372,0
3.0,BOT,77,Mercedes,1.0,Finished,1,Finished,0,2021,19,São Paulo,3.0,68.426,0
4.0,PER,11,Red Bull Racing,4.0,Finished,1,Finished,0,2021,19,São Paulo,4.0,68.483,0
5.0,LEC,16,Ferrari,6.0,Finished,1,Finished,0,2021,19,São Paulo,7.0,68.859,0
6.0,SAI,55,Ferrari,3.0,Finished,1,Finished,0,2021,19,São Paulo,6.0,68.826,0
7.0,GAS,10,Racing Bulls,7.0,+1 Lap,0,Other,0,2021,19,São Paulo,5.0,68.777,0
8.0,OCO,31,Alpine,8.0,+1 Lap,0,Other,0,2021,19,São Paulo,11.0,69.189,0
9.0,ALO,14,Alpine,12.0,+1 Lap,0,Other,0,2021,19,São Paulo,10.0,69.113,0
10.0,NOR,4,McLaren,5.0,+1 Lap,0,Other,0,2021,19,São Paulo,8.0,68.98,0
11.0,VET,5,Aston Martin,9.0,+1 Lap,0,Other,0,2021,19,São Paulo,12.0,69.399,0
12.0,RAI,7,Kick Sauber,21.0,+1 Lap,0,Other,0,2021,19,São Paulo,14.0,69.503,0
13.0,RUS,63,Williams,17.0,+1 Lap,0,Other,0,2021,19,São Paulo,18.0,69.953,0
14.0,GIO,99,Kick Sauber,13.0,+1 Lap,0,Other,0,2021,19,São Paulo,15.0,69.342,0
15.0,TSU,22,Racing Bulls,15.0,+1 Lap,0,Other,0,2021,19,São Paulo,13.0,69.35,0
16.0,LAT,6,Williams,16.0,+1 Lap,0,Other,0,2021,19,São Paulo,17.0,69.897,0
17.0,MAZ,9,Haas F1 Team,19.0,+2 Laps,0,Other,0,2021,19,São Paulo,20.0,70.589,0
18.0,MSC,47,Haas F1 Team,18.0,+2 Laps,0,Other,0,2021,19,São Paulo,19.0,70.329,0
19.0,RIC,3,McLaren,11.0,Power loss,0,Other,0,2021,19,São Paulo,9.0,69.039,0
20.0,STR,18,Aston Martin,14.0,Collision damage,0,Other,0,2021,19,São Paulo,16.0,69.663,0
1.0,HAM,44,Mercedes,1.0,Finished,1,Finished,1,2021,20,Lusail,1.0,80.827,0
2.0,VER,33,Red Bull Racing,7.0,Finished,1,Finished,1,2021,20,Lusail,2.0,81.282,0
3.0,ALO,14,Alpine,3.0,Finished,1,Finished,1,2021,20,Lusail,5.0,81.67,0
4.0,PER,11,Red Bull Racing,11.0,Finished,1,Finished,1,2021,20,Lusail,11.0,82.346,0
5.0,OCO,31,Alpine,9.0,Finished,1,Finished,1,2021,20,Lusail,9.0,82.012,0
6.0,STR,18,Aston Martin,12.0,Finished,1,Finished,1,2021,20,Lusail,12.0,82.46,0
7.0,SAI,55,Ferrari,5.0,Finished,1,Finished,1,2021,20,Lusail,7.0,81.84,0
8.0,LEC,16,Ferrari,13.0,Finished,1,Finished,1,2021,20,Lusail,13.0,82.463,0
9.0,NOR,4,McLaren,4.0,+1 Lap,0,Other,1,2021,20,Lusail,6.0,81.731,0
10.0,VET,5,Aston Martin,10.0,+1 Lap,0,Other,1,2021,20,Lusail,10.0,82.146,0
11.0,GAS,10,Racing Bulls,2.0,+1 Lap,0,Other,1,2021,20,Lusail,4.0,81.64,0
12.0,RIC,3,McLaren,14.0,+1 Lap,0,Other,1,2021,20,Lusail,14.0,82.597,0
13.0,TSU,22,Racing Bulls,8.0,+1 Lap,0,Other,1,2021,20,Lusail,8.0,81.881,0
14.0,RAI,7,Kick Sauber,16.0,+1 Lap,0,Other,1,2021,20,Lusail,16.0,83.156,0
15.0,GIO,99,Kick Sauber,18.0,+1 Lap,0,Other,1,2021,20,Lusail,18.0,83.262,0
16.0,MSC,47,Haas F1 Team,19.0,+1 Lap,0,Other,1,2021,20,Lusail,19.0,83.407,0
17.0,RUS,63,Williams,15.0,+2 Laps,0,Other,1,2021,20,Lusail,15.0,82.756,0
18.0,MAZ,9,Haas F1 Team,20.0,+2 Laps,0,Other,1,2021,20,Lusail,20.0,85.859,0
19.0,LAT,6,Williams,17.0,Puncture,0,Other,1,2021,20,Lusail,17.0,83.213,0
20.0,BOT,77,Mercedes,6.0,Damage,0,Other,1,2021,20,Lusail,3.0,81.478,0
1.0,HAM,44,Mercedes,1.0,Finished,1,Finished,0,2021,21,Jeddah,1.0,87.511,0
2.0,VER,33,Red Bull Racing,3.0,Finished,1,Finished,0,2021,21,Jeddah,3.0,87.653,0
3.0,BOT,77,Mercedes,2.0,Finished,1,Finished,0,2021,21,Jeddah,2.0,87.622,0
4.0,OCO,31,Alpine,9.0,Finished,1,Finished,0,2021,21,Jeddah,9.0,88.574,0
5.0,RIC,3,McLaren,11.0,Finished,1,Finished,0,2021,21,Jeddah,11.0,88.216,0
6.0,GAS,10,Racing Bulls,6.0,Finished,1,Finished,0,2021,21,Jeddah,6.0,88.125,0
7.0,LEC,16,Ferrari,4.0,Finished,1,Finished,0,2021,21,Jeddah,4.0,88.054,0
8.0,SAI,55,Ferrari,15.0,Finished,1,Finished,0,2021,21,Jeddah,15.0,88.237,0
9.0,GIO,99,Kick Sauber,10.0,Finished,1,Finished,0,2021,21,Jeddah,10.0,88.616,0
10.0,NOR,4,McLaren,7.0,Finished,1,Finished,0,2021,21,Jeddah,7.0,88.18,0
11.0,STR,18,Aston Martin,18.0,Finished,1,Finished,0,2021,21,Jeddah,18.0,89.368,0
12.0,LAT,6,Williams,16.0,Finished,1,Finished,0,2021,21,Jeddah,16.0,89.177,0
13.0,ALO,14,Alpine,13.0,+1 Lap,0,Other,0,2021,21,Jeddah,13.0,88.92,0
14.0,TSU,22,Racing Bulls,8.0,+1 Lap,0,Other,0,2021,21,Jeddah,8.0,88.222,0
15.0,RAI,7,Kick Sauber,12.0,+1 Lap,0,Other,0,2021,21,Jeddah,12.0,88.856,0
16.0,VET,5,Aston Martin,17.0,Collision damage,0,Other,0,2021,21,Jeddah,17.0,89.198,0
17.0,PER,11,Red Bull Racing,5.0,Collision,0,Other,0,2021,21,Jeddah,5.0,87.946,0
18.0,MAZ,9,Haas F1 Team,20.0,Collision,0,Other,0,2021,21,Jeddah,20.0,90.473,0
19.0,RUS,63,Williams,14.0,Collision,0,Other,0,2021,21,Jeddah,14.0,88.926,0
20.0,MSC,47,Haas F1 Team,19.0,Accident,0,Crash,0,2021,21,Jeddah,19.0,89.464,0
1.0,VER,33,Red Bull Racing,1.0,Finished,1,Finished,0,2021,22,Yas Island,1.0,82.109,0
2.0,HAM,44,Mercedes,2.0,Finished,1,Finished,0,2021,22,Yas Island,2.0,82.48,0
3.0,SAI,55,Ferrari,5.0,Finished,1,Finished,0,2021,22,Yas Island,5.0,82.992,0
4.0,TSU,22,Racing Bulls,8.0,Finished,1,Finished,0,2021,22,Yas Island,8.0,83.22,0
5.0,GAS,10,Racing Bulls,12.0,Finished,1,Finished,0,2021,22,Yas Island,12.0,83.489,0
6.0,BOT,77,Mercedes,6.0,Finished,1,Finished,0,2021,22,Yas Island,6.0,83.036,0
7.0,NOR,4,McLaren,3.0,Finished,1,Finished,0,2021,22,Yas Island,3.0,82.931,0
8.0,ALO,14,Alpine,11.0,Finished,1,Finished,0,2021,22,Yas Island,11.0,83.46,0
9.0,OCO,31,Alpine,9.0,Finished,1,Finished,0,2021,22,Yas Island,9.0,83.389,0
10.0,LEC,16,Ferrari,7.0,Finished,1,Finished,0,2021,22,Yas Island,7.0,83.122,0
11.0,VET,5,Aston Martin,15.0,Finished,1,Finished,0,2021,22,Yas Island,15.0,84.225,0
12.0,RIC,3,McLaren,10.0,+1 Lap,0,Other,0,2021,22,Yas Island,10.0,83.409,0
13.0,STR,18,Aston Martin,13.0,+1 Lap,0,Other,0,2021,22,Yas Island,13.0,84.061,0
14.0,MSC,47,Haas F1 Team,19.0,+1 Lap,0,Other,0,2021,22,Yas Island,19.0,84.906,0
15.0,PER,11,Red Bull Racing,4.0,Engine,0,Mechanical,0,2021,22,Yas Island,4.0,82.947,0
16.0,LAT,6,Williams,16.0,Accident,0,Crash,0,2021,22,Yas Island,16.0,84.338,0
17.0,GIO,99,Kick Sauber,14.0,Gearbox,0,Mechanical,0,2021,22,Yas Island,14.0,84.118,0
18.0,RUS,63,Williams,17.0,Gearbox,0,Mechanical,0,2021,22,Yas Island,17.0,84.423,0
19.0,RAI,7,Kick Sauber,18.0,Brakes,0,Other,0,2021,22,Yas Island,18.0,84.779,0
1.0,LEC,16,Ferrari,1.0,Finished,1,Finished,0,2022,1,Sakhir,1.0,90.558,0
2.0,SAI,55,Ferrari,3.0,Finished,1,Finished,0,2022,1,Sakhir,3.0,90.687,0
3.0,HAM,44,Mercedes,5.0,Finished,1,Finished,0,2022,1,Sakhir,5.0,91.048,0
4.0,RUS,63,Mercedes,9.0,Finished,1,Finished,0,2022,1,Sakhir,9.0,91.252,0
5.0,MAG,20,Haas F1 Team,7.0,Finished,1,Finished,0,2022,1,Sakhir,7.0,91.461,0
6.0,BOT,77,Kick Sauber,6.0,Finished,1,Finished,0,2022,1,Sakhir,6.0,91.56,0
7.0,OCO,31,Alpine,11.0,Finished,1,Finished,0,2022,1,Sakhir,11.0,91.782,0
8.0,TSU,22,Racing Bulls,16.0,Finished,1,Finished,0,2022,1,Sakhir,16.0,92.75,0
9.0,ALO,14,Alpine,8.0,Finished,1,Finished,0,2022,1,Sakhir,8.0,91.621,0
10.0,ZHO,24,Kick Sauber,15.0,Finished,1,Finished,0,2022,1,Sakhir,15.0,92.493,0
11.0,MSC,47,Haas F1 Team,12.0,Finished,1,Finished,0,2022,1,Sakhir,12.0,91.998,0
12.0,STR,18,Aston Martin,19.0,Finished,1,Finished,0,2022,1,Sakhir,19.0,93.032,0
13.0,ALB,23,Williams,14.0,Finished,1,Finished,0,2022,1,Sakhir,14.0,92.664,0
14.0,RIC,3,McLaren,18.0,Finished,1,Finished,0,2022,1,Sakhir,18.0,92.945,0
15.0,NOR,4,McLaren,13.0,Finished,1,Finished,0,2022,1,Sakhir,13.0,92.008,0
16.0,LAT,6,Williams,20.0,Finished,1,Finished,0,2022,1,Sakhir,20.0,93.634,0
17.0,HUL,27,Aston Martin,17.0,Finished,1,Finished,0,2022,1,Sakhir,17.0,92.777,0
18.0,PER,11,Red Bull Racing,4.0,Fuel pressure,0,Other,0,2022,1,Sakhir,4.0,90.921,0
19.0,VER,1,Red Bull Racing,2.0,Fuel pressure,0,Other,0,2022,1,Sakhir,2.0,90.681,0
20.0,GAS,10,Racing Bulls,10.0,Power Unit,0,Other,0,2022,1,Sakhir,10.0,91.635,0
1.0,VER,1,Red Bull Racing,4.0,Finished,1,Finished,0,2022,2,Jeddah,4.0,88.461,0
2.0,LEC,16,Ferrari,2.0,Finished,1,Finished,0,2022,2,Jeddah,2.0,88.225,0
3.0,SAI,55,Ferrari,3.0,Finished,1,Finished,0,2022,2,Jeddah,3.0,88.402,0
4.0,PER,11,Red Bull Racing,1.0,Finished,1,Finished,0,2022,2,Jeddah,1.0,88.2,0
5.0,RUS,63,Mercedes,6.0,Finished,1,Finished,0,2022,2,Jeddah,6.0,89.104,0
6.0,OCO,31,Alpine,5.0,Finished,1,Finished,0,2022,2,Jeddah,5.0,89.068,0
7.0,NOR,4,McLaren,11.0,Finished,1,Finished,0,2022,2,Jeddah,11.0,89.651,0
8.0,GAS,10,Racing Bulls,9.0,Finished,1,Finished,0,2022,2,Jeddah,9.0,89.254,0
9.0,MAG,20,Haas F1 Team,10.0,Finished,1,Finished,0,2022,2,Jeddah,10.0,89.546,0
10.0,HAM,44,Mercedes,15.0,Finished,1,Finished,0,2022,2,Jeddah,16.0,90.343,0
11.0,ZHO,24,Kick Sauber,12.0,Finished,1,Finished,0,2022,2,Jeddah,13.0,89.819,0
12.0,HUL,27,Aston Martin,17.0,Finished,1,Finished,0,2022,2,Jeddah,18.0,90.543,0
13.0,STR,18,Aston Martin,13.0,+1 Lap,0,Other,0,2022,2,Jeddah,15.0,90.256,0
14.0,ALB,23,Williams,16.0,Collision damage,0,Other,0,2022,2,Jeddah,17.0,90.492,0
15.0,BOT,77,Kick Sauber,8.0,Cooling system,0,Other,0,2022,2,Jeddah,8.0,89.183,0
16.0,ALO,14,Alpine,7.0,Water pump,0,Other,0,2022,2,Jeddah,7.0,89.147,0
17.0,RIC,3,McLaren,14.0,Gearbox,0,Mechanical,0,2022,2,Jeddah,12.0,89.773,0
18.0,LAT,6,Williams,18.0,Accident,0,Crash,0,2022,2,Jeddah,19.0,91.817,0
19.0,TSU,22,Racing Bulls,19.0,Power Unit,0,Other,0,2022,2,Jeddah,20.0,84.0575,0
1.0,LEC,16,Ferrari,1.0,Finished,1,Finished,0,2022,3,Melbourne,1.0,77.868,0
2.0,PER,11,Red Bull Racing,3.0,Finished,1,Finished,0,2022,3,Melbourne,3.0,78.24,0
3.0,RUS,63,Mercedes,6.0,Finished,1,Finished,0,2022,3,Melbourne,6.0,78.933,0
4.0,HAM,44,Mercedes,5.0,Finished,1,Finished,0,2022,3,Melbourne,5.0,78.825,0
5.0,NOR,4,McLaren,4.0,Finished,1,Finished,0,2022,3,Melbourne,4.0,78.703,0
6.0,RIC,3,McLaren,7.0,Finished,1,Finished,0,2022,3,Melbourne,7.0,79.032,0
7.0,OCO,31,Alpine,8.0,Finished,1,Finished,0,2022,3,Melbourne,8.0,79.061,0
8.0,BOT,77,Kick Sauber,12.0,Finished,1,Finished,0,2022,3,Melbourne,12.0,79.251,0
9.0,GAS,10,Racing Bulls,11.0,Finished,1,Finished,0,2022,3,Melbourne,11.0,79.226,0
10.0,ALB,23,Williams,20.0,Finished,1,Finished,0,2022,3,Melbourne,16.0,80.135,0
11.0,ZHO,24,Kick Sauber,14.0,Finished,1,Finished,0,2022,3,Melbourne,14.0,79.91,0
12.0,STR,18,Aston Martin,19.0,Finished,1,Finished,0,2022,3,Melbourne,20.0,84.0575,0
13.0,MSC,47,Haas F1 Team,15.0,+1 Lap,0,Other,0,2022,3,Melbourne,15.0,80.104,0
14.0,MAG,20,Haas F1 Team,16.0,+1 Lap,0,Other,0,2022,3,Melbourne,17.0,80.254,0
15.0,TSU,22,Racing Bulls,13.0,+1 Lap,0,Other,0,2022,3,Melbourne,13.0,79.424,0
16.0,LAT,6,Williams,18.0,+1 Lap,0,Other,0,2022,3,Melbourne,19.0,81.372,0
17.0,ALO,14,Alpine,10.0,+1 Lap,0,Other,0,2022,3,Melbourne,10.0,78.815,0
18.0,VER,1,Red Bull Racing,2.0,Fuel leak,0,Other,0,2022,3,Melbourne,2.0,78.154,0
19.0,VET,5,Aston Martin,17.0,Accident,0,Crash,0,2022,3,Melbourne,18.0,81.149,0
20.0,SAI,55,Ferrari,9.0,Spun off,0,Other,0,2022,3,Melbourne,9.0,78.469,0
1.0,VER,1,Red Bull Racing,1.0,Finished,1,Finished,0,2022,4,Imola,1.0,78.793,1
2.0,PER,11,Red Bull Racing,3.0,Finished,1,Finished,0,2022,4,Imola,7.0,79.296,1
3.0,NOR,4,McLaren,5.0,Finished,1,Finished,0,2022,4,Imola,3.0,79.294,1
4.0,RUS,63,Mercedes,11.0,Finished,1,Finished,0,2022,4,Imola,11.0,80.383,1
5.0,BOT,77,Kick Sauber,7.0,Finished,1,Finished,0,2022,4,Imola,8.0,80.192,1
6.0,LEC,16,Ferrari,2.0,Finished,1,Finished,0,2022,4,Imola,2.0,78.796,1
7.0,TSU,22,Racing Bulls,12.0,Finished,1,Finished,0,2022,4,Imola,16.0,80.474,1
8.0,VET,5,Aston Martin,13.0,Finished,1,Finished,0,2022,4,Imola,9.0,79.957,1
9.0,MAG,20,Haas F1 Team,8.0,Finished,1,Finished,0,2022,4,Imola,4.0,79.902,1
10.0,STR,18,Aston Martin,15.0,+1 Lap,0,Other,0,2022,4,Imola,15.0,80.342,1
11.0,ALB,23,Williams,18.0,+1 Lap,0,Other,0,2022,4,Imola,20.0,84.0575,1
12.0,GAS,10,Racing Bulls,17.0,+1 Lap,0,Other,0,2022,4,Imola,17.0,80.732,1
13.0,HAM,44,Mercedes,14.0,+1 Lap,0,Other,0,2022,4,Imola,13.0,80.47,1
14.0,OCO,31,Alpine,16.0,+1 Lap,0,Other,0,2022,4,Imola,19.0,82.338,1
15.0,ZHO,24,Kick Sauber,21.0,+1 Lap,0,Other,0,2022,4,Imola,14.0,79.73,1
16.0,LAT,6,Williams,19.0,+1 Lap,0,Other,0,2022,4,Imola,18.0,81.971,1
17.0,MSC,47,Haas F1 Team,10.0,+1 Lap,0,Other,0,2022,4,Imola,12.0,80.422,1
18.0,RIC,3,McLaren,6.0,+1 Lap,0,Other,0,2022,4,Imola,6.0,79.98,1
19.0,ALO,14,Alpine,9.0,Collision damage,0,Other,0,2022,4,Imola,5.0,79.595,1
20.0,SAI,55,Ferrari,4.0,Collision,0,Other,0,2022,4,Imola,10.0,78.99,1
1.0,VER,1,Red Bull Racing,3.0,Finished,1,Finished,1,2022,5,Miami,3.0,88.991,0
2.0,LEC,16,Ferrari,1.0,Finished,1,Finished,1,2022,5,Miami,1.0,88.796,0
3.0,SAI,55,Ferrari,2.0,Finished,1,Finished,1,2022,5,Miami,2.0,88.986,0
4.0,PER,11,Red Bull Racing,4.0,Finished,1,Finished,1,2022,5,Miami,4.0,89.036,0
5.0,RUS,63,Mercedes,12.0,Finished,1,Finished,1,2022,5,Miami,12.0,90.173,0
6.0,HAM,44,Mercedes,6.0,Finished,1,Finished,1,2022,5,Miami,6.0,89.625,0
7.0,BOT,77,Kick Sauber,5.0,Finished,1,Finished,1,2022,5,Miami,5.0,89.475,0
8.0,OCO,31,Alpine,20.0,Finished,1,Finished,1,2022,5,Miami,20.0,84.0575,0
9.0,ALB,23,Williams,18.0,Finished,1,Finished,1,2022,5,Miami,18.0,91.266,0
10.0,STR,18,Aston Martin,21.0,Finished,1,Finished,1,2022,5,Miami,10.0,89.996,0
11.0,ALO,14,Alpine,11.0,Finished,1,Finished,1,2022,5,Miami,11.0,90.16,0
12.0,TSU,22,Racing Bulls,9.0,Finished,1,Finished,1,2022,5,Miami,9.0,89.932,0
13.0,RIC,3,McLaren,14.0,Finished,1,Finished,1,2022,5,Miami,14.0,90.31,0
14.0,LAT,6,Williams,19.0,Finished,1,Finished,1,2022,5,Miami,19.0,91.325,0
15.0,MSC,47,Haas F1 Team,15.0,Finished,1,Finished,1,2022,5,Miami,15.0,90.423,0
16.0,MAG,20,Haas F1 Team,16.0,Front wing,0,Other,1,2022,5,Miami,16.0,90.975,0
17.0,VET,5,Aston Martin,21.0,Collision,0,Other,1,2022,5,Miami,13.0,90.214,0
18.0,GAS,10,Racing Bulls,7.0,Suspension,0,Other,1,2022,5,Miami,7.0,89.69,0
19.0,NOR,4,McLaren,8.0,Collision,0,Other,1,2022,5,Miami,8.0,89.634,0
20.0,ZHO,24,Kick Sauber,17.0,Water leak,0,Other,1,2022,5,Miami,17.0,91.02,0
1.0,VER,1,Red Bull Racing,2.0,Finished,1,Finished,0,2022,6,Barcelona,2.0,79.073,0
2.0,PER,11,Red Bull Racing,5.0,Finished,1,Finished,0,2022,6,Barcelona,5.0,79.42,0
3.0,RUS,63,Mercedes,4.0,Finished,1,Finished,0,2022,6,Barcelona,4.0,79.393,0
4.0,SAI,55,Ferrari,3.0,Finished,1,Finished,0,2022,6,Barcelona,3.0,79.166,0
5.0,HAM,44,Mercedes,6.0,Finished,1,Finished,0,2022,6,Barcelona,6.0,79.512,0
6.0,BOT,77,Kick Sauber,7.0,Finished,1,Finished,0,2022,6,Barcelona,7.0,79.608,0
7.0,OCO,31,Alpine,12.0,Finished,1,Finished,0,2022,6,Barcelona,12.0,80.638,0
8.0,NOR,4,McLaren,11.0,Finished,1,Finished,0,2022,6,Barcelona,11.0,80.471,0
9.0,ALO,14,Alpine,20.0,+1 Lap,0,Other,0,2022,6,Barcelona,17.0,81.043,0
10.0,TSU,22,Racing Bulls,13.0,+1 Lap,0,Other,0,2022,6,Barcelona,13.0,80.639,0
11.0,VET,5,Aston Martin,16.0,+1 Lap,0,Other,0,2022,6,Barcelona,16.0,80.954,0
12.0,RIC,3,McLaren,9.0,+1 Lap,0,Other,0,2022,6,Barcelona,9.0,80.287,0
13.0,GAS,10,Racing Bulls,14.0,+1 Lap,0,Other,0,2022,6,Barcelona,14.0,80.719,0
14.0,MSC,47,Haas F1 Team,10.0,+1 Lap,0,Other,0,2022,6,Barcelona,10.0,80.368,0
15.0,STR,18,Aston Martin,17.0,+1 Lap,0,Other,0,2022,6,Barcelona,18.0,81.418,0
16.0,LAT,6,Williams,19.0,+2 Laps,0,Other,0,2022,6,Barcelona,20.0,81.915,0
17.0,MAG,20,Haas F1 Team,8.0,+2 Laps,0,Other,0,2022,6,Barcelona,8.0,79.682,0
18.0,ALB,23,Williams,18.0,+2 Laps,0,Other,0,2022,6,Barcelona,19.0,81.645,0
19.0,ZHO,24,Kick Sauber,15.0,Power loss,0,Other,0,2022,6,Barcelona,15.0,80.476,0
20.0,LEC,16,Ferrari,1.0,Turbo,0,Other,0,2022,6,Barcelona,1.0,78.75,0
1.0,PER,11,Red Bull Racing,3.0,Finished,1,Finished,1,2022,7,Monaco,3.0,71.629,0
2.0,SAI,55,Ferrari,2.0,Finished,1,Finished,1,2022,7,Monaco,2.0,71.601,0
3.0,VER,1,Red Bull Racing,4.0,Finished,1,Finished,1,2022,7,Monaco,4.0,71.666,0
4.0,LEC,16,Ferrari,1.0,Finished,1,Finished,1,2022,7,Monaco,1.0,71.376,0
5.0,RUS,63,Mercedes,6.0,Finished,1,Finished,1,2022,7,Monaco,6.0,72.112,0
6.0,NOR,4,McLaren,5.0,Finished,1,Finished,1,2022,7,Monaco,5.0,71.849,0
7.0,ALO,14,Alpine,7.0,Finished,1,Finished,1,2022,7,Monaco,7.0,72.247,0
8.0,HAM,44,Mercedes,8.0,Finished,1,Finished,1,2022,7,Monaco,8.0,72.56,0
9.0,BOT,77,Kick Sauber,12.0,Finished,1,Finished,1,2022,7,Monaco,12.0,72.909,0
10.0,VET,5,Aston Martin,9.0,Finished,1,Finished,1,2022,7,Monaco,9.0,72.613,0
11.0,GAS,10,Racing Bulls,17.0,Finished,1,Finished,1,2022,7,Monaco,17.0,73.66,0
12.0,OCO,31,Alpine,10.0,Finished,1,Finished,1,2022,7,Monaco,10.0,72.528,0
13.0,RIC,3,McLaren,14.0,Finished,1,Finished,1,2022,7,Monaco,14.0,72.964,0
14.0,STR,18,Aston Martin,18.0,Finished,1,Finished,1,2022,7,Monaco,18.0,73.678,0
15.0,LAT,6,Williams,19.0,+1 Lap,0,Other,1,2022,7,Monaco,19.0,74.403,0
16.0,ZHO,24,Kick Sauber,20.0,+1 Lap,0,Other,1,2022,7,Monaco,20.0,75.606,0
17.0,TSU,22,Racing Bulls,11.0,+1 Lap,0,Other,1,2022,7,Monaco,11.0,72.797,0
18.0,ALB,23,Williams,16.0,Mechanical,0,Other,1,2022,7,Monaco,16.0,73.611,0
19.0,MSC,47,Haas F1 Team,15.0,Accident,0,Crash,1,2022,7,Monaco,15.0,73.081,0
20.0,MAG,20,Haas F1 Team,13.0,Water pressure,0,Other,1,2022,7,Monaco,13.0,72.921,0
1.0,VER,1,Red Bull Racing,3.0,Finished,1,Finished,0,2022,8,Baku,3.0,101.706,0
2.0,PER,11,Red Bull Racing,2.0,Finished,1,Finished,0,2022,8,Baku,2.0,101.641,0
3.0,RUS,63,Mercedes,5.0,Finished,1,Finished,0,2022,8,Baku,5.0,102.712,0
4.0,HAM,44,Mercedes,7.0,Finished,1,Finished,0,2022,8,Baku,7.0,102.924,0
5.0,GAS,10,Racing Bulls,6.0,Finished,1,Finished,0,2022,8,Baku,6.0,102.845,0
6.0,VET,5,Aston Martin,9.0,Finished,1,Finished,0,2022,8,Baku,9.0,103.091,0
7.0,ALO,14,Alpine,10.0,Finished,1,Finished,0,2022,8,Baku,10.0,103.173,0
8.0,RIC,3,McLaren,12.0,Finished,1,Finished,0,2022,8,Baku,12.0,103.574,0
9.0,NOR,4,McLaren,11.0,Finished,1,Finished,0,2022,8,Baku,11.0,103.398,0
10.0,OCO,31,Alpine,13.0,Finished,1,Finished,0,2022,8,Baku,13.0,103.585,0
11.0,BOT,77,Kick Sauber,15.0,+1 Lap,0,Other,0,2022,8,Baku,15.0,104.444,0
12.0,ALB,23,Williams,17.0,+1 Lap,0,Other,0,2022,8,Baku,17.0,104.719,0
13.0,TSU,22,Racing Bulls,8.0,+1 Lap,0,Other,0,2022,8,Baku,8.0,103.056,0
14.0,MSC,47,Haas F1 Team,20.0,+1 Lap,0,Other,0,2022,8,Baku,20.0,105.775,0
15.0,LAT,6,Williams,18.0,+1 Lap,0,Other,0,2022,8,Baku,18.0,105.367,0
16.0,STR,18,Aston Martin,19.0,Vibrations,0,Other,0,2022,8,Baku,19.0,105.371,0
17.0,MAG,20,Haas F1 Team,16.0,Power Unit,0,Other,0,2022,8,Baku,16.0,104.643,0
18.0,ZHO,24,Kick Sauber,14.0,Hydraulics,0,Other,0,2022,8,Baku,14.0,103.777,0
19.0,LEC,16,Ferrari,1.0,Power Unit,0,Other,0,2022,8,Baku,1.0,101.359,0
20.0,SAI,55,Ferrari,4.0,Hydraulics,0,Other,0,2022,8,Baku,4.0,101.814,0
1.0,VER,1,Red Bull Racing,1.0,Finished,1,Finished,0,2022,9,Montréal,1.0,81.299,1
2.0,SAI,55,Ferrari,3.0,Finished,1,Finished,0,2022,9,Montréal,3.0,82.096,1
3.0,HAM,44,Mercedes,4.0,Finished,1,Finished,0,2022,9,Montréal,4.0,82.891,1
4.0,RUS,63,Mercedes,8.0,Finished,1,Finished,0,2022,9,Montréal,8.0,83.557,1
5.0,LEC,16,Ferrari,19.0,Finished,1,Finished,0,2022,9,Montréal,15.0,93.008,1
6.0,OCO,31,Alpine,7.0,Finished,1,Finished,0,2022,9,Montréal,7.0,83.529,1
7.0,BOT,77,Kick Sauber,11.0,Finished,1,Finished,0,2022,9,Montréal,11.0,86.788,1
8.0,ZHO,24,Kick Sauber,10.0,Finished,1,Finished,0,2022,9,Montréal,10.0,84.03,1
9.0,ALO,14,Alpine,2.0,Finished,1,Finished,0,2022,9,Montréal,2.0,81.944,1
10.0,STR,18,Aston Martin,17.0,Finished,1,Finished,0,2022,9,Montréal,18.0,95.532,1
11.0,RIC,3,McLaren,9.0,Finished,1,Finished,0,2022,9,Montréal,9.0,83.749,1
12.0,VET,5,Aston Martin,16.0,Finished,1,Finished,0,2022,9,Montréal,17.0,94.512,1
13.0,ALB,23,Williams,12.0,Finished,1,Finished,0,2022,9,Montréal,12.0,86.858,1
14.0,GAS,10,Racing Bulls,15.0,Finished,1,Finished,0,2022,9,Montréal,16.0,94.492,1
15.0,NOR,4,McLaren,14.0,Finished,1,Finished,0,2022,9,Montréal,14.0,94.066,1
16.0,LAT,6,Williams,18.0,Finished,1,Finished,0,2022,9,Montréal,19.0,95.66,1
17.0,MAG,20,Haas F1 Team,5.0,Finished,1,Finished,0,2022,9,Montréal,5.0,82.96,1
18.0,TSU,22,Racing Bulls,20.0,Accident,0,Crash,0,2022,9,Montréal,20.0,96.575,1
19.0,MSC,47,Haas F1 Team,6.0,Engine,0,Mechanical,0,2022,9,Montréal,6.0,83.356,1
20.0,PER,11,Red Bull Racing,13.0,Gearbox,0,Mechanical,0,2022,9,Montréal,13.0,93.127,1
1.0,SAI,55,Ferrari,1.0,Finished,1,Finished,1,2022,10,Silverstone,1.0,100.19,1
2.0,PER,11,Red Bull Racing,4.0,Finished,1,Finished,1,2022,10,Silverstone,4.0,100.521,1
3.0,HAM,44,Mercedes,5.0,Finished,1,Finished,1,2022,10,Silverstone,5.0,100.428,1
4.0,LEC,16,Ferrari,3.0,Finished,1,Finished,1,2022,10,Silverstone,3.0,99.846,1
5.0,ALO,14,Alpine,7.0,Finished,1,Finished,1,2022,10,Silverstone,7.0,101.598,1
6.0,NOR,4,McLaren,6.0,Finished,1,Finished,1,2022,10,Silverstone,6.0,101.515,1
7.0,VER,1,Red Bull Racing,2.0,Finished,1,Finished,1,2022,10,Silverstone,2.0,99.129,1
8.0,MSC,47,Haas F1 Team,19.0,Finished,1,Finished,1,2022,10,Silverstone,19.0,102.708,1
9.0,VET,5,Aston Martin,18.0,Finished,1,Finished,1,2022,10,Silverstone,18.0,102.666,1
10.0,MAG,20,Haas F1 Team,17.0,Finished,1,Finished,1,2022,10,Silverstone,17.0,102.159,1
11.0,STR,18,Aston Martin,20.0,Finished,1,Finished,1,2022,10,Silverstone,20.0,103.43,1
12.0,LAT,6,Williams,10.0,Finished,1,Finished,1,2022,10,Silverstone,10.0,101.998,1
13.0,RIC,3,McLaren,14.0,Finished,1,Finished,1,2022,10,Silverstone,14.0,101.933,1
14.0,TSU,22,Racing Bulls,13.0,Finished,1,Finished,1,2022,10,Silverstone,13.0,101.893,1
15.0,OCO,31,Alpine,15.0,Fuel pump,0,Other,1,2022,10,Silverstone,15.0,101.73,1
16.0,GAS,10,Racing Bulls,11.0,Collision damage,0,Other,1,2022,10,Silverstone,11.0,101.68,1
17.0,BOT,77,Kick Sauber,12.0,Gearbox,0,Mechanical,1,2022,10,Silverstone,12.0,101.396,1
18.0,RUS,63,Mercedes,8.0,Collision,0,Other,1,2022,10,Silverstone,8.0,100.028,1
19.0,ZHO,24,Kick Sauber,9.0,Collision,0,Other,1,2022,10,Silverstone,9.0,100.791,1
20.0,ALB,23,Williams,16.0,Collision,0,Other,1,2022,10,Silverstone,16.0,102.078,1
1.0,LEC,16,Ferrari,2.0,Finished,1,Finished,0,2022,11,Spielberg,2.0,65.013,0
2.0,VER,1,Red Bull Racing,1.0,Finished,1,Finished,0,2022,11,Spielberg,1.0,64.984,0
3.0,HAM,44,Mercedes,8.0,Finished,1,Finished,0,2022,11,Spielberg,9.0,65.475,0
4.0,RUS,63,Mercedes,4.0,Finished,1,Finished,0,2022,11,Spielberg,4.0,65.431,0
5.0,OCO,31,Alpine,6.0,Finished,1,Finished,0,2022,11,Spielberg,5.0,65.726,0
6.0,MSC,47,Haas F1 Team,9.0,+1 Lap,0,Other,0,2022,11,Spielberg,7.0,66.011,0
7.0,NOR,4,McLaren,10.0,+1 Lap,0,Other,0,2022,11,Spielberg,15.0,66.33,0
8.0,MAG,20,Haas F1 Team,7.0,+1 Lap,0,Other,0,2022,11,Spielberg,6.0,65.879,0
9.0,RIC,3,McLaren,11.0,+1 Lap,0,Other,0,2022,11,Spielberg,16.0,66.613,0
10.0,ALO,14,Alpine,19.0,+1 Lap,0,Other,0,2022,11,Spielberg,8.0,66.016,0
11.0,BOT,77,Kick Sauber,21.0,+1 Lap,0,Other,0,2022,11,Spielberg,12.0,66.319,0
12.0,ALB,23,Williams,15.0,+1 Lap,0,Other,0,2022,11,Spielberg,11.0,66.23,0
13.0,STR,18,Aston Martin,12.0,+1 Lap,0,Other,0,2022,11,Spielberg,17.0,66.847,0
14.0,ZHO,24,Kick Sauber,13.0,+1 Lap,0,Other,0,2022,11,Spielberg,18.0,66.901,0
15.0,GAS,10,Racing Bulls,14.0,+1 Lap,0,Other,0,2022,11,Spielberg,10.0,66.16,0
16.0,TSU,22,Racing Bulls,16.0,+1 Lap,0,Other,0,2022,11,Spielberg,14.0,66.463,0
17.0,VET,5,Aston Martin,18.0,+1 Lap,0,Other,0,2022,11,Spielberg,20.0,67.083,0
18.0,SAI,55,Ferrari,3.0,Power Unit,0,Other,0,2022,11,Spielberg,3.0,65.066,0
19.0,LAT,6,Williams,17.0,Undertray,0,Other,0,2022,11,Spielberg,19.0,67.003,0
20.0,PER,11,Red Bull Racing,5.0,Collision damage,0,Other,0,2022,11,Spielberg,13.0,65.404,0
1.0,VER,1,Red Bull Racing,2.0,Finished,1,Finished,0,2022,12,Le Castellet,2.0,91.176,0
2.0,HAM,44,Mercedes,4.0,Finished,1,Finished,0,2022,12,Le Castellet,4.0,91.765,0
3.0,RUS,63,Mercedes,6.0,Finished,1,Finished,0,2022,12,Le Castellet,6.0,92.131,0
4.0,PER,11,Red Bull Racing,3.0,Finished,1,Finished,0,2022,12,Le Castellet,3.0,91.335,0
5.0,SAI,55,Ferrari,19.0,Finished,1,Finished,0,2022,12,Le Castellet,9.0,91.081,0
6.0,ALO,14,Alpine,7.0,Finished,1,Finished,0,2022,12,Le Castellet,7.0,92.552,0
7.0,NOR,4,McLaren,5.0,Finished,1,Finished,0,2022,12,Le Castellet,5.0,92.032,0
8.0,OCO,31,Alpine,10.0,Finished,1,Finished,0,2022,12,Le Castellet,12.0,93.048,0
9.0,RIC,3,McLaren,9.0,Finished,1,Finished,0,2022,12,Le Castellet,11.0,92.922,0
10.0,STR,18,Aston Martin,15.0,Finished,1,Finished,0,2022,12,Le Castellet,17.0,93.439,0
11.0,VET,5,Aston Martin,12.0,Finished,1,Finished,0,2022,12,Le Castellet,14.0,93.276,0
12.0,GAS,10,Racing Bulls,14.0,Finished,1,Finished,0,2022,12,Le Castellet,16.0,93.439,0
13.0,ALB,23,Williams,13.0,Finished,1,Finished,0,2022,12,Le Castellet,15.0,93.307,0
14.0,BOT,77,Kick Sauber,11.0,Finished,1,Finished,0,2022,12,Le Castellet,13.0,93.034,0
15.0,MSC,47,Haas F1 Team,17.0,Finished,1,Finished,0,2022,12,Le Castellet,19.0,93.701,0
16.0,ZHO,24,Kick Sauber,16.0,+6 Laps,0,Other,0,2022,12,Le Castellet,18.0,93.674,0
17.0,LAT,6,Williams,18.0,Collision damage,0,Other,0,2022,12,Le Castellet,20.0,93.794,0
18.0,MAG,20,Haas F1 Team,20.0,Collision damage,0,Other,0,2022,12,Le Castellet,10.0,92.649,0
19.0,LEC,16,Ferrari,1.0,Accident,0,Crash,0,2022,12,Le Castellet,1.0,90.872,0
20.0,TSU,22,Racing Bulls,8.0,Undertray,0,Other,0,2022,12,Le Castellet,8.0,92.78,0
1.0,VER,1,Red Bull Racing,10.0,Finished,1,Finished,1,2022,13,Budapest,10.0,77.703,0
2.0,HAM,44,Mercedes,7.0,Finished,1,Finished,1,2022,13,Budapest,7.0,78.035,0
3.0,RUS,63,Mercedes,1.0,Finished,1,Finished,1,2022,13,Budapest,1.0,77.377,0
4.0,SAI,55,Ferrari,2.0,Finished,1,Finished,1,2022,13,Budapest,2.0,77.421,0
5.0,PER,11,Red Bull Racing,11.0,Finished,1,Finished,1,2022,13,Budapest,11.0,78.516,0
6.0,LEC,16,Ferrari,3.0,Finished,1,Finished,1,2022,13,Budapest,3.0,77.567,0
7.0,NOR,4,McLaren,4.0,Finished,1,Finished,1,2022,13,Budapest,4.0,77.769,0
8.0,ALO,14,Alpine,6.0,+1 Lap,0,Other,1,2022,13,Budapest,6.0,77.904,0
9.0,OCO,31,Alpine,5.0,+1 Lap,0,Other,1,2022,13,Budapest,5.0,78.018,0
10.0,VET,5,Aston Martin,18.0,+1 Lap,0,Other,1,2022,13,Budapest,18.0,79.273,0
11.0,STR,18,Aston Martin,14.0,+1 Lap,0,Other,1,2022,13,Budapest,14.0,79.137,0
12.0,GAS,10,Racing Bulls,21.0,+1 Lap,0,Other,1,2022,13,Budapest,19.0,79.527,0
13.0,ZHO,24,Kick Sauber,12.0,+1 Lap,0,Other,1,2022,13,Budapest,12.0,78.573,0
14.0,MSC,47,Haas F1 Team,15.0,+1 Lap,0,Other,1,2022,13,Budapest,15.0,79.164,0
15.0,RIC,3,McLaren,9.0,+1 Lap,0,Other,1,2022,13,Budapest,9.0,78.198,0
16.0,MAG,20,Haas F1 Team,13.0,+1 Lap,0,Other,1,2022,13,Budapest,13.0,78.825,0
17.0,ALB,23,Williams,17.0,+1 Lap,0,Other,1,2022,13,Budapest,17.0,79.256,0
18.0,LAT,6,Williams,19.0,+1 Lap,0,Other,1,2022,13,Budapest,20.0,79.57,0
19.0,TSU,22,Racing Bulls,16.0,+2 Laps,0,Other,1,2022,13,Budapest,16.0,79.24,0
20.0,BOT,77,Kick Sauber,8.0,Power Unit,0,Other,1,2022,13,Budapest,8.0,78.157,0
1.0,VER,1,Red Bull Racing,14.0,Finished,1,Finished,0,2022,14,Spa-Francorchamps,1.0,103.665,0
2.0,PER,11,Red Bull Racing,2.0,Finished,1,Finished,0,2022,14,Spa-Francorchamps,3.0,104.462,0
3.0,SAI,55,Ferrari,1.0,Finished,1,Finished,0,2022,14,Spa-Francorchamps,2.0,104.297,0
4.0,RUS,63,Mercedes,5.0,Finished,1,Finished,0,2022,14,Spa-Francorchamps,8.0,105.461,0
5.0,ALO,14,Alpine,3.0,Finished,1,Finished,0,2022,14,Spa-Francorchamps,6.0,105.368,0
6.0,LEC,16,Ferrari,15.0,Finished,1,Finished,0,2022,14,Spa-Francorchamps,4.0,104.551,0
7.0,OCO,31,Alpine,16.0,Finished,1,Finished,0,2022,14,Spa-Francorchamps,5.0,105.18,0
8.0,VET,5,Aston Martin,10.0,Finished,1,Finished,0,2022,14,Spa-Francorchamps,16.0,106.344,0
9.0,GAS,10,Racing Bulls,21.0,Finished,1,Finished,0,2022,14,Spa-Francorchamps,12.0,105.827,0
10.0,ALB,23,Williams,6.0,Finished,1,Finished,0,2022,14,Spa-Francorchamps,9.0,105.672,0
11.0,STR,18,Aston Martin,9.0,Finished,1,Finished,0,2022,14,Spa-Francorchamps,14.0,106.256,0
12.0,NOR,4,McLaren,17.0,Finished,1,Finished,0,2022,14,Spa-Francorchamps,10.0,105.603,0
13.0,TSU,22,Racing Bulls,21.0,Finished,1,Finished,0,2022,14,Spa-Francorchamps,19.0,106.692,0
14.0,ZHO,24,Kick Sauber,18.0,Finished,1,Finished,0,2022,14,Spa-Francorchamps,13.0,106.085,0
15.0,RIC,3,McLaren,7.0,Finished,1,Finished,0,2022,14,Spa-Francorchamps,11.0,105.767,0
16.0,MAG,20,Haas F1 Team,12.0,+1 Lap,0,Other,0,2022,14,Spa-Francorchamps,18.0,106.557,0
17.0,MSC,47,Haas F1 Team,19.0,+1 Lap,0,Other,0,2022,14,Spa-Francorchamps,15.0,106.342,0
18.0,LAT,6,Williams,11.0,+1 Lap,0,Other,0,2022,14,Spa-Francorchamps,17.0,106.401,0
19.0,BOT,77,Kick Sauber,13.0,Accident,0,Crash,0,2022,14,Spa-Francorchamps,20.0,107.866,0
20.0,HAM,44,Mercedes,4.0,Collision damage,0,Other,0,2022,14,Spa-Francorchamps,7.0,105.42,0
1.0,VER,1,Red Bull Racing,1.0,Finished,1,Finished,0,2022,15,Zandvoort,1.0,70.342,0
2.0,RUS,63,Mercedes,6.0,Finished,1,Finished,0,2022,15,Zandvoort,6.0,70.824,0
3.0,LEC,16,Ferrari,2.0,Finished,1,Finished,0,2022,15,Zandvoort,2.0,70.363,0
4.0,HAM,44,Mercedes,4.0,Finished,1,Finished,0,2022,15,Zandvoort,4.0,70.648,0
5.0,PER,11,Red Bull Racing,5.0,Finished,1,Finished,0,2022,15,Zandvoort,5.0,71.077,0
6.0,ALO,14,Alpine,13.0,Finished,1,Finished,0,2022,15,Zandvoort,13.0,71.613,0
7.0,NOR,4,McLaren,7.0,Finished,1,Finished,0,2022,15,Zandvoort,7.0,71.116,0
8.0,SAI,55,Ferrari,3.0,Finished,1,Finished,0,2022,15,Zandvoort,3.0,70.434,0
9.0,OCO,31,Alpine,12.0,Finished,1,Finished,0,2022,15,Zandvoort,12.0,71.605,0
10.0,STR,18,Aston Martin,10.0,Finished,1,Finished,0,2022,15,Zandvoort,10.0,71.416,0
11.0,GAS,10,Racing Bulls,11.0,Finished,1,Finished,0,2022,15,Zandvoort,11.0,71.512,0
12.0,ALB,23,Williams,15.0,Finished,1,Finished,0,2022,15,Zandvoort,15.0,71.695,0
13.0,MSC,47,Haas F1 Team,8.0,Finished,1,Finished,0,2022,15,Zandvoort,8.0,71.42,0
14.0,VET,5,Aston Martin,19.0,Finished,1,Finished,0,2022,15,Zandvoort,19.0,72.391,0
15.0,MAG,20,Haas F1 Team,18.0,Finished,1,Finished,0,2022,15,Zandvoort,18.0,72.319,0
16.0,ZHO,24,Kick Sauber,14.0,Finished,1,Finished,0,2022,15,Zandvoort,14.0,71.704,0
17.0,RIC,3,McLaren,17.0,Finished,1,Finished,0,2022,15,Zandvoort,17.0,72.081,0
18.0,LAT,6,Williams,20.0,+1 Lap,0,Other,0,2022,15,Zandvoort,20.0,73.353,0
19.0,BOT,77,Kick Sauber,16.0,Engine,0,Mechanical,0,2022,15,Zandvoort,16.0,71.961,0
20.0,TSU,22,Racing Bulls,9.0,Differential,0,Other,0,2022,15,Zandvoort,9.0,71.427,0
1.0,VER,1,Red Bull Racing,7.0,Finished,1,Finished,0,2022,16,Monza,2.0,80.306,0
2.0,LEC,16,Ferrari,1.0,Finished,1,Finished,0,2022,16,Monza,1.0,80.161,0
3.0,RUS,63,Mercedes,2.0,Finished,1,Finished,0,2022,16,Monza,6.0,81.542,0
4.0,SAI,55,Ferrari,18.0,Finished,1,Finished,0,2022,16,Monza,3.0,80.429,0
5.0,HAM,44,Mercedes,19.0,Finished,1,Finished,0,2022,16,Monza,5.0,81.524,0
6.0,PER,11,Red Bull Racing,13.0,Finished,1,Finished,0,2022,16,Monza,4.0,81.206,0
7.0,NOR,4,McLaren,3.0,Finished,1,Finished,0,2022,16,Monza,7.0,81.584,0
8.0,GAS,10,Racing Bulls,5.0,Finished,1,Finished,0,2022,16,Monza,9.0,82.01,0
9.0,DEV,45,Williams,8.0,Finished,1,Finished,0,2022,16,Monza,13.0,82.471,0
10.0,ZHO,24,Kick Sauber,9.0,Finished,1,Finished,0,2022,16,Monza,14.0,82.003,0
11.0,OCO,31,Alpine,14.0,Finished,1,Finished,0,2022,16,Monza,11.0,82.13,0
12.0,MSC,47,Haas F1 Team,17.0,Finished,1,Finished,0,2022,16,Monza,20.0,83.005,0
13.0,BOT,77,Kick Sauber,15.0,+1 Lap,0,Other,0,2022,16,Monza,12.0,82.235,0
14.0,TSU,22,Racing Bulls,20.0,+1 Lap,0,Other,0,2022,16,Monza,15.0,82.02,0
15.0,LAT,6,Williams,10.0,+1 Lap,0,Other,0,2022,16,Monza,16.0,82.587,0
16.0,MAG,20,Haas F1 Team,16.0,+1 Lap,0,Other,0,2022,16,Monza,19.0,82.908,0
17.0,RIC,3,McLaren,4.0,Oil leak,0,Other,0,2022,16,Monza,8.0,81.855,0
18.0,STR,18,Aston Martin,12.0,Engine,0,Mechanical,0,2022,16,Monza,18.0,82.748,0
19.0,ALO,14,Alpine,6.0,Water pressure,0,Other,0,2022,16,Monza,10.0,81.861,0
20.0,VET,5,Aston Martin,11.0,Engine,0,Mechanical,0,2022,16,Monza,17.0,82.636,0
1.0,PER,11,Red Bull Racing,2.0,Finished,1,Finished,1,2022,17,Marina Bay,2.0,109.434,0
2.0,LEC,16,Ferrari,1.0,Finished,1,Finished,1,2022,17,Marina Bay,1.0,109.412,0
3.0,SAI,55,Ferrari,4.0,Finished,1,Finished,1,2022,17,Marina Bay,4.0,109.583,0
4.0,NOR,4,McLaren,6.0,Finished,1,Finished,1,2022,17,Marina Bay,6.0,110.584,0
5.0,RIC,3,McLaren,16.0,Finished,1,Finished,1,2022,17,Marina Bay,17.0,116.226,0
6.0,STR,18,Aston Martin,11.0,Finished,1,Finished,1,2022,17,Marina Bay,12.0,114.211,0
7.0,VER,1,Red Bull Racing,8.0,Finished,1,Finished,1,2022,17,Marina Bay,8.0,111.395,0
8.0,VET,5,Aston Martin,13.0,Finished,1,Finished,1,2022,17,Marina Bay,14.0,114.38,0
9.0,HAM,44,Mercedes,3.0,Finished,1,Finished,1,2022,17,Marina Bay,3.0,109.466,0
10.0,GAS,10,Racing Bulls,7.0,Finished,1,Finished,1,2022,17,Marina Bay,7.0,111.211,0
11.0,BOT,77,Kick Sauber,15.0,Finished,1,Finished,1,2022,17,Marina Bay,16.0,116.083,0
12.0,MAG,20,Haas F1 Team,9.0,Finished,1,Finished,1,2022,17,Marina Bay,9.0,111.573,0
13.0,MSC,47,Haas F1 Team,12.0,+1 Lap,0,Other,1,2022,17,Marina Bay,13.0,114.37,0
14.0,RUS,63,Mercedes,21.0,+2 Laps,0,Other,1,2022,17,Marina Bay,11.0,114.012,0
15.0,TSU,22,Racing Bulls,10.0,Accident,0,Crash,1,2022,17,Marina Bay,10.0,111.983,0
16.0,OCO,31,Alpine,17.0,Engine,0,Mechanical,1,2022,17,Marina Bay,18.0,116.337,0
17.0,ALB,23,Williams,18.0,Collision damage,0,Other,1,2022,17,Marina Bay,19.0,116.985,0
18.0,ALO,14,Alpine,5.0,Engine,0,Mechanical,1,2022,17,Marina Bay,5.0,109.966,0
19.0,LAT,6,Williams,19.0,Collision damage,0,Other,1,2022,17,Marina Bay,20.0,117.532,0
20.0,ZHO,24,Kick Sauber,14.0,Collision,0,Other,1,2022,17,Marina Bay,15.0,115.375,0
1.0,VER,1,Red Bull Racing,1.0,Finished,1,Finished,1,2022,18,Suzuka,1.0,89.304,0
2.0,PER,11,Red Bull Racing,4.0,Finished,1,Finished,1,2022,18,Suzuka,4.0,89.709,0
3.0,LEC,16,Ferrari,2.0,Finished,1,Finished,1,2022,18,Suzuka,2.0,89.314,0
4.0,OCO,31,Alpine,5.0,Finished,1,Finished,1,2022,18,Suzuka,5.0,90.165,0
5.0,HAM,44,Mercedes,6.0,Finished,1,Finished,1,2022,18,Suzuka,6.0,90.261,0
6.0,VET,5,Aston Martin,9.0,Finished,1,Finished,1,2022,18,Suzuka,9.0,90.554,0
7.0,ALO,14,Alpine,7.0,Finished,1,Finished,1,2022,18,Suzuka,7.0,90.322,0
8.0,RUS,63,Mercedes,8.0,Finished,1,Finished,1,2022,18,Suzuka,8.0,90.389,0
9.0,LAT,6,Williams,20.0,Finished,1,Finished,1,2022,18,Suzuka,20.0,91.511,0
10.0,NOR,4,McLaren,10.0,Finished,1,Finished,1,2022,18,Suzuka,10.0,90.473,0
11.0,RIC,3,McLaren,11.0,Finished,1,Finished,1,2022,18,Suzuka,11.0,90.659,0
12.0,STR,18,Aston Martin,19.0,Finished,1,Finished,1,2022,18,Suzuka,19.0,91.419,0
13.0,TSU,22,Racing Bulls,13.0,Finished,1,Finished,1,2022,18,Suzuka,13.0,90.808,0
14.0,MAG,20,Haas F1 Team,18.0,Finished,1,Finished,1,2022,18,Suzuka,18.0,91.352,0
15.0,BOT,77,Kick Sauber,12.0,Finished,1,Finished,1,2022,18,Suzuka,12.0,90.709,0
16.0,ZHO,24,Kick Sauber,14.0,Finished,1,Finished,1,2022,18,Suzuka,14.0,90.894,0
17.0,MSC,47,Haas F1 Team,15.0,Finished,1,Finished,1,2022,18,Suzuka,15.0,91.152,0
18.0,GAS,10,Racing Bulls,17.0,Finished,1,Finished,1,2022,18,Suzuka,17.0,91.322,0
19.0,SAI,55,Ferrari,3.0,Accident,0,Crash,1,2022,18,Suzuka,3.0,89.361,0
20.0,ALB,23,Williams,16.0,Hydraulics,0,Other,1,2022,18,Suzuka,16.0,91.311,0
1.0,VER,1,Red Bull Racing,2.0,Finished,1,Finished,0,2022,19,Austin,3.0,94.448,0
2.0,HAM,44,Mercedes,3.0,Finished,1,Finished,0,2022,19,Austin,5.0,94.947,0
3.0,LEC,16,Ferrari,12.0,Finished,1,Finished,0,2022,19,Austin,2.0,94.421,0
4.0,PER,11,Red Bull Racing,9.0,Finished,1,Finished,0,2022,19,Austin,4.0,94.645,0
5.0,RUS,63,Mercedes,4.0,Finished,1,Finished,0,2022,19,Austin,6.0,94.988,0
6.0,NOR,4,McLaren,6.0,Finished,1,Finished,0,2022,19,Austin,8.0,95.69,0
7.0,ALO,14,Alpine,14.0,Finished,1,Finished,0,2022,19,Austin,9.0,95.876,0
8.0,VET,5,Aston Martin,10.0,Finished,1,Finished,0,2022,19,Austin,12.0,96.398,0
9.0,MAG,20,Haas F1 Team,13.0,Finished,1,Finished,0,2022,19,Austin,16.0,96.949,0
10.0,TSU,22,Racing Bulls,19.0,Finished,1,Finished,0,2022,19,Austin,15.0,96.808,0
11.0,OCO,31,Alpine,21.0,Finished,1,Finished,0,2022,19,Austin,18.0,97.068,0
12.0,ZHO,24,Kick Sauber,18.0,Finished,1,Finished,0,2022,19,Austin,14.0,96.656,0
13.0,ALB,23,Williams,8.0,Finished,1,Finished,0,2022,19,Austin,11.0,96.368,0
14.0,GAS,10,Racing Bulls,11.0,Finished,1,Finished,0,2022,19,Austin,13.0,96.577,0
15.0,MSC,47,Haas F1 Team,16.0,Finished,1,Finished,0,2022,19,Austin,19.0,97.111,0
16.0,RIC,3,McLaren,15.0,Finished,1,Finished,0,2022,19,Austin,17.0,97.046,0
17.0,LAT,6,Williams,17.0,Finished,1,Finished,0,2022,19,Austin,20.0,97.244,0
18.0,STR,18,Aston Martin,5.0,Collision,0,Other,0,2022,19,Austin,7.0,95.598,0
19.0,BOT,77,Kick Sauber,7.0,Spun off,0,Other,0,2022,19,Austin,10.0,96.319,0
20.0,SAI,55,Ferrari,1.0,Collision damage,0,Other,0,2022,19,Austin,1.0,94.356,0
1.0,VER,1,Red Bull Racing,1.0,Finished,1,Finished,0,2022,20,Mexico City,1.0,77.775,0
2.0,HAM,44,Mercedes,3.0,Finished,1,Finished,0,2022,20,Mexico City,3.0,78.084,0
3.0,PER,11,Red Bull Racing,4.0,Finished,1,Finished,0,2022,20,Mexico City,4.0,78.128,0
4.0,RUS,63,Mercedes,2.0,Finished,1,Finished,0,2022,20,Mexico City,2.0,78.079,0
5.0,SAI,55,Ferrari,5.0,Finished,1,Finished,0,2022,20,Mexico City,5.0,78.351,0
6.0,LEC,16,Ferrari,7.0,Finished,1,Finished,0,2022,20,Mexico City,7.0,78.555,0
7.0,RIC,3,McLaren,11.0,+1 Lap,0,Other,0,2022,20,Mexico City,11.0,79.325,0
8.0,OCO,31,Alpine,10.0,+1 Lap,0,Other,0,2022,20,Mexico City,10.0,79.01,0
9.0,NOR,4,McLaren,8.0,+1 Lap,0,Other,0,2022,20,Mexico City,8.0,78.721,0
10.0,BOT,77,Kick Sauber,6.0,+1 Lap,0,Other,0,2022,20,Mexico City,6.0,78.401,0
11.0,GAS,10,Racing Bulls,14.0,+1 Lap,0,Other,0,2022,20,Mexico City,14.0,79.672,0
12.0,ALB,23,Williams,17.0,+1 Lap,0,Other,0,2022,20,Mexico City,19.0,80.859,0
13.0,ZHO,24,Kick Sauber,12.0,+1 Lap,0,Other,0,2022,20,Mexico City,12.0,79.476,0
14.0,VET,5,Aston Martin,16.0,+1 Lap,0,Other,0,2022,20,Mexico City,17.0,80.419,0
15.0,STR,18,Aston Martin,20.0,+1 Lap,0,Other,0,2022,20,Mexico City,18.0,80.52,0
16.0,MSC,47,Haas F1 Team,15.0,+1 Lap,0,Other,0,2022,20,Mexico City,16.0,80.419,0
17.0,MAG,20,Haas F1 Team,19.0,+1 Lap,0,Other,0,2022,20,Mexico City,15.0,79.833,0
18.0,LAT,6,Williams,18.0,+2 Laps,0,Other,0,2022,20,Mexico City,20.0,81.167,0
19.0,ALO,14,Alpine,9.0,Engine,0,Mechanical,0,2022,20,Mexico City,9.0,78.939,0
20.0,TSU,22,Racing Bulls,13.0,Collision damage,0,Other,0,2022,20,Mexico City,13.0,79.589,0
1.0,RUS,63,Mercedes,1.0,Finished,1,Finished,0,2022,21,São Paulo,3.0,71.318,1
2.0,HAM,44,Mercedes,2.0,Finished,1,Finished,0,2022,21,São Paulo,8.0,71.539,1
3.0,SAI,55,Ferrari,7.0,Finished,1,Finished,0,2022,21,São Paulo,5.0,70.89,1
4.0,LEC,16,Ferrari,5.0,Finished,1,Finished,0,2022,21,São Paulo,10.0,70.95,1
5.0,ALO,14,Alpine,17.0,Finished,1,Finished,0,2022,21,São Paulo,7.0,71.394,1
6.0,VER,1,Red Bull Racing,3.0,Finished,1,Finished,0,2022,21,São Paulo,2.0,70.881,1
7.0,PER,11,Red Bull Racing,4.0,Finished,1,Finished,0,2022,21,São Paulo,9.0,71.456,1
8.0,OCO,31,Alpine,16.0,Finished,1,Finished,0,2022,21,São Paulo,6.0,71.587,1
9.0,BOT,77,Kick Sauber,14.0,Finished,1,Finished,0,2022,21,São Paulo,18.0,75.486,1
10.0,STR,18,Aston Martin,15.0,Finished,1,Finished,0,2022,21,São Paulo,15.0,72.21,1
11.0,VET,5,Aston Martin,9.0,Finished,1,Finished,0,2022,21,São Paulo,13.0,71.678,1
12.0,ZHO,24,Kick Sauber,13.0,Finished,1,Finished,0,2022,21,São Paulo,17.0,75.197,1
13.0,MSC,47,Haas F1 Team,12.0,Finished,1,Finished,0,2022,21,São Paulo,20.0,76.361,1
14.0,GAS,10,Racing Bulls,10.0,Finished,1,Finished,0,2022,21,São Paulo,12.0,71.675,1
15.0,ALB,23,Williams,19.0,Finished,1,Finished,0,2022,21,São Paulo,11.0,71.631,1
16.0,LAT,6,Williams,18.0,Finished,1,Finished,0,2022,21,São Paulo,16.0,75.095,1
17.0,TSU,22,Racing Bulls,21.0,+1 Lap,0,Other,0,2022,21,São Paulo,19.0,76.264,1
18.0,NOR,4,McLaren,6.0,Gearbox,0,Mechanical,0,2022,21,São Paulo,4.0,71.377,1
19.0,MAG,20,Haas F1 Team,8.0,Collision,0,Other,0,2022,21,São Paulo,1.0,71.41,1
20.0,RIC,3,McLaren,11.0,Collision,0,Other,0,2022,21,São Paulo,14.0,72.14,1
1.0,VER,1,Red Bull Racing,1.0,Finished,1,Finished,0,2022,22,Yas Island,1.0,83.824,0
2.0,LEC,16,Ferrari,3.0,Finished,1,Finished,0,2022,22,Yas Island,3.0,84.092,0
3.0,PER,11,Red Bull Racing,2.0,Finished,1,Finished,0,2022,22,Yas Island,2.0,84.052,0
4.0,SAI,55,Ferrari,4.0,Finished,1,Finished,0,2022,22,Yas Island,4.0,84.242,0
5.0,RUS,63,Mercedes,6.0,Finished,1,Finished,0,2022,22,Yas Island,6.0,84.511,0
6.0,NOR,4,McLaren,7.0,Finished,1,Finished,0,2022,22,Yas Island,7.0,84.769,0
7.0,OCO,31,Alpine,8.0,Finished,1,Finished,0,2022,22,Yas Island,8.0,84.83,0
8.0,STR,18,Aston Martin,14.0,Finished,1,Finished,0,2022,22,Yas Island,14.0,85.359,0
9.0,RIC,3,McLaren,13.0,Finished,1,Finished,0,2022,22,Yas Island,10.0,85.045,0
10.0,VET,5,Aston Martin,9.0,Finished,1,Finished,0,2022,22,Yas Island,9.0,84.961,0
11.0,TSU,22,Racing Bulls,11.0,Finished,1,Finished,0,2022,22,Yas Island,12.0,85.219,0
12.0,ZHO,24,Kick Sauber,15.0,+1 Lap,0,Other,0,2022,22,Yas Island,15.0,85.408,0
13.0,ALB,23,Williams,19.0,+1 Lap,0,Other,0,2022,22,Yas Island,19.0,86.028,0
14.0,GAS,10,Racing Bulls,17.0,+1 Lap,0,Other,0,2022,22,Yas Island,17.0,85.859,0
15.0,BOT,77,Kick Sauber,18.0,+1 Lap,0,Other,0,2022,22,Yas Island,18.0,85.892,0
16.0,MSC,47,Haas F1 Team,12.0,+1 Lap,0,Other,0,2022,22,Yas Island,13.0,85.225,0
17.0,MAG,20,Haas F1 Team,16.0,+1 Lap,0,Other,0,2022,22,Yas Island,16.0,85.834,0
18.0,HAM,44,Mercedes,5.0,Hydraulics,0,Other,0,2022,22,Yas Island,5.0,84.508,0
19.0,LAT,6,Williams,20.0,Collision damage,0,Other,0,2022,22,Yas Island,20.0,86.054,0
20.0,ALO,14,Alpine,10.0,Water leak,0,Other,0,2022,22,Yas Island,11.0,85.096,0
1.0,VER,1,Red Bull Racing,1.0,Finished,1,Finished,0,2023,1,Sakhir,1.0,89.708,0
2.0,PER,11,Red Bull Racing,2.0,Finished,1,Finished,0,2023,1,Sakhir,2.0,89.846,0
3.0,ALO,14,Aston Martin,5.0,Finished,1,Finished,0,2023,1,Sakhir,5.0,90.336,0
4.0,SAI,55,Ferrari,4.0,Finished,1,Finished,0,2023,1,Sakhir,4.0,90.154,0
5.0,HAM,44,Mercedes,7.0,Finished,1,Finished,0,2023,1,Sakhir,7.0,90.384,0
6.0,STR,18,Aston Martin,8.0,Finished,1,Finished,0,2023,1,Sakhir,8.0,90.836,0
7.0,RUS,63,Mercedes,6.0,Finished,1,Finished,0,2023,1,Sakhir,6.0,90.34,0
8.0,BOT,77,Kick Sauber,12.0,Finished,1,Finished,0,2023,1,Sakhir,12.0,91.443,0
9.0,GAS,10,Alpine,20.0,Finished,1,Finished,0,2023,1,Sakhir,20.0,92.181,0
10.0,ALB,23,Williams,15.0,Finished,1,Finished,0,2023,1,Sakhir,15.0,91.461,0
11.0,TSU,22,Racing Bulls,14.0,Finished,1,Finished,0,2023,1,Sakhir,14.0,91.4,0
12.0,SAR,2,Williams,16.0,Lapped,0,Other,0,2023,1,Sakhir,16.0,91.652,0
13.0,MAG,20,Haas F1 Team,17.0,Lapped,0,Other,0,2023,1,Sakhir,17.0,91.892,0
14.0,DEV,21,Racing Bulls,19.0,Lapped,0,Other,0,2023,1,Sakhir,19.0,92.121,0
15.0,HUL,27,Haas F1 Team,10.0,Lapped,0,Other,0,2023,1,Sakhir,10.0,90.809,0
16.0,ZHO,24,Kick Sauber,13.0,Lapped,0,Other,0,2023,1,Sakhir,13.0,91.473,0
17.0,NOR,4,McLaren,11.0,Lapped,0,Other,0,2023,1,Sakhir,11.0,91.381,0
18.0,OCO,31,Alpine,9.0,Retired,0,Other,0,2023,1,Sakhir,9.0,90.914,0
19.0,LEC,16,Ferrari,3.0,Retired,0,Other,0,2023,1,Sakhir,3.0,90.0,0
20.0,PIA,81,McLaren,18.0,Retired,0,Other,0,2023,1,Sakhir,18.0,92.101,0
1.0,PER,11,Red Bull Racing,1.0,Finished,1,Finished,0,2023,2,Jeddah,1.0,88.265,0
2.0,VER,1,Red Bull Racing,15.0,Finished,1,Finished,0,2023,2,Jeddah,15.0,88.761,0
3.0,ALO,14,Aston Martin,2.0,Finished,1,Finished,0,2023,2,Jeddah,3.0,88.73,0
4.0,RUS,63,Mercedes,3.0,Finished,1,Finished,0,2023,2,Jeddah,4.0,88.857,0
5.0,HAM,44,Mercedes,7.0,Finished,1,Finished,0,2023,2,Jeddah,8.0,89.223,0
6.0,SAI,55,Ferrari,4.0,Finished,1,Finished,0,2023,2,Jeddah,5.0,88.931,0
7.0,LEC,16,Ferrari,12.0,Finished,1,Finished,0,2023,2,Jeddah,2.0,88.42,0
8.0,OCO,31,Alpine,6.0,Finished,1,Finished,0,2023,2,Jeddah,7.0,89.078,0
9.0,GAS,10,Alpine,9.0,Finished,1,Finished,0,2023,2,Jeddah,10.0,89.357,0
10.0,MAG,20,Haas F1 Team,13.0,Finished,1,Finished,0,2023,2,Jeddah,13.0,89.634,0
11.0,TSU,22,Racing Bulls,16.0,Finished,1,Finished,0,2023,2,Jeddah,16.0,89.939,0
12.0,HUL,27,Haas F1 Team,10.0,Finished,1,Finished,0,2023,2,Jeddah,11.0,89.451,0
13.0,ZHO,24,Kick Sauber,11.0,Finished,1,Finished,0,2023,2,Jeddah,12.0,89.461,0
14.0,DEV,21,Racing Bulls,18.0,Finished,1,Finished,0,2023,2,Jeddah,18.0,90.244,0
15.0,PIA,81,McLaren,8.0,Finished,1,Finished,0,2023,2,Jeddah,9.0,89.243,0
16.0,SAR,2,Williams,20.0,Finished,1,Finished,0,2023,2,Jeddah,20.0,128.51,0
17.0,NOR,4,McLaren,19.0,Finished,1,Finished,0,2023,2,Jeddah,19.0,90.447,0
18.0,BOT,77,Kick Sauber,14.0,Lapped,0,Other,0,2023,2,Jeddah,14.0,89.668,0
19.0,ALB,23,Williams,17.0,Retired,0,Other,0,2023,2,Jeddah,17.0,89.994,0
20.0,STR,18,Aston Martin,5.0,Retired,0,Other,0,2023,2,Jeddah,6.0,88.945,0
1.0,VER,1,Red Bull Racing,1.0,Finished,1,Finished,0,2023,3,Melbourne,1.0,76.732,1
2.0,HAM,44,Mercedes,3.0,Finished,1,Finished,0,2023,3,Melbourne,3.0,77.104,1
3.0,ALO,14,Aston Martin,4.0,Finished,1,Finished,0,2023,3,Melbourne,4.0,77.139,1
4.0,STR,18,Aston Martin,6.0,Finished,1,Finished,0,2023,3,Melbourne,6.0,77.308,1
5.0,PER,11,Red Bull Racing,20.0,Finished,1,Finished,0,2023,3,Melbourne,20.0,84.0575,1
6.0,NOR,4,McLaren,13.0,Finished,1,Finished,0,2023,3,Melbourne,13.0,78.119,1
7.0,HUL,27,Haas F1 Team,10.0,Finished,1,Finished,0,2023,3,Melbourne,10.0,77.412,1
8.0,PIA,81,McLaren,16.0,Finished,1,Finished,0,2023,3,Melbourne,16.0,78.517,1
9.0,ZHO,24,Kick Sauber,17.0,Finished,1,Finished,0,2023,3,Melbourne,17.0,78.54,1
10.0,TSU,22,Racing Bulls,12.0,Finished,1,Finished,0,2023,3,Melbourne,12.0,78.099,1
11.0,BOT,77,Kick Sauber,19.0,Finished,1,Finished,0,2023,3,Melbourne,19.0,78.714,1
12.0,SAI,55,Ferrari,5.0,Finished,1,Finished,0,2023,3,Melbourne,5.0,77.27,1
13.0,GAS,10,Alpine,9.0,Finished,1,Finished,0,2023,3,Melbourne,9.0,77.574,1
14.0,OCO,31,Alpine,11.0,Finished,1,Finished,0,2023,3,Melbourne,11.0,77.768,1
15.0,DEV,21,Racing Bulls,15.0,Finished,1,Finished,0,2023,3,Melbourne,15.0,78.335,1
16.0,SAR,2,Williams,18.0,Finished,1,Finished,0,2023,3,Melbourne,18.0,78.557,1
17.0,MAG,20,Haas F1 Team,14.0,Finished,1,Finished,0,2023,3,Melbourne,14.0,78.129,1
18.0,RUS,63,Mercedes,2.0,Retired,0,Other,0,2023,3,Melbourne,2.0,76.968,1
19.0,ALB,23,Williams,8.0,Retired,0,Other,0,2023,3,Melbourne,8.0,77.609,1
20.0,LEC,16,Ferrari,7.0,Retired,0,Other,0,2023,3,Melbourne,7.0,77.369,1
1.0,PER,11,Red Bull Racing,3.0,Finished,1,Finished,0,2023,4,Baku,3.0,100.495,0
2.0,VER,1,Red Bull Racing,2.0,Finished,1,Finished,0,2023,4,Baku,2.0,100.391,0
3.0,LEC,16,Ferrari,1.0,Finished,1,Finished,0,2023,4,Baku,1.0,100.203,0
4.0,ALO,14,Aston Martin,6.0,Finished,1,Finished,0,2023,4,Baku,6.0,101.253,0
5.0,SAI,55,Ferrari,4.0,Finished,1,Finished,0,2023,4,Baku,4.0,101.016,0
6.0,HAM,44,Mercedes,5.0,Finished,1,Finished,0,2023,4,Baku,5.0,101.177,0
7.0,STR,18,Aston Martin,9.0,Finished,1,Finished,0,2023,4,Baku,9.0,101.576,0
8.0,RUS,63,Mercedes,11.0,Finished,1,Finished,0,2023,4,Baku,11.0,101.654,0
9.0,NOR,4,McLaren,7.0,Finished,1,Finished,0,2023,4,Baku,7.0,101.281,0
10.0,TSU,22,Racing Bulls,8.0,Finished,1,Finished,0,2023,4,Baku,8.0,101.569,0
11.0,PIA,81,McLaren,10.0,Finished,1,Finished,0,2023,4,Baku,10.0,101.611,0
12.0,ALB,23,Williams,12.0,Finished,1,Finished,0,2023,4,Baku,13.0,101.818,0
13.0,MAG,20,Haas F1 Team,16.0,Finished,1,Finished,0,2023,4,Baku,18.0,103.417,0
14.0,GAS,10,Alpine,17.0,Finished,1,Finished,0,2023,4,Baku,19.0,104.853,0
15.0,OCO,31,Alpine,19.0,Finished,1,Finished,0,2023,4,Baku,12.0,101.798,0
16.0,SAR,2,Williams,14.0,Finished,1,Finished,0,2023,4,Baku,15.0,102.242,0
17.0,HUL,27,Haas F1 Team,20.0,Lapped,0,Other,0,2023,4,Baku,17.0,102.755,0
18.0,BOT,77,Kick Sauber,13.0,Lapped,0,Other,0,2023,4,Baku,14.0,102.259,0
19.0,ZHO,24,Kick Sauber,15.0,Retired,0,Other,0,2023,4,Baku,16.0,102.642,0
20.0,DEV,21,Racing Bulls,18.0,Retired,0,Other,0,2023,4,Baku,20.0,115.282,0
1.0,VER,1,Red Bull Racing,9.0,Finished,1,Finished,0,2023,5,Miami,9.0,86.814,0
2.0,PER,11,Red Bull Racing,1.0,Finished,1,Finished,0,2023,5,Miami,1.0,86.841,0
3.0,ALO,14,Aston Martin,2.0,Finished,1,Finished,0,2023,5,Miami,2.0,87.097,0
4.0,RUS,63,Mercedes,6.0,Finished,1,Finished,0,2023,5,Miami,6.0,87.743,0
5.0,SAI,55,Ferrari,3.0,Finished,1,Finished,0,2023,5,Miami,3.0,87.148,0
6.0,HAM,44,Mercedes,13.0,Finished,1,Finished,0,2023,5,Miami,13.0,87.846,0
7.0,LEC,16,Ferrari,7.0,Finished,1,Finished,0,2023,5,Miami,7.0,86.964,0
8.0,GAS,10,Alpine,5.0,Finished,1,Finished,0,2023,5,Miami,5.0,87.612,0
9.0,OCO,31,Alpine,8.0,Finished,1,Finished,0,2023,5,Miami,8.0,87.444,0
10.0,MAG,20,Haas F1 Team,4.0,Finished,1,Finished,0,2023,5,Miami,4.0,87.673,0
11.0,TSU,22,Racing Bulls,17.0,Finished,1,Finished,0,2023,5,Miami,17.0,88.429,0
12.0,STR,18,Aston Martin,18.0,Finished,1,Finished,0,2023,5,Miami,18.0,88.476,0
13.0,BOT,77,Kick Sauber,10.0,Finished,1,Finished,0,2023,5,Miami,10.0,87.564,0
14.0,ALB,23,Williams,11.0,Finished,1,Finished,0,2023,5,Miami,11.0,87.795,0
15.0,HUL,27,Haas F1 Team,12.0,Finished,1,Finished,0,2023,5,Miami,12.0,87.903,0
16.0,ZHO,24,Kick Sauber,14.0,Finished,1,Finished,0,2023,5,Miami,14.0,88.091,0
17.0,NOR,4,McLaren,16.0,Finished,1,Finished,0,2023,5,Miami,16.0,88.394,0
18.0,DEV,21,Racing Bulls,15.0,Finished,1,Finished,0,2023,5,Miami,15.0,88.325,0
19.0,PIA,81,McLaren,19.0,Lapped,0,Other,0,2023,5,Miami,19.0,88.484,0
20.0,SAR,2,Williams,20.0,Lapped,0,Other,0,2023,5,Miami,20.0,88.577,0
1.0,VER,1,Red Bull Racing,1.0,Finished,1,Finished,1,2023,6,Monaco,1.0,71.365,0
2.0,ALO,14,Aston Martin,2.0,Finished,1,Finished,1,2023,6,Monaco,2.0,71.449,0
3.0,OCO,31,Alpine,3.0,Finished,1,Finished,1,2023,6,Monaco,4.0,71.553,0
4.0,HAM,44,Mercedes,5.0,Finished,1,Finished,1,2023,6,Monaco,6.0,71.725,0
5.0,RUS,63,Mercedes,8.0,Finished,1,Finished,1,2023,6,Monaco,8.0,71.964,0
6.0,LEC,16,Ferrari,6.0,Finished,1,Finished,1,2023,6,Monaco,3.0,71.471,0
7.0,GAS,10,Alpine,7.0,Finished,1,Finished,1,2023,6,Monaco,7.0,71.933,0
8.0,SAI,55,Ferrari,4.0,Finished,1,Finished,1,2023,6,Monaco,5.0,71.63,0
9.0,NOR,4,McLaren,10.0,Lapped,0,Other,1,2023,6,Monaco,10.0,72.254,0
10.0,PIA,81,McLaren,11.0,Lapped,0,Other,1,2023,6,Monaco,11.0,72.395,0
11.0,BOT,77,Kick Sauber,15.0,Lapped,0,Other,1,2023,6,Monaco,15.0,72.625,0
12.0,DEV,21,Racing Bulls,12.0,Lapped,0,Other,1,2023,6,Monaco,12.0,72.428,0
13.0,ZHO,24,Kick Sauber,19.0,Lapped,0,Other,1,2023,6,Monaco,19.0,73.523,0
14.0,ALB,23,Williams,13.0,Lapped,0,Other,1,2023,6,Monaco,13.0,72.527,0
15.0,TSU,22,Racing Bulls,9.0,Lapped,0,Other,1,2023,6,Monaco,9.0,72.082,0
16.0,PER,11,Red Bull Racing,20.0,Lapped,0,Other,1,2023,6,Monaco,20.0,73.85,0
17.0,HUL,27,Haas F1 Team,18.0,Lapped,0,Other,1,2023,6,Monaco,18.0,73.279,0
18.0,SAR,2,Williams,16.0,Lapped,0,Other,1,2023,6,Monaco,16.0,73.113,0
19.0,MAG,20,Haas F1 Team,17.0,Finished,1,Finished,1,2023,6,Monaco,17.0,73.27,0
20.0,STR,18,Aston Martin,14.0,Retired,0,Other,1,2023,6,Monaco,14.0,72.623,0
1.0,VER,1,Red Bull Racing,1.0,Finished,1,Finished,0,2023,7,Barcelona,1.0,72.272,1
2.0,HAM,44,Mercedes,4.0,Finished,1,Finished,0,2023,7,Barcelona,5.0,72.818,1
3.0,RUS,63,Mercedes,12.0,Finished,1,Finished,0,2023,7,Barcelona,12.0,73.326,1
4.0,PER,11,Red Bull Racing,11.0,Finished,1,Finished,0,2023,7,Barcelona,11.0,73.334,1
5.0,SAI,55,Ferrari,2.0,Finished,1,Finished,0,2023,7,Barcelona,2.0,72.734,1
6.0,STR,18,Aston Martin,5.0,Finished,1,Finished,0,2023,7,Barcelona,6.0,72.994,1
7.0,ALO,14,Aston Martin,8.0,Finished,1,Finished,0,2023,7,Barcelona,9.0,73.098,1
8.0,OCO,31,Alpine,6.0,Finished,1,Finished,0,2023,7,Barcelona,7.0,73.001,1
9.0,ZHO,24,Kick Sauber,13.0,Finished,1,Finished,0,2023,7,Barcelona,13.0,73.521,1
10.0,GAS,10,Alpine,10.0,Finished,1,Finished,0,2023,7,Barcelona,4.0,72.816,1
11.0,LEC,16,Ferrari,19.0,Finished,1,Finished,0,2023,7,Barcelona,19.0,74.079,1
12.0,TSU,22,Racing Bulls,15.0,Finished,1,Finished,0,2023,7,Barcelona,15.0,73.862,1
13.0,PIA,81,McLaren,9.0,Lapped,0,Other,0,2023,7,Barcelona,10.0,73.059,1
14.0,DEV,21,Racing Bulls,14.0,Lapped,0,Other,0,2023,7,Barcelona,14.0,73.581,1
15.0,HUL,27,Haas F1 Team,7.0,Lapped,0,Other,0,2023,7,Barcelona,8.0,73.229,1
16.0,ALB,23,Williams,18.0,Lapped,0,Other,0,2023,7,Barcelona,18.0,74.063,1
17.0,NOR,4,McLaren,3.0,Lapped,0,Other,0,2023,7,Barcelona,3.0,72.776,1
18.0,MAG,20,Haas F1 Team,17.0,Lapped,0,Other,0,2023,7,Barcelona,17.0,74.042,1
19.0,BOT,77,Kick Sauber,16.0,Lapped,0,Other,0,2023,7,Barcelona,16.0,73.977,1
20.0,SAR,2,Williams,20.0,Lapped,0,Other,0,2023,7,Barcelona,20.0,74.699,1
1.0,VER,1,Red Bull Racing,1.0,Finished,1,Finished,0,2023,8,Montréal,1.0,79.092,1
2.0,ALO,14,Aston Martin,2.0,Finished,1,Finished,0,2023,8,Montréal,3.0,79.776,1
3.0,HAM,44,Mercedes,3.0,Finished,1,Finished,0,2023,8,Montréal,4.0,80.426,1
4.0,LEC,16,Ferrari,10.0,Finished,1,Finished,0,2023,8,Montréal,11.0,80.615,1
5.0,SAI,55,Ferrari,11.0,Finished,1,Finished,0,2023,8,Montréal,8.0,79.856,1
6.0,PER,11,Red Bull Racing,12.0,Finished,1,Finished,0,2023,8,Montréal,12.0,80.959,1
7.0,ALB,23,Williams,9.0,Finished,1,Finished,0,2023,8,Montréal,10.0,78.725,1
8.0,OCO,31,Alpine,6.0,Finished,1,Finished,0,2023,8,Montréal,6.0,80.406,1
9.0,STR,18,Aston Martin,16.0,Finished,1,Finished,0,2023,8,Montréal,13.0,81.484,1
10.0,BOT,77,Kick Sauber,14.0,Finished,1,Finished,0,2023,8,Montréal,15.0,81.821,1
11.0,PIA,81,McLaren,8.0,Finished,1,Finished,0,2023,8,Montréal,9.0,79.659,1
12.0,GAS,10,Alpine,15.0,Finished,1,Finished,0,2023,8,Montréal,17.0,82.886,1
13.0,NOR,4,McLaren,7.0,Finished,1,Finished,0,2023,8,Montréal,7.0,79.347,1
14.0,TSU,22,Racing Bulls,19.0,Finished,1,Finished,0,2023,8,Montréal,16.0,82.746,1
15.0,HUL,27,Haas F1 Team,5.0,Lapped,0,Other,0,2023,8,Montréal,2.0,80.305,1
16.0,ZHO,24,Kick Sauber,20.0,Lapped,0,Other,0,2023,8,Montréal,20.0,83.342,1
17.0,MAG,20,Haas F1 Team,13.0,Lapped,0,Other,0,2023,8,Montréal,14.0,81.678,1
18.0,DEV,21,Racing Bulls,17.0,Lapped,0,Other,0,2023,8,Montréal,18.0,83.137,1
19.0,RUS,63,Mercedes,4.0,Retired,0,Other,0,2023,8,Montréal,5.0,80.098,1
20.0,SAR,2,Williams,18.0,Retired,0,Other,0,2023,8,Montréal,19.0,83.337,1
1.0,VER,1,Red Bull Racing,1.0,Finished,1,Finished,1,2023,9,Spielberg,1.0,64.391,0
2.0,LEC,16,Ferrari,2.0,Finished,1,Finished,1,2023,9,Spielberg,2.0,64.439,0
3.0,PER,11,Red Bull Racing,15.0,Finished,1,Finished,1,2023,9,Spielberg,15.0,65.177,0
4.0,NOR,4,McLaren,4.0,Finished,1,Finished,1,2023,9,Spielberg,4.0,64.658,0
5.0,ALO,14,Aston Martin,7.0,Finished,1,Finished,1,2023,9,Spielberg,7.0,64.911,0
6.0,SAI,55,Ferrari,3.0,Finished,1,Finished,1,2023,9,Spielberg,3.0,64.581,0
7.0,RUS,63,Mercedes,11.0,Finished,1,Finished,1,2023,9,Spielberg,11.0,65.428,0
8.0,HAM,44,Mercedes,5.0,Finished,1,Finished,1,2023,9,Spielberg,5.0,64.819,0
9.0,STR,18,Aston Martin,6.0,Finished,1,Finished,1,2023,9,Spielberg,6.0,64.893,0
10.0,GAS,10,Alpine,9.0,Finished,1,Finished,1,2023,9,Spielberg,9.0,65.17,0
11.0,ALB,23,Williams,10.0,Finished,1,Finished,1,2023,9,Spielberg,10.0,65.387,0
12.0,ZHO,24,Kick Sauber,17.0,Lapped,0,Other,1,2023,9,Spielberg,17.0,65.818,0
13.0,SAR,2,Williams,18.0,Lapped,0,Other,1,2023,9,Spielberg,18.0,65.948,0
14.0,OCO,31,Alpine,12.0,Lapped,0,Other,1,2023,9,Spielberg,12.0,65.453,0
15.0,BOT,77,Kick Sauber,14.0,Lapped,0,Other,1,2023,9,Spielberg,14.0,65.68,0
16.0,PIA,81,McLaren,13.0,Lapped,0,Other,1,2023,9,Spielberg,13.0,65.605,0
17.0,DEV,21,Racing Bulls,20.0,Lapped,0,Other,1,2023,9,Spielberg,20.0,65.974,0
18.0,MAG,20,Haas F1 Team,19.0,Lapped,0,Other,1,2023,9,Spielberg,19.0,65.971,0
19.0,TSU,22,Racing Bulls,16.0,Lapped,0,Other,1,2023,9,Spielberg,16.0,65.784,0
20.0,HUL,27,Haas F1 Team,8.0,Retired,0,Other,1,2023,9,Spielberg,8.0,65.09,0
1.0,VER,1,Red Bull Racing,1.0,Finished,1,Finished,0,2023,10,Silverstone,1.0,86.72,1
2.0,NOR,4,McLaren,2.0,Finished,1,Finished,0,2023,10,Silverstone,2.0,86.961,1
3.0,HAM,44,Mercedes,7.0,Finished,1,Finished,0,2023,10,Silverstone,7.0,87.211,1
4.0,PIA,81,McLaren,3.0,Finished,1,Finished,0,2023,10,Silverstone,3.0,87.092,1
5.0,RUS,63,Mercedes,6.0,Finished,1,Finished,0,2023,10,Silverstone,6.0,87.155,1
6.0,PER,11,Red Bull Racing,15.0,Finished,1,Finished,0,2023,10,Silverstone,15.0,89.968,1
7.0,ALO,14,Aston Martin,9.0,Finished,1,Finished,0,2023,10,Silverstone,9.0,87.659,1
8.0,ALB,23,Williams,8.0,Finished,1,Finished,0,2023,10,Silverstone,8.0,87.53,1
9.0,LEC,16,Ferrari,4.0,Finished,1,Finished,0,2023,10,Silverstone,4.0,87.136,1
10.0,SAI,55,Ferrari,5.0,Finished,1,Finished,0,2023,10,Silverstone,5.0,87.148,1
11.0,SAR,2,Williams,14.0,Finished,1,Finished,0,2023,10,Silverstone,14.0,89.031,1
12.0,BOT,77,Kick Sauber,20.0,Finished,1,Finished,0,2023,10,Silverstone,15.0,89.798,1
13.0,HUL,27,Haas F1 Team,11.0,Finished,1,Finished,0,2023,10,Silverstone,11.0,88.896,1
14.0,STR,18,Aston Martin,12.0,Finished,1,Finished,0,2023,10,Silverstone,12.0,88.935,1
15.0,ZHO,24,Kick Sauber,17.0,Finished,1,Finished,0,2023,10,Silverstone,17.0,90.123,1
16.0,TSU,22,Racing Bulls,16.0,Finished,1,Finished,0,2023,10,Silverstone,16.0,90.025,1
17.0,DEV,21,Racing Bulls,18.0,Finished,1,Finished,0,2023,10,Silverstone,18.0,90.513,1
18.0,GAS,10,Alpine,10.0,Finished,1,Finished,0,2023,10,Silverstone,10.0,87.689,1
19.0,MAG,20,Haas F1 Team,19.0,Retired,0,Other,0,2023,10,Silverstone,19.0,92.378,1
20.0,OCO,31,Alpine,13.0,Retired,0,Other,0,2023,10,Silverstone,13.0,88.956,1
1.0,VER,1,Red Bull Racing,2.0,Finished,1,Finished,0,2023,11,Budapest,2.0,76.612,0
2.0,NOR,4,McLaren,3.0,Finished,1,Finished,0,2023,11,Budapest,3.0,76.694,0
3.0,PER,11,Red Bull Racing,9.0,Finished,1,Finished,0,2023,11,Budapest,9.0,77.045,0
4.0,HAM,44,Mercedes,1.0,Finished,1,Finished,0,2023,11,Budapest,1.0,76.609,0
5.0,PIA,81,McLaren,4.0,Finished,1,Finished,0,2023,11,Budapest,4.0,76.905,0
6.0,RUS,63,Mercedes,18.0,Finished,1,Finished,0,2023,11,Budapest,18.0,79.027,0
7.0,LEC,16,Ferrari,6.0,Finished,1,Finished,0,2023,11,Budapest,6.0,76.992,0
8.0,SAI,55,Ferrari,11.0,Finished,1,Finished,0,2023,11,Budapest,11.0,77.703,0
9.0,ALO,14,Aston Martin,8.0,Finished,1,Finished,0,2023,11,Budapest,8.0,77.035,0
10.0,STR,18,Aston Martin,14.0,Lapped,0,Other,0,2023,11,Budapest,14.0,78.144,0
11.0,ALB,23,Williams,16.0,Lapped,0,Other,0,2023,11,Budapest,16.0,78.917,0
12.0,BOT,77,Kick Sauber,7.0,Lapped,0,Other,0,2023,11,Budapest,7.0,77.034,0
13.0,RIC,3,Racing Bulls,13.0,Lapped,0,Other,0,2023,11,Budapest,13.0,78.002,0
14.0,HUL,27,Haas F1 Team,10.0,Lapped,0,Other,0,2023,11,Budapest,10.0,77.186,0
15.0,TSU,22,Racing Bulls,17.0,Lapped,0,Other,0,2023,11,Budapest,17.0,78.919,0
16.0,ZHO,24,Kick Sauber,5.0,Lapped,0,Other,0,2023,11,Budapest,5.0,76.971,0
17.0,MAG,20,Haas F1 Team,19.0,Lapped,0,Other,0,2023,11,Budapest,19.0,79.206,0
18.0,SAR,2,Williams,20.0,Finished,1,Finished,0,2023,11,Budapest,20.0,79.248,0
19.0,OCO,31,Alpine,12.0,Retired,0,Other,0,2023,11,Budapest,12.0,77.841,0
20.0,GAS,10,Alpine,15.0,Retired,0,Other,0,2023,11,Budapest,15.0,78.217,0
1.0,VER,1,Red Bull Racing,6.0,Finished,1,Finished,1,2023,12,Spa-Francorchamps,1.0,106.168,1
2.0,PER,11,Red Bull Racing,2.0,Finished,1,Finished,1,2023,12,Spa-Francorchamps,3.0,107.045,1
3.0,LEC,16,Ferrari,1.0,Finished,1,Finished,1,2023,12,Spa-Francorchamps,2.0,106.988,1
4.0,HAM,44,Mercedes,3.0,Finished,1,Finished,1,2023,12,Spa-Francorchamps,4.0,107.087,1
5.0,ALO,14,Aston Martin,9.0,Finished,1,Finished,1,2023,12,Spa-Francorchamps,9.0,107.843,1
6.0,RUS,63,Mercedes,8.0,Finished,1,Finished,1,2023,12,Spa-Francorchamps,8.0,107.805,1
7.0,NOR,4,McLaren,7.0,Finished,1,Finished,1,2023,12,Spa-Francorchamps,7.0,107.669,1
8.0,OCO,31,Alpine,14.0,Finished,1,Finished,1,2023,12,Spa-Francorchamps,15.0,116.372,1
9.0,STR,18,Aston Martin,10.0,Finished,1,Finished,1,2023,12,Spa-Francorchamps,10.0,108.841,1
10.0,TSU,22,Racing Bulls,11.0,Finished,1,Finished,1,2023,12,Spa-Francorchamps,11.0,113.148,1
11.0,GAS,10,Alpine,12.0,Finished,1,Finished,1,2023,12,Spa-Francorchamps,12.0,113.671,1
12.0,BOT,77,Kick Sauber,13.0,Finished,1,Finished,1,2023,12,Spa-Francorchamps,14.0,114.694,1
13.0,ZHO,24,Kick Sauber,17.0,Finished,1,Finished,1,2023,12,Spa-Francorchamps,17.0,120.832,1
14.0,ALB,23,Williams,15.0,Finished,1,Finished,1,2023,12,Spa-Francorchamps,16.0,120.314,1
15.0,MAG,20,Haas F1 Team,16.0,Finished,1,Finished,1,2023,12,Spa-Francorchamps,13.0,114.16,1
16.0,RIC,3,Racing Bulls,19.0,Finished,1,Finished,1,2023,12,Spa-Francorchamps,19.0,122.159,1
17.0,SAR,2,Williams,18.0,Finished,1,Finished,1,2023,12,Spa-Francorchamps,18.0,121.535,1
18.0,HUL,27,Haas F1 Team,20.0,Finished,1,Finished,1,2023,12,Spa-Francorchamps,20.0,123.166,1
19.0,SAI,55,Ferrari,4.0,Retired,0,Other,1,2023,12,Spa-Francorchamps,5.0,107.152,1
20.0,PIA,81,McLaren,5.0,Retired,0,Other,1,2023,12,Spa-Francorchamps,6.0,107.365,1
1.0,VER,1,Red Bull Racing,1.0,Finished,1,Finished,1,2023,13,Zandvoort,1.0,70.567,1
2.0,ALO,14,Aston Martin,5.0,Finished,1,Finished,1,2023,13,Zandvoort,5.0,71.506,1
3.0,GAS,10,Alpine,12.0,Finished,1,Finished,1,2023,13,Zandvoort,12.0,80.128,1
4.0,PER,11,Red Bull Racing,7.0,Finished,1,Finished,1,2023,13,Zandvoort,7.0,71.88,1
5.0,SAI,55,Ferrari,6.0,Finished,1,Finished,1,2023,13,Zandvoort,6.0,71.754,1
6.0,HAM,44,Mercedes,13.0,Finished,1,Finished,1,2023,13,Zandvoort,13.0,80.151,1
7.0,NOR,4,McLaren,2.0,Finished,1,Finished,1,2023,13,Zandvoort,2.0,71.104,1
8.0,ALB,23,Williams,4.0,Finished,1,Finished,1,2023,13,Zandvoort,4.0,71.419,1
9.0,PIA,81,McLaren,8.0,Finished,1,Finished,1,2023,13,Zandvoort,8.0,71.938,1
10.0,OCO,31,Alpine,16.0,Finished,1,Finished,1,2023,13,Zandvoort,17.0,82.11,1
11.0,STR,18,Aston Martin,11.0,Finished,1,Finished,1,2023,13,Zandvoort,11.0,80.121,1
12.0,HUL,27,Haas F1 Team,14.0,Finished,1,Finished,1,2023,13,Zandvoort,15.0,80.25,1
13.0,LAW,40,Racing Bulls,19.0,Finished,1,Finished,1,2023,13,Zandvoort,20.0,83.42,1
14.0,BOT,77,Kick Sauber,18.0,Finished,1,Finished,1,2023,13,Zandvoort,19.0,82.26,1
15.0,TSU,22,Racing Bulls,17.0,Finished,1,Finished,1,2023,13,Zandvoort,14.0,80.23,1
16.0,MAG,20,Haas F1 Team,21.0,Finished,1,Finished,1,2023,13,Zandvoort,18.0,82.192,1
17.0,RUS,63,Mercedes,3.0,Finished,1,Finished,1,2023,13,Zandvoort,3.0,71.294,1
18.0,ZHO,24,Kick Sauber,15.0,Accident,0,Crash,1,2023,13,Zandvoort,16.0,82.067,1
19.0,LEC,16,Ferrari,9.0,Undertray,0,Other,1,2023,13,Zandvoort,9.0,72.665,1
20.0,SAR,2,Williams,10.0,Accident,0,Crash,1,2023,13,Zandvoort,10.0,76.748,1
1.0,VER,1,Red Bull Racing,2.0,Finished,1,Finished,0,2023,14,Monza,2.0,80.307,0
2.0,PER,11,Red Bull Racing,5.0,Finished,1,Finished,0,2023,14,Monza,5.0,80.688,0
3.0,SAI,55,Ferrari,1.0,Finished,1,Finished,0,2023,14,Monza,1.0,80.294,0
4.0,LEC,16,Ferrari,3.0,Finished,1,Finished,0,2023,14,Monza,3.0,80.361,0
5.0,RUS,63,Mercedes,4.0,Finished,1,Finished,0,2023,14,Monza,4.0,80.671,0
6.0,HAM,44,Mercedes,8.0,Finished,1,Finished,0,2023,14,Monza,8.0,80.82,0
7.0,ALB,23,Williams,6.0,Finished,1,Finished,0,2023,14,Monza,6.0,80.76,0
8.0,NOR,4,McLaren,9.0,Finished,1,Finished,0,2023,14,Monza,9.0,80.979,0
9.0,ALO,14,Aston Martin,10.0,Finished,1,Finished,0,2023,14,Monza,10.0,81.417,0
10.0,BOT,77,Kick Sauber,14.0,Finished,1,Finished,0,2023,14,Monza,14.0,81.94,0
11.0,LAW,40,Racing Bulls,12.0,Finished,1,Finished,0,2023,14,Monza,12.0,81.758,0
12.0,PIA,81,McLaren,7.0,Finished,1,Finished,0,2023,14,Monza,7.0,80.785,0
13.0,SAR,2,Williams,15.0,Finished,1,Finished,0,2023,14,Monza,15.0,81.93,0
14.0,ZHO,24,Kick Sauber,16.0,Finished,1,Finished,0,2023,14,Monza,16.0,82.39,0
15.0,GAS,10,Alpine,17.0,Finished,1,Finished,0,2023,14,Monza,17.0,82.545,0
16.0,STR,18,Aston Martin,20.0,Finished,1,Finished,0,2023,14,Monza,20.0,82.86,0
17.0,HUL,27,Haas F1 Team,13.0,Lapped,0,Other,0,2023,14,Monza,13.0,81.776,0
18.0,MAG,20,Haas F1 Team,19.0,Lapped,0,Other,0,2023,14,Monza,19.0,82.592,0
19.0,OCO,31,Alpine,18.0,Retired,0,Other,0,2023,14,Monza,18.0,82.548,0
20.0,TSU,22,Racing Bulls,11.0,Did not start,0,Other,0,2023,14,Monza,11.0,81.594,0
1.0,SAI,55,Ferrari,1.0,Finished,1,Finished,0,2023,15,Marina Bay,1.0,90.984,0
2.0,NOR,4,McLaren,4.0,Finished,1,Finished,0,2023,15,Marina Bay,4.0,91.27,0
3.0,HAM,44,Mercedes,5.0,Finished,1,Finished,0,2023,15,Marina Bay,5.0,91.485,0
4.0,LEC,16,Ferrari,3.0,Finished,1,Finished,0,2023,15,Marina Bay,3.0,91.063,0
5.0,VER,1,Red Bull Racing,11.0,Finished,1,Finished,0,2023,15,Marina Bay,11.0,92.173,0
6.0,GAS,10,Alpine,12.0,Finished,1,Finished,0,2023,15,Marina Bay,12.0,92.274,0
7.0,PIA,81,McLaren,17.0,Finished,1,Finished,0,2023,15,Marina Bay,17.0,92.902,0
8.0,PER,11,Red Bull Racing,13.0,Finished,1,Finished,0,2023,15,Marina Bay,13.0,92.099,0
9.0,LAW,40,Racing Bulls,10.0,Finished,1,Finished,0,2023,15,Marina Bay,10.0,92.166,0
10.0,MAG,20,Haas F1 Team,6.0,Finished,1,Finished,0,2023,15,Marina Bay,6.0,91.575,0
11.0,ALB,23,Williams,14.0,Finished,1,Finished,0,2023,15,Marina Bay,14.0,92.668,0
12.0,ZHO,24,Kick Sauber,19.0,Finished,1,Finished,0,2023,15,Marina Bay,19.0,93.258,0
13.0,HUL,27,Haas F1 Team,9.0,Finished,1,Finished,0,2023,15,Marina Bay,9.0,91.808,0
14.0,SAR,2,Williams,18.0,Finished,1,Finished,0,2023,15,Marina Bay,18.0,93.252,0
15.0,ALO,14,Aston Martin,7.0,Finished,1,Finished,0,2023,15,Marina Bay,7.0,91.615,0
16.0,RUS,63,Mercedes,2.0,Finished,1,Finished,0,2023,15,Marina Bay,2.0,91.056,0
17.0,BOT,77,Kick Sauber,16.0,Retired,0,Other,0,2023,15,Marina Bay,16.0,92.809,0
18.0,OCO,31,Alpine,8.0,Retired,0,Other,0,2023,15,Marina Bay,8.0,91.673,0
19.0,TSU,22,Racing Bulls,15.0,Retired,0,Other,0,2023,15,Marina Bay,15.0,91.991,0
1.0,VER,1,Red Bull Racing,1.0,Finished,1,Finished,0,2023,16,Suzuka,1.0,88.877,0
2.0,NOR,4,McLaren,3.0,Finished,1,Finished,0,2023,16,Suzuka,3.0,89.493,0
3.0,PIA,81,McLaren,2.0,Finished,1,Finished,0,2023,16,Suzuka,2.0,89.458,0
4.0,LEC,16,Ferrari,4.0,Finished,1,Finished,0,2023,16,Suzuka,4.0,89.542,0
5.0,HAM,44,Mercedes,7.0,Finished,1,Finished,0,2023,16,Suzuka,7.0,89.908,0
6.0,SAI,55,Ferrari,6.0,Finished,1,Finished,0,2023,16,Suzuka,6.0,89.85,0
7.0,RUS,63,Mercedes,8.0,Finished,1,Finished,0,2023,16,Suzuka,8.0,90.219,0
8.0,ALO,14,Aston Martin,10.0,Finished,1,Finished,0,2023,16,Suzuka,10.0,90.465,0
9.0,OCO,31,Alpine,14.0,Finished,1,Finished,0,2023,16,Suzuka,14.0,90.586,0
10.0,GAS,10,Alpine,12.0,Finished,1,Finished,0,2023,16,Suzuka,12.0,90.509,0
11.0,LAW,40,Racing Bulls,11.0,Lapped,0,Other,0,2023,16,Suzuka,11.0,90.425,0
12.0,TSU,22,Racing Bulls,9.0,Lapped,0,Other,0,2023,16,Suzuka,9.0,90.204,0
13.0,ZHO,24,Kick Sauber,19.0,Lapped,0,Other,0,2023,16,Suzuka,19.0,91.398,0
14.0,HUL,27,Haas F1 Team,18.0,Lapped,0,Other,0,2023,16,Suzuka,18.0,91.299,0
15.0,MAG,20,Haas F1 Team,15.0,Lapped,0,Other,0,2023,16,Suzuka,15.0,90.665,0
16.0,ALB,23,Williams,13.0,Retired,0,Other,0,2023,16,Suzuka,13.0,90.537,0
17.0,SAR,2,Williams,20.0,Retired,0,Other,0,2023,16,Suzuka,20.0,84.0575,0
18.0,STR,18,Aston Martin,17.0,Retired,0,Other,0,2023,16,Suzuka,17.0,91.181,0
19.0,PER,11,Red Bull Racing,5.0,Retired,0,Other,0,2023,16,Suzuka,5.0,89.65,0
20.0,BOT,77,Kick Sauber,16.0,Retired,0,Other,0,2023,16,Suzuka,16.0,91.049,0
1.0,VER,1,Red Bull Racing,1.0,Finished,1,Finished,0,2023,17,Lusail,1.0,83.778,0
2.0,PIA,81,McLaren,6.0,Finished,1,Finished,0,2023,17,Lusail,6.0,84.54,0
3.0,NOR,4,McLaren,10.0,Finished,1,Finished,0,2023,17,Lusail,10.0,84.685,0
4.0,RUS,63,Mercedes,2.0,Finished,1,Finished,0,2023,17,Lusail,2.0,84.219,0
5.0,LEC,16,Ferrari,5.0,Finished,1,Finished,0,2023,17,Lusail,5.0,84.424,0
6.0,ALO,14,Aston Martin,4.0,Finished,1,Finished,0,2023,17,Lusail,4.0,84.369,0
7.0,OCO,31,Alpine,8.0,Finished,1,Finished,0,2023,17,Lusail,8.0,84.763,0
8.0,BOT,77,Kick Sauber,9.0,Finished,1,Finished,0,2023,17,Lusail,9.0,85.058,0
9.0,ZHO,24,Kick Sauber,19.0,Finished,1,Finished,0,2023,17,Lusail,20.0,87.432,0
10.0,PER,11,Red Bull Racing,20.0,Finished,1,Finished,0,2023,17,Lusail,13.0,85.462,0
11.0,STR,18,Aston Martin,16.0,Finished,1,Finished,0,2023,17,Lusail,17.0,86.345,0
12.0,GAS,10,Alpine,7.0,Finished,1,Finished,0,2023,17,Lusail,7.0,84.553,0
13.0,ALB,23,Williams,13.0,Finished,1,Finished,0,2023,17,Lusail,14.0,85.707,0
14.0,MAG,20,Haas F1 Team,18.0,Lapped,0,Other,0,2023,17,Lusail,19.0,87.046,0
15.0,TSU,22,Racing Bulls,11.0,Lapped,0,Other,0,2023,17,Lusail,11.0,85.301,0
16.0,HUL,27,Haas F1 Team,14.0,Lapped,0,Other,0,2023,17,Lusail,15.0,85.783,0
17.0,LAW,40,Racing Bulls,17.0,Lapped,0,Other,0,2023,17,Lusail,18.0,86.635,0
18.0,SAR,2,Williams,15.0,Retired,0,Other,0,2023,17,Lusail,16.0,86.21,0
19.0,HAM,44,Mercedes,3.0,Retired,0,Other,0,2023,17,Lusail,3.0,84.305,0
20.0,SAI,55,Ferrari,12.0,Did not start,0,Other,0,2023,17,Lusail,12.0,85.328,0
1.0,VER,1,Red Bull Racing,6.0,Finished,1,Finished,0,2023,18,Austin,6.0,95.008,0
2.0,NOR,4,McLaren,2.0,Finished,1,Finished,0,2023,18,Austin,2.0,94.853,0
3.0,SAI,55,Ferrari,4.0,Finished,1,Finished,0,2023,18,Austin,4.0,94.945,0
4.0,PER,11,Red Bull Racing,9.0,Finished,1,Finished,0,2023,18,Austin,9.0,95.173,0
5.0,RUS,63,Mercedes,5.0,Finished,1,Finished,0,2023,18,Austin,5.0,95.079,0
6.0,GAS,10,Alpine,7.0,Finished,1,Finished,0,2023,18,Austin,7.0,95.089,0
7.0,STR,18,Aston Martin,20.0,Finished,1,Finished,0,2023,18,Austin,19.0,96.589,0
8.0,TSU,22,Racing Bulls,11.0,Finished,1,Finished,0,2023,18,Austin,11.0,95.697,0
9.0,ALB,23,Williams,15.0,Finished,1,Finished,0,2023,18,Austin,18.0,96.315,0
10.0,SAR,2,Williams,16.0,Finished,1,Finished,0,2023,18,Austin,20.0,96.827,0
11.0,HUL,27,Haas F1 Team,18.0,Finished,1,Finished,0,2023,18,Austin,16.0,96.235,0
12.0,BOT,77,Kick Sauber,13.0,Finished,1,Finished,0,2023,18,Austin,13.0,95.858,0
13.0,ZHO,24,Kick Sauber,12.0,Lapped,0,Other,0,2023,18,Austin,12.0,95.698,0
14.0,MAG,20,Haas F1 Team,17.0,Lapped,0,Other,0,2023,18,Austin,14.0,95.88,0
15.0,RIC,3,Racing Bulls,14.0,Lapped,0,Other,0,2023,18,Austin,15.0,95.974,0
16.0,ALO,14,Aston Martin,19.0,Retired,0,Other,0,2023,18,Austin,17.0,96.268,0
17.0,PIA,81,McLaren,10.0,Retired,0,Other,0,2023,18,Austin,10.0,95.467,0
18.0,OCO,31,Alpine,8.0,Retired,0,Other,0,2023,18,Austin,8.0,95.154,0
19.0,HAM,44,Mercedes,3.0,Disqualified,0,Other,0,2023,18,Austin,3.0,94.862,0
20.0,LEC,16,Ferrari,1.0,Disqualified,0,Other,0,2023,18,Austin,1.0,94.723,0
1.0,VER,1,Red Bull Racing,3.0,Finished,1,Finished,0,2023,19,Mexico City,3.0,77.263,0
2.0,HAM,44,Mercedes,6.0,Finished,1,Finished,0,2023,19,Mexico City,6.0,77.454,0
3.0,LEC,16,Ferrari,1.0,Finished,1,Finished,0,2023,19,Mexico City,1.0,77.166,0
4.0,SAI,55,Ferrari,2.0,Finished,1,Finished,0,2023,19,Mexico City,2.0,77.233,0
5.0,NOR,4,McLaren,17.0,Finished,1,Finished,0,2023,19,Mexico City,19.0,81.554,0
6.0,RUS,63,Mercedes,8.0,Finished,1,Finished,0,2023,19,Mexico City,8.0,77.673,0
7.0,RIC,3,Racing Bulls,4.0,Finished,1,Finished,0,2023,19,Mexico City,4.0,77.382,0
8.0,PIA,81,McLaren,7.0,Finished,1,Finished,0,2023,19,Mexico City,7.0,77.623,0
9.0,ALB,23,Williams,14.0,Finished,1,Finished,0,2023,19,Mexico City,14.0,78.828,0
10.0,OCO,31,Alpine,15.0,Finished,1,Finished,0,2023,19,Mexico City,16.0,79.08,0
11.0,GAS,10,Alpine,11.0,Finished,1,Finished,0,2023,19,Mexico City,11.0,78.521,0
12.0,TSU,22,Racing Bulls,18.0,Finished,1,Finished,0,2023,19,Mexico City,15.0,78.89,0
13.0,HUL,27,Haas F1 Team,12.0,Finished,1,Finished,0,2023,19,Mexico City,12.0,78.524,0
14.0,ZHO,24,Kick Sauber,10.0,Finished,1,Finished,0,2023,19,Mexico City,10.0,78.05,0
15.0,BOT,77,Kick Sauber,9.0,Finished,1,Finished,0,2023,19,Mexico City,9.0,78.016,0
16.0,SAR,2,Williams,19.0,Retired,0,Other,0,2023,19,Mexico City,20.0,84.0575,0
17.0,STR,18,Aston Martin,21.0,Collision damage,0,Other,0,2023,19,Mexico City,18.0,79.227,0
18.0,ALO,14,Aston Martin,13.0,Withdrew,0,Other,0,2023,19,Mexico City,13.0,78.738,0
19.0,MAG,20,Haas F1 Team,16.0,Accident,0,Crash,0,2023,19,Mexico City,17.0,79.163,0
20.0,PER,11,Red Bull Racing,5.0,Collision damage,0,Other,0,2023,19,Mexico City,5.0,77.423,0
1.0,VER,1,Red Bull Racing,1.0,Finished,1,Finished,1,2023,20,São Paulo,1.0,70.162,1
2.0,NOR,4,McLaren,6.0,Finished,1,Finished,1,2023,20,São Paulo,7.0,70.021,1
3.0,ALO,14,Aston Martin,4.0,Finished,1,Finished,1,2023,20,São Paulo,4.0,70.237,1
4.0,PER,11,Red Bull Racing,9.0,Finished,1,Finished,1,2023,20,São Paulo,9.0,70.219,1
5.0,STR,18,Aston Martin,3.0,Finished,1,Finished,1,2023,20,São Paulo,3.0,70.375,1
6.0,SAI,55,Ferrari,7.0,Finished,1,Finished,1,2023,20,São Paulo,8.0,70.254,1
7.0,GAS,10,Alpine,15.0,Finished,1,Finished,1,2023,20,São Paulo,13.0,70.567,1
8.0,HAM,44,Mercedes,5.0,Finished,1,Finished,1,2023,20,São Paulo,5.0,70.266,1
9.0,TSU,22,Racing Bulls,16.0,Finished,1,Finished,1,2023,20,São Paulo,16.0,70.837,1
10.0,OCO,31,Alpine,14.0,Lapped,0,Other,1,2023,20,São Paulo,12.0,70.562,1
11.0,SAR,2,Williams,19.0,Lapped,0,Other,1,2023,20,São Paulo,19.0,71.035,1
12.0,HUL,27,Haas F1 Team,11.0,Lapped,0,Other,1,2023,20,São Paulo,11.0,70.475,1
13.0,RIC,3,Racing Bulls,17.0,Lapped,0,Other,1,2023,20,São Paulo,17.0,70.843,1
14.0,PIA,81,McLaren,10.0,Lapped,0,Other,1,2023,20,São Paulo,10.0,70.33,1
15.0,RUS,63,Mercedes,8.0,Retired,0,Other,1,2023,20,São Paulo,6.0,70.316,1
16.0,BOT,77,Kick Sauber,18.0,Retired,0,Other,1,2023,20,São Paulo,18.0,70.955,1
17.0,ZHO,24,Kick Sauber,20.0,Retired,0,Other,1,2023,20,São Paulo,20.0,71.275,1
18.0,MAG,20,Haas F1 Team,12.0,Retired,0,Other,1,2023,20,São Paulo,14.0,70.602,1
19.0,ALB,23,Williams,13.0,Retired,0,Other,1,2023,20,São Paulo,15.0,70.621,1
20.0,LEC,16,Ferrari,2.0,Did not start,0,Other,1,2023,20,São Paulo,2.0,70.303,1
1.0,VER,1,Red Bull Racing,2.0,Finished,1,Finished,0,2023,21,Las Vegas,3.0,93.104,0
2.0,LEC,16,Ferrari,1.0,Finished,1,Finished,0,2023,21,Las Vegas,1.0,92.726,0
3.0,PER,11,Red Bull Racing,11.0,Finished,1,Finished,0,2023,21,Las Vegas,12.0,93.855,0
4.0,OCO,31,Alpine,16.0,Finished,1,Finished,0,2023,21,Las Vegas,17.0,94.834,0
5.0,STR,18,Aston Martin,19.0,Finished,1,Finished,0,2023,21,Las Vegas,14.0,94.199,0
6.0,SAI,55,Ferrari,12.0,Finished,1,Finished,0,2023,21,Las Vegas,2.0,92.77,0
7.0,HAM,44,Mercedes,10.0,Finished,1,Finished,0,2023,21,Las Vegas,11.0,93.837,0
8.0,RUS,63,Mercedes,3.0,Finished,1,Finished,0,2023,21,Las Vegas,4.0,93.112,0
9.0,ALO,14,Aston Martin,9.0,Finished,1,Finished,0,2023,21,Las Vegas,10.0,93.555,0
10.0,PIA,81,McLaren,18.0,Finished,1,Finished,0,2023,21,Las Vegas,19.0,94.85,0
11.0,GAS,10,Alpine,4.0,Finished,1,Finished,0,2023,21,Las Vegas,5.0,93.239,0
12.0,ALB,23,Williams,5.0,Finished,1,Finished,0,2023,21,Las Vegas,6.0,93.323,0
13.0,MAG,20,Haas F1 Team,8.0,Finished,1,Finished,0,2023,21,Las Vegas,9.0,93.537,0
14.0,RIC,3,Racing Bulls,14.0,Finished,1,Finished,0,2023,21,Las Vegas,15.0,94.308,0
15.0,ZHO,24,Kick Sauber,17.0,Finished,1,Finished,0,2023,21,Las Vegas,18.0,94.849,0
16.0,SAR,2,Williams,6.0,Finished,1,Finished,0,2023,21,Las Vegas,7.0,93.513,0
17.0,BOT,77,Kick Sauber,7.0,Finished,1,Finished,0,2023,21,Las Vegas,8.0,93.525,0
18.0,TSU,22,Racing Bulls,20.0,Finished,1,Finished,0,2023,21,Las Vegas,20.0,96.447,0
19.0,HUL,27,Haas F1 Team,13.0,Finished,1,Finished,0,2023,21,Las Vegas,13.0,93.979,0
20.0,NOR,4,McLaren,15.0,Retired,0,Other,0,2023,21,Las Vegas,16.0,94.703,0
1.0,VER,1,Red Bull Racing,1.0,Finished,1,Finished,0,2023,22,Yas Island,1.0,83.445,0
2.0,LEC,16,Ferrari,2.0,Finished,1,Finished,0,2023,22,Yas Island,2.0,83.584,0
3.0,RUS,63,Mercedes,4.0,Finished,1,Finished,0,2023,22,Yas Island,4.0,83.788,0
4.0,PER,11,Red Bull Racing,9.0,Finished,1,Finished,0,2023,22,Yas Island,9.0,84.116,0
5.0,NOR,4,McLaren,5.0,Finished,1,Finished,0,2023,22,Yas Island,5.0,83.816,0
6.0,PIA,81,McLaren,3.0,Finished,1,Finished,0,2023,22,Yas Island,3.0,83.782,0
7.0,ALO,14,Aston Martin,7.0,Finished,1,Finished,0,2023,22,Yas Island,7.0,84.084,0
8.0,TSU,22,Racing Bulls,6.0,Finished,1,Finished,0,2023,22,Yas Island,6.0,83.968,0
9.0,HAM,44,Mercedes,11.0,Finished,1,Finished,0,2023,22,Yas Island,11.0,84.359,0
10.0,STR,18,Aston Martin,13.0,Finished,1,Finished,0,2023,22,Yas Island,13.0,84.405,0
11.0,RIC,3,Racing Bulls,15.0,Finished,1,Finished,0,2023,22,Yas Island,15.0,84.442,0
12.0,OCO,31,Alpine,12.0,Finished,1,Finished,0,2023,22,Yas Island,12.0,84.391,0
13.0,GAS,10,Alpine,10.0,Finished,1,Finished,0,2023,22,Yas Island,10.0,84.078,0
14.0,ALB,23,Williams,14.0,Finished,1,Finished,0,2023,22,Yas Island,14.0,84.298,0
15.0,HUL,27,Haas F1 Team,8.0,Finished,1,Finished,0,2023,22,Yas Island,8.0,84.108,0
16.0,SAR,2,Williams,20.0,Finished,1,Finished,0,2023,22,Yas Island,20.0,84.0575,0
17.0,ZHO,24,Kick Sauber,19.0,Finished,1,Finished,0,2023,22,Yas Island,19.0,85.159,0
18.0,SAI,55,Ferrari,16.0,Finished,1,Finished,0,2023,22,Yas Island,16.0,84.738,0
19.0,BOT,77,Kick Sauber,18.0,Lapped,0,Other,0,2023,22,Yas Island,18.0,84.788,0
20.0,MAG,20,Haas F1 Team,17.0,Lapped,0,Other,0,2023,22,Yas Island,17.0,84.764,0
1.0,VER,1,Red Bull Racing,1.0,Finished,1,Finished,0,2024,1,Sakhir,1.0,89.179,0
2.0,PER,11,Red Bull Racing,5.0,Finished,1,Finished,0,2024,1,Sakhir,5.0,89.537,0
3.0,SAI,55,Ferrari,4.0,Finished,1,Finished,0,2024,1,Sakhir,4.0,89.507,0
4.0,LEC,16,Ferrari,2.0,Finished,1,Finished,0,2024,1,Sakhir,2.0,89.165,0
5.0,RUS,63,Mercedes,3.0,Finished,1,Finished,0,2024,1,Sakhir,3.0,89.485,0
6.0,NOR,4,McLaren,7.0,Finished,1,Finished,0,2024,1,Sakhir,7.0,89.614,0
7.0,HAM,44,Mercedes,9.0,Finished,1,Finished,0,2024,1,Sakhir,9.0,89.71,0
8.0,PIA,81,McLaren,8.0,Finished,1,Finished,0,2024,1,Sakhir,8.0,89.683,0
9.0,ALO,14,Aston Martin,6.0,Finished,1,Finished,0,2024,1,Sakhir,6.0,89.542,0
10.0,STR,18,Aston Martin,12.0,Finished,1,Finished,0,2024,1,Sakhir,12.0,89.965,0
11.0,ZHO,24,Kick Sauber,17.0,Lapped,0,Other,0,2024,1,Sakhir,17.0,90.757,0
12.0,MAG,20,Haas F1 Team,15.0,Lapped,0,Other,0,2024,1,Sakhir,15.0,90.529,0
13.0,RIC,3,Racing Bulls,14.0,Lapped,0,Other,0,2024,1,Sakhir,14.0,90.278,0
14.0,TSU,22,Racing Bulls,11.0,Lapped,0,Other,0,2024,1,Sakhir,11.0,90.129,0
15.0,ALB,23,Williams,13.0,Lapped,0,Other,0,2024,1,Sakhir,13.0,90.221,0
16.0,HUL,27,Haas F1 Team,10.0,Lapped,0,Other,0,2024,1,Sakhir,10.0,89.851,0
17.0,OCO,31,Alpine,19.0,Lapped,0,Other,0,2024,1,Sakhir,19.0,90.793,0
18.0,GAS,10,Alpine,20.0,Lapped,0,Other,0,2024,1,Sakhir,20.0,90.948,0
19.0,BOT,77,Kick Sauber,16.0,Lapped,0,Other,0,2024,1,Sakhir,16.0,90.756,0
20.0,SAR,2,Williams,18.0,Lapped,0,Other,0,2024,1,Sakhir,18.0,90.77,0
1.0,VER,1,Red Bull Racing,1.0,Finished,1,Finished,0,2024,2,Jeddah,1.0,87.472,0
2.0,PER,11,Red Bull Racing,3.0,Finished,1,Finished,0,2024,2,Jeddah,3.0,87.807,0
3.0,LEC,16,Ferrari,2.0,Finished,1,Finished,0,2024,2,Jeddah,2.0,87.791,0
4.0,PIA,81,McLaren,5.0,Finished,1,Finished,0,2024,2,Jeddah,5.0,88.089,0
5.0,ALO,14,Aston Martin,4.0,Finished,1,Finished,0,2024,2,Jeddah,4.0,87.846,0
6.0,RUS,63,Mercedes,7.0,Finished,1,Finished,0,2024,2,Jeddah,7.0,88.316,0
7.0,BEA,38,Ferrari,11.0,Finished,1,Finished,0,2024,2,Jeddah,11.0,88.642,0
8.0,NOR,4,McLaren,6.0,Finished,1,Finished,0,2024,2,Jeddah,6.0,88.132,0
9.0,HAM,44,Mercedes,8.0,Finished,1,Finished,0,2024,2,Jeddah,8.0,88.46,0
10.0,HUL,27,Haas F1 Team,15.0,Finished,1,Finished,0,2024,2,Jeddah,15.0,89.055,0
11.0,ALB,23,Williams,12.0,Finished,1,Finished,0,2024,2,Jeddah,12.0,88.98,0
12.0,MAG,20,Haas F1 Team,13.0,Finished,1,Finished,0,2024,2,Jeddah,13.0,89.02,0
13.0,OCO,31,Alpine,17.0,Lapped,0,Other,0,2024,2,Jeddah,17.0,89.475,0
14.0,SAR,2,Williams,19.0,Lapped,0,Other,0,2024,2,Jeddah,19.0,89.526,0
15.0,TSU,22,Racing Bulls,9.0,Lapped,0,Other,0,2024,2,Jeddah,9.0,88.547,0
16.0,RIC,3,Racing Bulls,14.0,Lapped,0,Other,0,2024,2,Jeddah,14.0,89.025,0
17.0,BOT,77,Kick Sauber,16.0,Lapped,0,Other,0,2024,2,Jeddah,16.0,89.179,0
18.0,ZHO,24,Kick Sauber,20.0,Lapped,0,Other,0,2024,2,Jeddah,20.0,84.0575,0
19.0,STR,18,Aston Martin,10.0,Retired,0,Other,0,2024,2,Jeddah,10.0,88.25,0
20.0,GAS,10,Alpine,18.0,Retired,0,Other,0,2024,2,Jeddah,18.0,89.479,0
1.0,SAI,55,Ferrari,2.0,Finished,1,Finished,0,2024,3,Melbourne,2.0,76.185,1
2.0,LEC,16,Ferrari,4.0,Finished,1,Finished,0,2024,3,Melbourne,5.0,76.304,1
3.0,NOR,4,McLaren,3.0,Finished,1,Finished,0,2024,3,Melbourne,4.0,76.315,1
4.0,PIA,81,McLaren,5.0,Finished,1,Finished,0,2024,3,Melbourne,6.0,76.572,1
5.0,PER,11,Red Bull Racing,6.0,Finished,1,Finished,0,2024,3,Melbourne,3.0,76.274,1
6.0,STR,18,Aston Martin,9.0,Finished,1,Finished,0,2024,3,Melbourne,9.0,76.78,1
7.0,TSU,22,Racing Bulls,8.0,Finished,1,Finished,0,2024,3,Melbourne,8.0,76.788,1
8.0,ALO,14,Aston Martin,10.0,Finished,1,Finished,0,2024,3,Melbourne,10.0,76.71,1
9.0,HUL,27,Haas F1 Team,16.0,Finished,1,Finished,0,2024,3,Melbourne,16.0,77.976,1
10.0,MAG,20,Haas F1 Team,14.0,Lapped,0,Other,0,2024,3,Melbourne,14.0,77.427,1
11.0,ALB,23,Williams,12.0,Lapped,0,Other,0,2024,3,Melbourne,12.0,77.13,1
12.0,RIC,3,Racing Bulls,18.0,Lapped,0,Other,0,2024,3,Melbourne,18.0,78.085,1
13.0,GAS,10,Alpine,17.0,Lapped,0,Other,0,2024,3,Melbourne,17.0,77.982,1
14.0,BOT,77,Kick Sauber,13.0,Lapped,0,Other,0,2024,3,Melbourne,13.0,77.34,1
15.0,ZHO,24,Kick Sauber,19.0,Lapped,0,Other,0,2024,3,Melbourne,19.0,78.188,1
16.0,OCO,31,Alpine,15.0,Lapped,0,Other,0,2024,3,Melbourne,15.0,77.617,1
17.0,RUS,63,Mercedes,7.0,Retired,0,Other,0,2024,3,Melbourne,7.0,76.724,1
18.0,HAM,44,Mercedes,11.0,Retired,0,Other,0,2024,3,Melbourne,11.0,76.96,1
19.0,VER,1,Red Bull Racing,1.0,Retired,0,Other,0,2024,3,Melbourne,1.0,75.915,1
1.0,VER,1,Red Bull Racing,1.0,Finished,1,Finished,0,2024,4,Suzuka,1.0,88.197,0
2.0,PER,11,Red Bull Racing,2.0,Finished,1,Finished,0,2024,4,Suzuka,2.0,88.263,0
3.0,SAI,55,Ferrari,4.0,Finished,1,Finished,0,2024,4,Suzuka,4.0,88.682,0
4.0,LEC,16,Ferrari,8.0,Finished,1,Finished,0,2024,4,Suzuka,8.0,88.786,0
5.0,NOR,4,McLaren,3.0,Finished,1,Finished,0,2024,4,Suzuka,3.0,88.489,0
6.0,ALO,14,Aston Martin,5.0,Finished,1,Finished,0,2024,4,Suzuka,5.0,88.686,0
7.0,RUS,63,Mercedes,9.0,Finished,1,Finished,0,2024,4,Suzuka,9.0,89.008,0
8.0,PIA,81,McLaren,6.0,Finished,1,Finished,0,2024,4,Suzuka,6.0,88.76,0
9.0,HAM,44,Mercedes,7.0,Finished,1,Finished,0,2024,4,Suzuka,7.0,88.766,0
10.0,TSU,22,Racing Bulls,10.0,Lapped,0,Other,0,2024,4,Suzuka,10.0,89.413,0
11.0,HUL,27,Haas F1 Team,12.0,Lapped,0,Other,0,2024,4,Suzuka,12.0,89.494,0
12.0,STR,18,Aston Martin,16.0,Lapped,0,Other,0,2024,4,Suzuka,16.0,90.024,0
13.0,MAG,20,Haas F1 Team,18.0,Lapped,0,Other,0,2024,4,Suzuka,18.0,90.131,0
14.0,BOT,77,Kick Sauber,13.0,Lapped,0,Other,0,2024,4,Suzuka,13.0,89.593,0
15.0,OCO,31,Alpine,15.0,Lapped,0,Other,0,2024,4,Suzuka,15.0,89.811,0
16.0,GAS,10,Alpine,17.0,Lapped,0,Other,0,2024,4,Suzuka,17.0,90.119,0
17.0,SAR,2,Williams,19.0,Lapped,0,Other,0,2024,4,Suzuka,19.0,90.139,0
18.0,ZHO,24,Kick Sauber,20.0,Retired,0,Other,0,2024,4,Suzuka,20.0,90.143,0
19.0,RIC,3,Racing Bulls,11.0,Retired,0,Other,0,2024,4,Suzuka,11.0,89.472,0
20.0,ALB,23,Williams,14.0,Retired,0,Other,0,2024,4,Suzuka,14.0,89.714,0
1.0,VER,1,Red Bull Racing,1.0,Finished,1,Finished,0,2024,5,Shanghai,1.0,93.66,0
2.0,NOR,4,McLaren,4.0,Finished,1,Finished,0,2024,5,Shanghai,4.0,94.165,0
3.0,PER,11,Red Bull Racing,2.0,Finished,1,Finished,0,2024,5,Shanghai,2.0,93.982,0
4.0,LEC,16,Ferrari,6.0,Finished,1,Finished,0,2024,5,Shanghai,6.0,94.289,0
5.0,SAI,55,Ferrari,7.0,Finished,1,Finished,0,2024,5,Shanghai,7.0,94.297,0
6.0,RUS,63,Mercedes,8.0,Finished,1,Finished,0,2024,5,Shanghai,8.0,94.433,0
7.0,ALO,14,Aston Martin,3.0,Finished,1,Finished,0,2024,5,Shanghai,3.0,94.148,0
8.0,PIA,81,McLaren,5.0,Finished,1,Finished,0,2024,5,Shanghai,5.0,94.273,0
9.0,HAM,44,Mercedes,18.0,Finished,1,Finished,0,2024,5,Shanghai,18.0,95.573,0
10.0,HUL,27,Haas F1 Team,9.0,Finished,1,Finished,0,2024,5,Shanghai,9.0,94.604,0
11.0,OCO,31,Alpine,13.0,Finished,1,Finished,0,2024,5,Shanghai,13.0,95.223,0
12.0,ALB,23,Williams,14.0,Finished,1,Finished,0,2024,5,Shanghai,14.0,95.241,0
13.0,GAS,10,Alpine,15.0,Finished,1,Finished,0,2024,5,Shanghai,15.0,95.287,0
14.0,ZHO,24,Kick Sauber,16.0,Finished,1,Finished,0,2024,5,Shanghai,16.0,95.505,0
15.0,STR,18,Aston Martin,11.0,Finished,1,Finished,0,2024,5,Shanghai,11.0,94.838,0
16.0,MAG,20,Haas F1 Team,17.0,Finished,1,Finished,0,2024,5,Shanghai,17.0,95.516,0
17.0,SAR,2,Williams,20.0,Finished,1,Finished,0,2024,5,Shanghai,20.0,96.358,0
18.0,RIC,3,Racing Bulls,12.0,Retired,0,Other,0,2024,5,Shanghai,12.0,94.934,0
19.0,TSU,22,Racing Bulls,19.0,Retired,0,Other,0,2024,5,Shanghai,19.0,95.746,0
20.0,BOT,77,Kick Sauber,10.0,Retired,0,Other,0,2024,5,Shanghai,10.0,94.665,0
1.0,NOR,4,McLaren,5.0,Finished,1,Finished,0,2024,6,Miami,5.0,87.594,0
2.0,VER,1,Red Bull Racing,1.0,Finished,1,Finished,0,2024,6,Miami,1.0,87.241,0
3.0,LEC,16,Ferrari,2.0,Finished,1,Finished,0,2024,6,Miami,2.0,87.382,0
4.0,PER,11,Red Bull Racing,4.0,Finished,1,Finished,0,2024,6,Miami,4.0,87.46,0
5.0,SAI,55,Ferrari,3.0,Finished,1,Finished,0,2024,6,Miami,3.0,87.455,0
6.0,HAM,44,Mercedes,8.0,Finished,1,Finished,0,2024,6,Miami,8.0,87.697,0
7.0,TSU,22,Racing Bulls,10.0,Finished,1,Finished,0,2024,6,Miami,10.0,88.167,0
8.0,RUS,63,Mercedes,7.0,Finished,1,Finished,0,2024,6,Miami,7.0,88.067,0
9.0,ALO,14,Aston Martin,15.0,Finished,1,Finished,0,2024,6,Miami,15.0,88.427,0
10.0,OCO,31,Alpine,13.0,Finished,1,Finished,0,2024,6,Miami,13.0,88.209,0
11.0,HUL,27,Haas F1 Team,9.0,Finished,1,Finished,0,2024,6,Miami,9.0,88.146,0
12.0,GAS,10,Alpine,12.0,Finished,1,Finished,0,2024,6,Miami,12.0,87.976,0
13.0,PIA,81,McLaren,6.0,Finished,1,Finished,0,2024,6,Miami,6.0,87.675,0
14.0,ZHO,24,Kick Sauber,19.0,Finished,1,Finished,0,2024,6,Miami,20.0,88.824,0
15.0,RIC,3,Racing Bulls,20.0,Finished,1,Finished,0,2024,6,Miami,18.0,88.617,0
16.0,BOT,77,Kick Sauber,16.0,Finished,1,Finished,0,2024,6,Miami,16.0,88.463,0
17.0,STR,18,Aston Martin,11.0,Finished,1,Finished,0,2024,6,Miami,11.0,88.177,0
18.0,ALB,23,Williams,14.0,Finished,1,Finished,0,2024,6,Miami,14.0,88.343,0
19.0,MAG,20,Haas F1 Team,18.0,Finished,1,Finished,0,2024,6,Miami,19.0,88.619,0
20.0,SAR,2,Williams,17.0,Retired,0,Other,0,2024,6,Miami,17.0,88.487,0
1.0,VER,1,Red Bull Racing,1.0,Finished,1,Finished,0,2024,7,Imola,1.0,74.746,0
2.0,NOR,4,McLaren,2.0,Finished,1,Finished,0,2024,7,Imola,3.0,74.837,0
3.0,LEC,16,Ferrari,3.0,Finished,1,Finished,0,2024,7,Imola,4.0,74.97,0
4.0,PIA,81,McLaren,5.0,Finished,1,Finished,0,2024,7,Imola,2.0,74.82,0
5.0,SAI,55,Ferrari,4.0,Finished,1,Finished,0,2024,7,Imola,5.0,75.233,0
6.0,HAM,44,Mercedes,8.0,Finished,1,Finished,0,2024,7,Imola,8.0,75.504,0
7.0,RUS,63,Mercedes,6.0,Finished,1,Finished,0,2024,7,Imola,6.0,75.234,0
8.0,PER,11,Red Bull Racing,11.0,Finished,1,Finished,0,2024,7,Imola,11.0,75.706,0
9.0,STR,18,Aston Martin,13.0,Finished,1,Finished,0,2024,7,Imola,13.0,75.992,0
10.0,TSU,22,Racing Bulls,7.0,Lapped,0,Other,0,2024,7,Imola,7.0,75.358,0
11.0,HUL,27,Haas F1 Team,10.0,Lapped,0,Other,0,2024,7,Imola,10.0,75.569,0
12.0,MAG,20,Haas F1 Team,18.0,Lapped,0,Other,0,2024,7,Imola,18.0,76.854,0
13.0,RIC,3,Racing Bulls,9.0,Lapped,0,Other,0,2024,7,Imola,9.0,75.674,0
14.0,OCO,31,Alpine,12.0,Lapped,0,Other,0,2024,7,Imola,12.0,75.906,0
15.0,ZHO,24,Kick Sauber,17.0,Lapped,0,Other,0,2024,7,Imola,17.0,76.834,0
16.0,GAS,10,Alpine,15.0,Lapped,0,Other,0,2024,7,Imola,15.0,76.015,0
17.0,SAR,2,Williams,19.0,Lapped,0,Other,0,2024,7,Imola,20.0,84.0575,0
18.0,BOT,77,Kick Sauber,16.0,Lapped,0,Other,0,2024,7,Imola,16.0,76.626,0
19.0,ALO,14,Aston Martin,20.0,Lapped,0,Other,0,2024,7,Imola,19.0,76.917,0
20.0,ALB,23,Williams,14.0,Retired,0,Other,0,2024,7,Imola,14.0,76.2,0
1.0,LEC,16,Ferrari,1.0,Finished,1,Finished,0,2024,8,Monaco,1.0,70.27,0
2.0,PIA,81,McLaren,2.0,Finished,1,Finished,0,2024,8,Monaco,2.0,70.424,0
3.0,SAI,55,Ferrari,3.0,Finished,1,Finished,0,2024,8,Monaco,3.0,70.518,0
4.0,NOR,4,McLaren,4.0,Finished,1,Finished,0,2024,8,Monaco,4.0,70.542,0
5.0,RUS,63,Mercedes,5.0,Finished,1,Finished,0,2024,8,Monaco,5.0,70.543,0
6.0,VER,1,Red Bull Racing,6.0,Finished,1,Finished,0,2024,8,Monaco,6.0,70.567,0
7.0,HAM,44,Mercedes,7.0,Finished,1,Finished,0,2024,8,Monaco,7.0,70.621,0
8.0,TSU,22,Racing Bulls,8.0,Lapped,0,Other,0,2024,8,Monaco,8.0,70.858,0
9.0,ALB,23,Williams,9.0,Lapped,0,Other,0,2024,8,Monaco,9.0,70.948,0
10.0,GAS,10,Alpine,10.0,Lapped,0,Other,0,2024,8,Monaco,10.0,70.896,0
11.0,ALO,14,Aston Martin,14.0,Lapped,0,Other,0,2024,8,Monaco,14.0,72.019,0
12.0,RIC,3,Racing Bulls,12.0,Lapped,0,Other,0,2024,8,Monaco,12.0,71.482,0
13.0,BOT,77,Kick Sauber,17.0,Lapped,0,Other,0,2024,8,Monaco,17.0,72.512,0
14.0,STR,18,Aston Martin,13.0,Lapped,0,Other,0,2024,8,Monaco,13.0,71.563,0
15.0,SAR,2,Williams,15.0,Lapped,0,Other,0,2024,8,Monaco,15.0,72.02,0
16.0,ZHO,24,Kick Sauber,18.0,Lapped,0,Other,0,2024,8,Monaco,18.0,73.028,0
17.0,OCO,31,Alpine,11.0,Retired,0,Other,0,2024,8,Monaco,11.0,71.285,0
18.0,PER,11,Red Bull Racing,16.0,Retired,0,Other,0,2024,8,Monaco,16.0,72.06,0
19.0,HUL,27,Haas F1 Team,19.0,Retired,0,Other,0,2024,8,Monaco,14.0,71.44,0
20.0,MAG,20,Haas F1 Team,20.0,Retired,0,Other,0,2024,8,Monaco,15.0,71.725,0
1.0,VER,1,Red Bull Racing,2.0,Finished,1,Finished,1,2024,9,Montréal,2.0,72.0,1
2.0,NOR,4,McLaren,3.0,Finished,1,Finished,1,2024,9,Montréal,3.0,72.021,1
3.0,RUS,63,Mercedes,1.0,Finished,1,Finished,1,2024,9,Montréal,1.0,71.742,1
4.0,HAM,44,Mercedes,7.0,Finished,1,Finished,1,2024,9,Montréal,7.0,71.979,1
5.0,PIA,81,McLaren,4.0,Finished,1,Finished,1,2024,9,Montréal,4.0,72.103,1
6.0,ALO,14,Aston Martin,6.0,Finished,1,Finished,1,2024,9,Montréal,6.0,72.228,1
7.0,STR,18,Aston Martin,9.0,Finished,1,Finished,1,2024,9,Montréal,9.0,72.659,1
8.0,RIC,3,Racing Bulls,5.0,Finished,1,Finished,1,2024,9,Montréal,5.0,72.178,1
9.0,GAS,10,Alpine,15.0,Finished,1,Finished,1,2024,9,Montréal,15.0,72.94,1
10.0,OCO,31,Alpine,18.0,Finished,1,Finished,1,2024,9,Montréal,18.0,73.435,1
11.0,HUL,27,Haas F1 Team,17.0,Finished,1,Finished,1,2024,9,Montréal,19.0,73.978,1
12.0,MAG,20,Haas F1 Team,14.0,Finished,1,Finished,1,2024,9,Montréal,14.0,72.916,1
13.0,BOT,77,Kick Sauber,19.0,Finished,1,Finished,1,2024,9,Montréal,17.0,73.366,1
14.0,TSU,22,Racing Bulls,8.0,Finished,1,Finished,1,2024,9,Montréal,8.0,72.303,1
15.0,ZHO,24,Kick Sauber,20.0,Lapped,0,Other,1,2024,9,Montréal,20.0,74.292,1
16.0,SAI,55,Ferrari,12.0,Retired,0,Other,1,2024,9,Montréal,12.0,72.728,1
17.0,ALB,23,Williams,10.0,Retired,0,Other,1,2024,9,Montréal,10.0,72.485,1
18.0,PER,11,Red Bull Racing,16.0,Retired,0,Other,1,2024,9,Montréal,16.0,73.326,1
19.0,LEC,16,Ferrari,11.0,Retired,0,Other,1,2024,9,Montréal,11.0,72.691,1
20.0,SAR,2,Williams,13.0,Retired,0,Other,1,2024,9,Montréal,13.0,72.736,1
1.0,VER,1,Red Bull Racing,2.0,Finished,1,Finished,1,2024,10,Barcelona,2.0,71.403,0
2.0,NOR,4,McLaren,1.0,Finished,1,Finished,1,2024,10,Barcelona,1.0,71.383,0
3.0,HAM,44,Mercedes,3.0,Finished,1,Finished,1,2024,10,Barcelona,3.0,71.701,0
4.0,RUS,63,Mercedes,4.0,Finished,1,Finished,1,2024,10,Barcelona,4.0,71.703,0
5.0,LEC,16,Ferrari,5.0,Finished,1,Finished,1,2024,10,Barcelona,5.0,71.731,0
6.0,SAI,55,Ferrari,6.0,Finished,1,Finished,1,2024,10,Barcelona,6.0,71.736,0
7.0,PIA,81,McLaren,9.0,Finished,1,Finished,1,2024,10,Barcelona,10.0,72.011,0
8.0,PER,11,Red Bull Racing,11.0,Finished,1,Finished,1,2024,10,Barcelona,8.0,72.054,0
9.0,GAS,10,Alpine,7.0,Finished,1,Finished,1,2024,10,Barcelona,7.0,71.857,0
10.0,OCO,31,Alpine,8.0,Finished,1,Finished,1,2024,10,Barcelona,9.0,72.109,0
11.0,HUL,27,Haas F1 Team,13.0,Finished,1,Finished,1,2024,10,Barcelona,13.0,72.31,0
12.0,ALO,14,Aston Martin,10.0,Lapped,0,Other,1,2024,10,Barcelona,11.0,72.128,0
13.0,ZHO,24,Kick Sauber,15.0,Lapped,0,Other,1,2024,10,Barcelona,15.0,72.738,0
14.0,STR,18,Aston Martin,14.0,Lapped,0,Other,1,2024,10,Barcelona,14.0,72.372,0
15.0,RIC,3,Racing Bulls,18.0,Lapped,0,Other,1,2024,10,Barcelona,18.0,73.075,0
16.0,BOT,77,Kick Sauber,12.0,Lapped,0,Other,1,2024,10,Barcelona,12.0,72.227,0
17.0,MAG,20,Haas F1 Team,16.0,Lapped,0,Other,1,2024,10,Barcelona,16.0,72.937,0
18.0,ALB,23,Williams,20.0,Lapped,0,Other,1,2024,10,Barcelona,19.0,73.153,0
19.0,TSU,22,Racing Bulls,17.0,Lapped,0,Other,1,2024,10,Barcelona,17.0,72.985,0
20.0,SAR,2,Williams,19.0,Lapped,0,Other,1,2024,10,Barcelona,20.0,73.509,0
1.0,RUS,63,Mercedes,3.0,Finished,1,Finished,1,2024,11,Spielberg,3.0,64.84,0
2.0,PIA,81,McLaren,7.0,Finished,1,Finished,1,2024,11,Spielberg,7.0,65.048,0
3.0,SAI,55,Ferrari,4.0,Finished,1,Finished,1,2024,11,Spielberg,4.0,64.851,0
4.0,HAM,44,Mercedes,5.0,Finished,1,Finished,1,2024,11,Spielberg,5.0,64.903,0
5.0,VER,1,Red Bull Racing,1.0,Finished,1,Finished,1,2024,11,Spielberg,1.0,64.314,0
6.0,HUL,27,Haas F1 Team,9.0,Finished,1,Finished,1,2024,11,Spielberg,9.0,65.262,0
7.0,PER,11,Red Bull Racing,8.0,Finished,1,Finished,1,2024,11,Spielberg,8.0,65.144,0
8.0,MAG,20,Haas F1 Team,12.0,Finished,1,Finished,1,2024,11,Spielberg,12.0,65.347,0
9.0,RIC,3,Racing Bulls,11.0,Finished,1,Finished,1,2024,11,Spielberg,11.0,65.289,0
10.0,GAS,10,Alpine,13.0,Finished,1,Finished,1,2024,11,Spielberg,13.0,65.359,0
11.0,LEC,16,Ferrari,6.0,Finished,1,Finished,1,2024,11,Spielberg,6.0,65.044,0
12.0,OCO,31,Alpine,10.0,Finished,1,Finished,1,2024,11,Spielberg,10.0,65.274,0
13.0,STR,18,Aston Martin,17.0,Lapped,0,Other,1,2024,11,Spielberg,17.0,65.819,0
14.0,TSU,22,Racing Bulls,14.0,Lapped,0,Other,1,2024,11,Spielberg,14.0,65.412,0
15.0,ALB,23,Williams,16.0,Lapped,0,Other,1,2024,11,Spielberg,16.0,65.736,0
16.0,BOT,77,Kick Sauber,18.0,Lapped,0,Other,1,2024,11,Spielberg,18.0,65.847,0
17.0,ZHO,24,Kick Sauber,20.0,Lapped,0,Other,1,2024,11,Spielberg,20.0,66.061,0
18.0,ALO,14,Aston Martin,15.0,Lapped,0,Other,1,2024,11,Spielberg,15.0,65.639,0
19.0,SAR,2,Williams,19.0,Lapped,0,Other,1,2024,11,Spielberg,19.0,65.856,0
20.0,NOR,4,McLaren,2.0,Lapped,0,Other,1,2024,11,Spielberg,2.0,64.718,0
1.0,HAM,44,Mercedes,2.0,Finished,1,Finished,1,2024,12,Silverstone,2.0,85.99,1
2.0,VER,1,Red Bull Racing,4.0,Finished,1,Finished,1,2024,12,Silverstone,4.0,86.203,1
3.0,NOR,4,McLaren,3.0,Finished,1,Finished,1,2024,12,Silverstone,3.0,86.03,1
4.0,PIA,81,McLaren,5.0,Finished,1,Finished,1,2024,12,Silverstone,5.0,86.237,1
5.0,SAI,55,Ferrari,7.0,Finished,1,Finished,1,2024,12,Silverstone,7.0,86.509,1
6.0,HUL,27,Haas F1 Team,6.0,Finished,1,Finished,1,2024,12,Silverstone,6.0,86.338,1
7.0,STR,18,Aston Martin,8.0,Finished,1,Finished,1,2024,12,Silverstone,8.0,86.585,1
8.0,ALO,14,Aston Martin,10.0,Finished,1,Finished,1,2024,12,Silverstone,10.0,86.73,1
9.0,ALB,23,Williams,9.0,Finished,1,Finished,1,2024,12,Silverstone,9.0,86.64,1
10.0,TSU,22,Racing Bulls,13.0,Finished,1,Finished,1,2024,12,Silverstone,13.0,87.269,1
11.0,SAR,2,Williams,12.0,Finished,1,Finished,1,2024,12,Silverstone,12.0,87.175,1
12.0,MAG,20,Haas F1 Team,17.0,Finished,1,Finished,1,2024,12,Silverstone,17.0,92.905,1
13.0,RIC,3,Racing Bulls,15.0,Lapped,0,Other,1,2024,12,Silverstone,15.0,87.949,1
14.0,LEC,16,Ferrari,11.0,Lapped,0,Other,1,2024,12,Silverstone,11.0,87.097,1
15.0,BOT,77,Kick Sauber,16.0,Lapped,0,Other,1,2024,12,Silverstone,16.0,92.431,1
16.0,OCO,31,Alpine,18.0,Lapped,0,Other,1,2024,12,Silverstone,18.0,94.557,1
17.0,PER,11,Red Bull Racing,20.0,Lapped,0,Other,1,2024,12,Silverstone,19.0,98.348,1
18.0,ZHO,24,Kick Sauber,14.0,Lapped,0,Other,1,2024,12,Silverstone,14.0,87.867,1
19.0,RUS,63,Mercedes,1.0,Retired,0,Other,1,2024,12,Silverstone,1.0,85.819,1
20.0,GAS,10,Alpine,19.0,Did not start,0,Other,1,2024,12,Silverstone,20.0,99.804,1
1.0,PIA,81,McLaren,2.0,Finished,1,Finished,0,2024,13,Budapest,2.0,75.249,1
2.0,NOR,4,McLaren,1.0,Finished,1,Finished,0,2024,13,Budapest,1.0,75.227,1
3.0,HAM,44,Mercedes,5.0,Finished,1,Finished,0,2024,13,Budapest,5.0,75.854,1
4.0,LEC,16,Ferrari,6.0,Finished,1,Finished,0,2024,13,Budapest,6.0,75.891,1
5.0,VER,1,Red Bull Racing,3.0,Finished,1,Finished,0,2024,13,Budapest,3.0,75.273,1
6.0,SAI,55,Ferrari,4.0,Finished,1,Finished,0,2024,13,Budapest,4.0,75.696,1
7.0,PER,11,Red Bull Racing,16.0,Finished,1,Finished,0,2024,13,Budapest,16.0,77.886,1
8.0,RUS,63,Mercedes,17.0,Finished,1,Finished,0,2024,13,Budapest,17.0,77.968,1
9.0,TSU,22,Racing Bulls,10.0,Finished,1,Finished,0,2024,13,Budapest,10.0,76.121,1
10.0,STR,18,Aston Martin,8.0,Finished,1,Finished,0,2024,13,Budapest,8.0,76.075,1
11.0,ALO,14,Aston Martin,7.0,Finished,1,Finished,0,2024,13,Budapest,7.0,76.043,1
12.0,RIC,3,Racing Bulls,9.0,Lapped,0,Other,0,2024,13,Budapest,9.0,76.202,1
13.0,HUL,27,Haas F1 Team,11.0,Lapped,0,Other,0,2024,13,Budapest,11.0,76.317,1
14.0,ALB,23,Williams,13.0,Lapped,0,Other,0,2024,13,Budapest,13.0,76.429,1
15.0,MAG,20,Haas F1 Team,15.0,Lapped,0,Other,0,2024,13,Budapest,15.0,76.548,1
16.0,BOT,77,Kick Sauber,12.0,Lapped,0,Other,0,2024,13,Budapest,12.0,76.384,1
17.0,SAR,2,Williams,14.0,Lapped,0,Other,0,2024,13,Budapest,14.0,76.543,1
18.0,OCO,31,Alpine,19.0,Lapped,0,Other,0,2024,13,Budapest,19.0,78.049,1
19.0,ZHO,24,Kick Sauber,18.0,Lapped,0,Other,0,2024,13,Budapest,18.0,78.037,1
20.0,GAS,10,Alpine,20.0,Retired,0,Other,0,2024,13,Budapest,20.0,78.166,1
1.0,HAM,44,Mercedes,3.0,Finished,1,Finished,0,2024,14,Spa-Francorchamps,4.0,113.835,1
2.0,PIA,81,McLaren,5.0,Finished,1,Finished,0,2024,14,Spa-Francorchamps,6.0,114.027,1
3.0,LEC,16,Ferrari,1.0,Finished,1,Finished,0,2024,14,Spa-Francorchamps,2.0,113.754,1
4.0,VER,1,Red Bull Racing,11.0,Finished,1,Finished,0,2024,14,Spa-Francorchamps,1.0,113.159,1
5.0,NOR,4,McLaren,4.0,Finished,1,Finished,0,2024,14,Spa-Francorchamps,5.0,113.981,1
6.0,SAI,55,Ferrari,7.0,Finished,1,Finished,0,2024,14,Spa-Francorchamps,8.0,114.112,1
7.0,PER,11,Red Bull Racing,2.0,Finished,1,Finished,0,2024,14,Spa-Francorchamps,3.0,113.765,1
8.0,ALO,14,Aston Martin,8.0,Finished,1,Finished,0,2024,14,Spa-Francorchamps,9.0,114.258,1
9.0,OCO,31,Alpine,9.0,Finished,1,Finished,0,2024,14,Spa-Francorchamps,10.0,114.46,1
10.0,RIC,3,Racing Bulls,13.0,Finished,1,Finished,0,2024,14,Spa-Francorchamps,13.0,114.682,1
11.0,STR,18,Aston Martin,15.0,Finished,1,Finished,0,2024,14,Spa-Francorchamps,15.0,115.716,1
12.0,ALB,23,Williams,10.0,Finished,1,Finished,0,2024,14,Spa-Francorchamps,11.0,114.473,1
13.0,GAS,10,Alpine,12.0,Finished,1,Finished,0,2024,14,Spa-Francorchamps,12.0,114.635,1
14.0,MAG,20,Haas F1 Team,17.0,Finished,1,Finished,0,2024,14,Spa-Francorchamps,17.0,116.5,1
15.0,BOT,77,Kick Sauber,14.0,Finished,1,Finished,0,2024,14,Spa-Francorchamps,14.0,114.764,1
16.0,TSU,22,Racing Bulls,20.0,Finished,1,Finished,0,2024,14,Spa-Francorchamps,18.0,116.593,1
17.0,SAR,2,Williams,18.0,Finished,1,Finished,0,2024,14,Spa-Francorchamps,19.0,117.23,1
18.0,HUL,27,Haas F1 Team,16.0,Finished,1,Finished,0,2024,14,Spa-Francorchamps,16.0,116.308,1
19.0,ZHO,24,Kick Sauber,19.0,Retired,0,Other,0,2024,14,Spa-Francorchamps,20.0,117.775,1
20.0,RUS,63,Mercedes,6.0,Disqualified,0,Other,0,2024,14,Spa-Francorchamps,7.0,114.095,1
1.0,NOR,4,McLaren,1.0,Finished,1,Finished,0,2024,15,Zandvoort,1.0,69.673,0
2.0,VER,1,Red Bull Racing,2.0,Finished,1,Finished,0,2024,15,Zandvoort,2.0,70.029,0
3.0,LEC,16,Ferrari,6.0,Finished,1,Finished,0,2024,15,Zandvoort,6.0,70.582,0
4.0,PIA,81,McLaren,3.0,Finished,1,Finished,0,2024,15,Zandvoort,3.0,70.172,0
5.0,SAI,55,Ferrari,10.0,Finished,1,Finished,0,2024,15,Zandvoort,10.0,70.914,0
6.0,PER,11,Red Bull Racing,5.0,Finished,1,Finished,0,2024,15,Zandvoort,5.0,70.416,0
7.0,RUS,63,Mercedes,4.0,Finished,1,Finished,0,2024,15,Zandvoort,4.0,70.244,0
8.0,HAM,44,Mercedes,14.0,Finished,1,Finished,0,2024,15,Zandvoort,11.0,70.948,0
9.0,GAS,10,Alpine,9.0,Lapped,0,Other,0,2024,15,Zandvoort,9.0,70.815,0
10.0,ALO,14,Aston Martin,7.0,Lapped,0,Other,0,2024,15,Zandvoort,7.0,70.633,0
11.0,HUL,27,Haas F1 Team,12.0,Lapped,0,Other,0,2024,15,Zandvoort,13.0,71.215,0
12.0,RIC,3,Racing Bulls,13.0,Lapped,0,Other,0,2024,15,Zandvoort,15.0,71.943,0
13.0,STR,18,Aston Martin,8.0,Lapped,0,Other,0,2024,15,Zandvoort,8.0,70.661,0
14.0,ALB,23,Williams,19.0,Lapped,0,Other,0,2024,15,Zandvoort,10.0,70.653,0
15.0,OCO,31,Alpine,15.0,Lapped,0,Other,0,2024,15,Zandvoort,16.0,71.995,0
16.0,SAR,2,Williams,18.0,Lapped,0,Other,0,2024,15,Zandvoort,20.0,84.0575,0
17.0,TSU,22,Racing Bulls,11.0,Lapped,0,Other,0,2024,15,Zandvoort,12.0,70.955,0
18.0,MAG,20,Haas F1 Team,20.0,Lapped,0,Other,0,2024,15,Zandvoort,14.0,71.295,0
19.0,BOT,77,Kick Sauber,16.0,Lapped,0,Other,0,2024,15,Zandvoort,17.0,72.168,0
20.0,ZHO,24,Kick Sauber,17.0,Lapped,0,Other,0,2024,15,Zandvoort,18.0,73.261,0
1.0,LEC,16,Ferrari,4.0,Finished,1,Finished,0,2024,16,Monza,4.0,79.461,0
2.0,PIA,81,McLaren,2.0,Finished,1,Finished,0,2024,16,Monza,2.0,79.436,0
3.0,NOR,4,McLaren,1.0,Finished,1,Finished,0,2024,16,Monza,1.0,79.327,0
4.0,SAI,55,Ferrari,5.0,Finished,1,Finished,0,2024,16,Monza,5.0,79.467,0
5.0,HAM,44,Mercedes,6.0,Finished,1,Finished,0,2024,16,Monza,6.0,79.513,0
6.0,VER,1,Red Bull Racing,7.0,Finished,1,Finished,0,2024,16,Monza,7.0,79.662,0
7.0,RUS,63,Mercedes,3.0,Finished,1,Finished,0,2024,16,Monza,3.0,79.44,0
8.0,PER,11,Red Bull Racing,8.0,Finished,1,Finished,0,2024,16,Monza,8.0,80.062,0
9.0,ALB,23,Williams,9.0,Finished,1,Finished,0,2024,16,Monza,9.0,80.299,0
10.0,MAG,20,Haas F1 Team,13.0,Finished,1,Finished,0,2024,16,Monza,13.0,80.698,0
11.0,ALO,14,Aston Martin,11.0,Finished,1,Finished,0,2024,16,Monza,11.0,80.421,0
12.0,COL,43,Williams,18.0,Finished,1,Finished,0,2024,16,Monza,18.0,81.061,0
13.0,RIC,3,Racing Bulls,12.0,Finished,1,Finished,0,2024,16,Monza,12.0,80.479,0
14.0,OCO,31,Alpine,15.0,Lapped,0,Other,0,2024,16,Monza,15.0,80.764,0
15.0,GAS,10,Alpine,14.0,Lapped,0,Other,0,2024,16,Monza,14.0,80.738,0
16.0,BOT,77,Kick Sauber,19.0,Lapped,0,Other,0,2024,16,Monza,19.0,81.101,0
17.0,HUL,27,Haas F1 Team,10.0,Lapped,0,Other,0,2024,16,Monza,10.0,80.339,0
18.0,ZHO,24,Kick Sauber,20.0,Lapped,0,Other,0,2024,16,Monza,20.0,81.445,0
19.0,STR,18,Aston Martin,17.0,Lapped,0,Other,0,2024,16,Monza,17.0,81.013,0
20.0,TSU,22,Racing Bulls,16.0,Retired,0,Other,0,2024,16,Monza,16.0,80.945,0
1.0,PIA,81,McLaren,2.0,Finished,1,Finished,0,2024,17,Baku,2.0,101.686,0
2.0,LEC,16,Ferrari,1.0,Finished,1,Finished,0,2024,17,Baku,1.0,101.365,0
3.0,RUS,63,Mercedes,5.0,Finished,1,Finished,0,2024,17,Baku,5.0,101.874,0
4.0,NOR,4,McLaren,15.0,Finished,1,Finished,0,2024,17,Baku,16.0,103.609,0
5.0,VER,1,Red Bull Racing,6.0,Finished,1,Finished,0,2024,17,Baku,6.0,102.023,0
6.0,ALO,14,Aston Martin,7.0,Finished,1,Finished,0,2024,17,Baku,8.0,102.369,0
7.0,ALB,23,Williams,9.0,Finished,1,Finished,0,2024,17,Baku,10.0,102.84,0
8.0,COL,43,Williams,8.0,Finished,1,Finished,0,2024,17,Baku,9.0,102.473,0
9.0,HAM,44,Mercedes,19.0,Finished,1,Finished,0,2024,17,Baku,7.0,102.289,0
10.0,BEA,50,Haas F1 Team,10.0,Finished,1,Finished,0,2024,17,Baku,11.0,102.968,0
11.0,HUL,27,Haas F1 Team,12.0,Finished,1,Finished,0,2024,17,Baku,13.0,103.101,0
12.0,GAS,10,Alpine,18.0,Finished,1,Finished,0,2024,17,Baku,15.0,103.088,0
13.0,RIC,3,Racing Bulls,14.0,Finished,1,Finished,0,2024,17,Baku,15.0,103.547,0
14.0,ZHO,24,Kick Sauber,17.0,Finished,1,Finished,0,2024,17,Baku,18.0,104.246,0
15.0,OCO,31,Alpine,20.0,Lapped,0,Other,0,2024,17,Baku,19.0,104.504,0
16.0,BOT,77,Kick Sauber,16.0,Lapped,0,Other,0,2024,17,Baku,17.0,103.618,0
17.0,PER,11,Red Bull Racing,4.0,Finished,1,Finished,0,2024,17,Baku,4.0,101.813,0
18.0,SAI,55,Ferrari,3.0,Finished,1,Finished,0,2024,17,Baku,3.0,101.805,0
19.0,STR,18,Aston Martin,13.0,Finished,1,Finished,0,2024,17,Baku,14.0,103.37,0
20.0,TSU,22,Racing Bulls,11.0,Retired,0,Other,0,2024,17,Baku,12.0,103.035,0
1.0,NOR,4,McLaren,1.0,Finished,1,Finished,0,2024,18,Marina Bay,1.0,89.525,0
2.0,VER,1,Red Bull Racing,2.0,Finished,1,Finished,0,2024,18,Marina Bay,2.0,89.68,0
3.0,PIA,81,McLaren,5.0,Finished,1,Finished,0,2024,18,Marina Bay,5.0,89.64,0
4.0,RUS,63,Mercedes,4.0,Finished,1,Finished,0,2024,18,Marina Bay,4.0,89.867,0
5.0,LEC,16,Ferrari,9.0,Finished,1,Finished,0,2024,18,Marina Bay,9.0,89.747,0
6.0,HAM,44,Mercedes,3.0,Finished,1,Finished,0,2024,18,Marina Bay,3.0,89.841,0
7.0,SAI,55,Ferrari,10.0,Finished,1,Finished,0,2024,18,Marina Bay,10.0,90.108,0
8.0,ALO,14,Aston Martin,7.0,Lapped,0,Other,0,2024,18,Marina Bay,7.0,90.214,0
9.0,HUL,27,Haas F1 Team,6.0,Lapped,0,Other,0,2024,18,Marina Bay,6.0,90.115,0
10.0,PER,11,Red Bull Racing,13.0,Lapped,0,Other,0,2024,18,Marina Bay,13.0,90.579,0
11.0,COL,43,Williams,12.0,Lapped,0,Other,0,2024,18,Marina Bay,12.0,90.481,0
12.0,TSU,22,Racing Bulls,8.0,Lapped,0,Other,0,2024,18,Marina Bay,8.0,90.289,0
13.0,OCO,31,Alpine,15.0,Lapped,0,Other,0,2024,18,Marina Bay,15.0,90.769,0
14.0,STR,18,Aston Martin,17.0,Lapped,0,Other,0,2024,18,Marina Bay,17.0,91.094,0
15.0,ZHO,24,Kick Sauber,20.0,Lapped,0,Other,0,2024,18,Marina Bay,20.0,92.054,0
16.0,BOT,77,Kick Sauber,19.0,Lapped,0,Other,0,2024,18,Marina Bay,19.0,91.572,0
17.0,GAS,10,Alpine,18.0,Lapped,0,Other,0,2024,18,Marina Bay,18.0,91.312,0
18.0,RIC,3,Racing Bulls,16.0,Lapped,0,Other,0,2024,18,Marina Bay,16.0,91.085,0
19.0,MAG,20,Haas F1 Team,14.0,Finished,1,Finished,0,2024,18,Marina Bay,14.0,90.653,0
20.0,ALB,23,Williams,11.0,Retired,0,Other,0,2024,18,Marina Bay,11.0,90.474,0
1.0,LEC,16,Ferrari,4.0,Finished,1,Finished,0,2024,19,Austin,4.0,92.74,0
2.0,SAI,55,Ferrari,3.0,Finished,1,Finished,0,2024,19,Austin,3.0,92.652,0
3.0,VER,1,Red Bull Racing,2.0,Finished,1,Finished,0,2024,19,Austin,2.0,92.361,0
4.0,NOR,4,McLaren,1.0,Finished,1,Finished,0,2024,19,Austin,1.0,92.33,0
5.0,PIA,81,McLaren,5.0,Finished,1,Finished,0,2024,19,Austin,5.0,92.95,0
6.0,RUS,63,Mercedes,20.0,Finished,1,Finished,0,2024,19,Austin,6.0,92.974,0
7.0,PER,11,Red Bull Racing,9.0,Finished,1,Finished,0,2024,19,Austin,10.0,93.02,0
8.0,HUL,27,Haas F1 Team,11.0,Finished,1,Finished,0,2024,19,Austin,12.0,93.544,0
9.0,LAW,30,Racing Bulls,19.0,Finished,1,Finished,0,2024,19,Austin,15.0,93.339,0
10.0,COL,43,Williams,15.0,Finished,1,Finished,0,2024,19,Austin,17.0,94.062,0
11.0,MAG,20,Haas F1 Team,8.0,Finished,1,Finished,0,2024,19,Austin,9.0,93.474,0
12.0,GAS,10,Alpine,6.0,Finished,1,Finished,0,2024,19,Austin,7.0,93.018,0
13.0,ALO,14,Aston Martin,7.0,Lapped,0,Other,0,2024,19,Austin,8.0,93.309,0
14.0,TSU,22,Racing Bulls,10.0,Lapped,0,Other,0,2024,19,Austin,11.0,93.506,0
15.0,STR,18,Aston Martin,13.0,Lapped,0,Other,0,2024,19,Austin,14.0,93.759,0
16.0,ALB,23,Williams,14.0,Lapped,0,Other,0,2024,19,Austin,16.0,94.051,0
17.0,BOT,77,Kick Sauber,16.0,Lapped,0,Other,0,2024,19,Austin,18.0,94.152,0
18.0,OCO,31,Alpine,12.0,Lapped,0,Other,0,2024,19,Austin,13.0,93.597,0
19.0,ZHO,24,Kick Sauber,18.0,Lapped,0,Other,0,2024,19,Austin,20.0,94.228,0
20.0,HAM,44,Mercedes,17.0,Retired,0,Other,0,2024,19,Austin,19.0,94.154,0
1.0,SAI,55,Ferrari,1.0,Finished,1,Finished,0,2024,20,Mexico City,1.0,75.946,0
2.0,NOR,4,McLaren,3.0,Finished,1,Finished,0,2024,20,Mexico City,3.0,76.26,0
3.0,LEC,16,Ferrari,4.0,Finished,1,Finished,0,2024,20,Mexico City,4.0,76.265,0
4.0,HAM,44,Mercedes,6.0,Finished,1,Finished,0,2024,20,Mexico City,6.0,76.651,0
5.0,RUS,63,Mercedes,5.0,Finished,1,Finished,0,2024,20,Mexico City,5.0,76.356,0
6.0,VER,1,Red Bull Racing,2.0,Finished,1,Finished,0,2024,20,Mexico City,2.0,76.171,0
7.0,MAG,20,Haas F1 Team,7.0,Finished,1,Finished,0,2024,20,Mexico City,7.0,76.886,0
8.0,PIA,81,McLaren,17.0,Finished,1,Finished,0,2024,20,Mexico City,17.0,77.597,0
9.0,HUL,27,Haas F1 Team,10.0,Lapped,0,Other,0,2024,20,Mexico City,10.0,76.995,0
10.0,GAS,10,Alpine,8.0,Lapped,0,Other,0,2024,20,Mexico City,8.0,76.892,0
11.0,STR,18,Aston Martin,14.0,Lapped,0,Other,0,2024,20,Mexico City,14.0,77.294,0
12.0,COL,43,Williams,16.0,Lapped,0,Other,0,2024,20,Mexico City,16.0,77.558,0
13.0,OCO,31,Alpine,21.0,Lapped,0,Other,0,2024,20,Mexico City,19.0,77.617,0
14.0,BOT,77,Kick Sauber,15.0,Lapped,0,Other,0,2024,20,Mexico City,15.0,77.393,0
15.0,ZHO,24,Kick Sauber,19.0,Lapped,0,Other,0,2024,20,Mexico City,20.0,78.072,0
16.0,LAW,30,Racing Bulls,12.0,Lapped,0,Other,0,2024,20,Mexico City,12.0,77.162,0
17.0,PER,11,Red Bull Racing,18.0,Lapped,0,Other,0,2024,20,Mexico City,18.0,77.611,0
18.0,ALO,14,Aston Martin,13.0,Retired,0,Other,0,2024,20,Mexico City,13.0,77.168,0
19.0,ALB,23,Williams,9.0,Retired,0,Other,0,2024,20,Mexico City,9.0,76.988,0
20.0,TSU,22,Racing Bulls,11.0,Retired,0,Other,0,2024,20,Mexico City,11.0,77.129,0
1.0,VER,1,Red Bull Racing,17.0,Finished,1,Finished,1,2024,21,São Paulo,12.0,87.771,1
2.0,OCO,31,Alpine,4.0,Finished,1,Finished,1,2024,21,São Paulo,4.0,84.475,1
3.0,GAS,10,Alpine,13.0,Finished,1,Finished,1,2024,21,São Paulo,15.0,89.42,1
4.0,RUS,63,Mercedes,2.0,Finished,1,Finished,1,2024,21,São Paulo,2.0,83.578,1
5.0,LEC,16,Ferrari,6.0,Finished,1,Finished,1,2024,21,São Paulo,6.0,84.525,1
6.0,NOR,4,McLaren,1.0,Finished,1,Finished,1,2024,21,São Paulo,1.0,83.405,1
7.0,TSU,22,Racing Bulls,3.0,Finished,1,Finished,1,2024,21,São Paulo,3.0,84.111,1
8.0,PIA,81,McLaren,8.0,Finished,1,Finished,1,2024,21,São Paulo,8.0,84.686,1
9.0,LAW,30,Racing Bulls,5.0,Finished,1,Finished,1,2024,21,São Paulo,5.0,84.484,1
10.0,HAM,44,Mercedes,14.0,Finished,1,Finished,1,2024,21,São Paulo,16.0,91.15,1
11.0,PER,11,Red Bull Racing,12.0,Finished,1,Finished,1,2024,21,São Paulo,13.0,88.158,1
12.0,BEA,50,Haas F1 Team,15.0,Finished,1,Finished,1,2024,21,São Paulo,17.0,91.229,1
13.0,BOT,77,Kick Sauber,11.0,Finished,1,Finished,1,2024,21,São Paulo,11.0,86.472,1
14.0,ALO,14,Aston Martin,9.0,Finished,1,Finished,1,2024,21,São Paulo,9.0,85.035,1
15.0,ZHO,24,Kick Sauber,19.0,Finished,1,Finished,1,2024,21,São Paulo,20.0,92.263,1
16.0,SAI,55,Ferrari,20.0,Retired,0,Other,1,2024,21,São Paulo,14.0,89.406,1
17.0,COL,43,Williams,16.0,Retired,0,Other,1,2024,21,São Paulo,18.0,91.27,1
18.0,ALB,23,Williams,7.0,Did not start,0,Other,1,2024,21,São Paulo,7.0,84.657,1
19.0,STR,18,Aston Martin,10.0,Did not start,0,Other,1,2024,21,São Paulo,10.0,86.334,1
20.0,HUL,27,Haas F1 Team,18.0,Disqualified,0,Other,1,2024,21,São Paulo,19.0,91.623,1
1.0,RUS,63,Mercedes,1.0,Finished,1,Finished,0,2024,22,Las Vegas,1.0,92.312,0
2.0,HAM,44,Mercedes,10.0,Finished,1,Finished,0,2024,22,Las Vegas,10.0,92.567,0
3.0,SAI,55,Ferrari,2.0,Finished,1,Finished,0,2024,22,Las Vegas,2.0,92.41,0
4.0,LEC,16,Ferrari,4.0,Finished,1,Finished,0,2024,22,Las Vegas,4.0,92.783,0
5.0,VER,1,Red Bull Racing,5.0,Finished,1,Finished,0,2024,22,Las Vegas,5.0,92.797,0
6.0,NOR,4,McLaren,6.0,Finished,1,Finished,0,2024,22,Las Vegas,6.0,93.008,0
7.0,PIA,81,McLaren,8.0,Finished,1,Finished,0,2024,22,Las Vegas,8.0,93.024,0
8.0,HUL,27,Haas F1 Team,9.0,Finished,1,Finished,0,2024,22,Las Vegas,9.0,93.062,0
9.0,TSU,22,Racing Bulls,7.0,Finished,1,Finished,0,2024,22,Las Vegas,7.0,93.029,0
10.0,PER,11,Red Bull Racing,15.0,Finished,1,Finished,0,2024,22,Las Vegas,16.0,94.155,0
11.0,ALO,14,Aston Martin,16.0,Finished,1,Finished,0,2024,22,Las Vegas,17.0,94.258,0
12.0,MAG,20,Haas F1 Team,12.0,Finished,1,Finished,0,2024,22,Las Vegas,12.0,93.297,0
13.0,ZHO,24,Kick Sauber,13.0,Finished,1,Finished,0,2024,22,Las Vegas,13.0,93.566,0
14.0,COL,43,Williams,20.0,Finished,1,Finished,0,2024,22,Las Vegas,14.0,93.746,0
15.0,STR,18,Aston Martin,18.0,Finished,1,Finished,0,2024,22,Las Vegas,20.0,94.484,0
16.0,LAW,30,Racing Bulls,14.0,Finished,1,Finished,0,2024,22,Las Vegas,15.0,94.087,0
17.0,OCO,31,Alpine,11.0,Lapped,0,Other,0,2024,22,Las Vegas,11.0,93.221,0
18.0,BOT,77,Kick Sauber,19.0,Lapped,0,Other,0,2024,22,Las Vegas,19.0,94.43,0
19.0,ALB,23,Williams,17.0,Retired,0,Other,0,2024,22,Las Vegas,18.0,94.425,0
20.0,GAS,10,Alpine,3.0,Retired,0,Other,0,2024,22,Las Vegas,3.0,92.664,0
1.0,VER,1,Red Bull Racing,2.0,Finished,1,Finished,0,2024,23,Lusail,1.0,80.52,0
2.0,LEC,16,Ferrari,5.0,Finished,1,Finished,0,2024,23,Lusail,5.0,80.852,0
3.0,PIA,81,McLaren,4.0,Finished,1,Finished,0,2024,23,Lusail,4.0,80.829,0
4.0,RUS,63,Mercedes,1.0,Finished,1,Finished,0,2024,23,Lusail,2.0,80.575,0
5.0,GAS,10,Alpine,11.0,Finished,1,Finished,0,2024,23,Lusail,11.0,81.437,0
6.0,SAI,55,Ferrari,7.0,Finished,1,Finished,0,2024,23,Lusail,7.0,81.041,0
7.0,ALO,14,Aston Martin,8.0,Finished,1,Finished,0,2024,23,Lusail,8.0,81.208,0
8.0,ZHO,24,Kick Sauber,12.0,Finished,1,Finished,0,2024,23,Lusail,12.0,81.501,0
9.0,MAG,20,Haas F1 Team,10.0,Finished,1,Finished,0,2024,23,Lusail,10.0,81.387,0
10.0,NOR,4,McLaren,3.0,Finished,1,Finished,0,2024,23,Lusail,3.0,80.772,0
11.0,BOT,77,Kick Sauber,13.0,Finished,1,Finished,0,2024,23,Lusail,13.0,81.731,0
12.0,HAM,44,Mercedes,6.0,Finished,1,Finished,0,2024,23,Lusail,6.0,81.011,0
13.0,TSU,22,Racing Bulls,14.0,Finished,1,Finished,0,2024,23,Lusail,14.0,81.771,0
14.0,LAW,30,Racing Bulls,17.0,Finished,1,Finished,0,2024,23,Lusail,17.0,82.411,0
15.0,ALB,23,Williams,16.0,Lapped,0,Other,0,2024,23,Lusail,16.0,82.39,0
16.0,HUL,27,Haas F1 Team,18.0,Retired,0,Other,0,2024,23,Lusail,18.0,82.442,0
17.0,PER,11,Red Bull Racing,9.0,Retired,0,Other,0,2024,23,Lusail,9.0,81.425,0
18.0,STR,18,Aston Martin,15.0,Retired,0,Other,0,2024,23,Lusail,15.0,81.911,0
19.0,COL,43,Williams,19.0,Retired,0,Other,0,2024,23,Lusail,19.0,82.594,0
20.0,OCO,31,Alpine,20.0,Retired,0,Other,0,2024,23,Lusail,20.0,82.714,0
1.0,NOR,4,McLaren,1.0,Finished,1,Finished,0,2024,24,Yas Island,1.0,82.595,0
2.0,SAI,55,Ferrari,3.0,Finished,1,Finished,0,2024,24,Yas Island,3.0,82.824,0
3.0,LEC,16,Ferrari,19.0,Finished,1,Finished,0,2024,24,Yas Island,14.0,83.302,0
4.0,HAM,44,Mercedes,16.0,Finished,1,Finished,0,2024,24,Yas Island,18.0,83.887,0
5.0,RUS,63,Mercedes,6.0,Finished,1,Finished,0,2024,24,Yas Island,7.0,83.132,0
6.0,VER,1,Red Bull Racing,4.0,Finished,1,Finished,0,2024,24,Yas Island,5.0,82.945,0
7.0,GAS,10,Alpine,5.0,Finished,1,Finished,0,2024,24,Yas Island,6.0,82.984,0
8.0,HUL,27,Haas F1 Team,7.0,Finished,1,Finished,0,2024,24,Yas Island,4.0,82.886,0
9.0,ALO,14,Aston Martin,8.0,Finished,1,Finished,0,2024,24,Yas Island,8.0,83.196,0
10.0,PIA,81,McLaren,2.0,Finished,1,Finished,0,2024,24,Yas Island,2.0,82.804,0
11.0,ALB,23,Williams,18.0,Lapped,0,Other,0,2024,24,Yas Island,16.0,83.821,0
12.0,TSU,22,Racing Bulls,11.0,Lapped,0,Other,0,2024,24,Yas Island,11.0,83.419,0
13.0,ZHO,24,Kick Sauber,15.0,Lapped,0,Other,0,2024,24,Yas Island,17.0,83.88,0
14.0,STR,18,Aston Martin,13.0,Lapped,0,Other,0,2024,24,Yas Island,13.0,83.729,0
15.0,DOO,61,Alpine,17.0,Lapped,0,Other,0,2024,24,Yas Island,20.0,84.105,0
16.0,MAG,20,Haas F1 Team,14.0,Lapped,0,Other,0,2024,24,Yas Island,15.0,83.632,0
17.0,LAW,30,Racing Bulls,12.0,Finished,1,Finished,0,2024,24,Yas Island,12.0,83.472,0
18.0,BOT,77,Kick Sauber,9.0,Retired,0,Other,0,2024,24,Yas Island,9.0,83.204,0
19.0,COL,43,Williams,20.0,Retired,0,Other,0,2024,24,Yas Island,19.0,83.912,0
20.0,PER,11,Red Bull Racing,10.0,Retired,0,Other,0,2024,24,Yas Island,10.0,83.264,0
1.0,NOR,4,McLaren,1.0,Finished,1,Finished,1,2025,1,Melbourne,1.0,75.096,0
2.0,VER,1,Red Bull Racing,3.0,Finished,1,Finished,1,2025,1,Melbourne,3.0,75.481,0
3.0,RUS,63,Mercedes,4.0,Finished,1,Finished,1,2025,1,Melbourne,4.0,75.546,0
4.0,ANT,12,Mercedes,16.0,Finished,1,Finished,1,2025,1,Melbourne,16.0,76.525,0
5.0,ALB,23,Williams,6.0,Finished,1,Finished,1,2025,1,Melbourne,6.0,75.737,0
6.0,STR,18,Aston Martin,13.0,Finished,1,Finished,1,2025,1,Melbourne,13.0,76.369,0
7.0,HUL,27,Kick Sauber,17.0,Finished,1,Finished,1,2025,1,Melbourne,17.0,76.579,0
8.0,LEC,16,Ferrari,7.0,Finished,1,Finished,1,2025,1,Melbourne,7.0,75.755,0
9.0,PIA,81,McLaren,2.0,Finished,1,Finished,1,2025,1,Melbourne,2.0,75.18,0
10.0,HAM,44,Ferrari,8.0,Finished,1,Finished,1,2025,1,Melbourne,8.0,75.919,0
11.0,GAS,10,Alpine,9.0,Finished,1,Finished,1,2025,1,Melbourne,9.0,75.98,0
12.0,TSU,22,Racing Bulls,5.0,Finished,1,Finished,1,2025,1,Melbourne,5.0,75.67,0
13.0,OCO,31,Haas F1 Team,19.0,Finished,1,Finished,1,2025,1,Melbourne,19.0,77.147,0
14.0,BEA,87,Haas F1 Team,20.0,Finished,1,Finished,1,2025,1,Melbourne,20.0,84.0575,0
15.0,LAW,30,Red Bull Racing,18.0,Retired,0,Other,1,2025,1,Melbourne,18.0,77.094,0
16.0,BOR,5,Kick Sauber,15.0,Retired,0,Other,1,2025,1,Melbourne,15.0,76.516,0
17.0,ALO,14,Aston Martin,12.0,Retired,0,Other,1,2025,1,Melbourne,12.0,76.288,0
18.0,SAI,55,Williams,10.0,Retired,0,Other,1,2025,1,Melbourne,10.0,75.931,0
19.0,DOO,7,Alpine,14.0,Retired,0,Other,1,2025,1,Melbourne,14.0,76.315,0
20.0,HAD,6,Racing Bulls,11.0,Retired,0,Other,1,2025,1,Melbourne,11.0,76.175,0
1.0,PIA,81,McLaren,1.0,Finished,1,Finished,0,2025,2,Shanghai,1.0,90.641,0
2.0,NOR,4,McLaren,3.0,Finished,1,Finished,0,2025,2,Shanghai,3.0,90.787,0
3.0,RUS,63,Mercedes,2.0,Finished,1,Finished,0,2025,2,Shanghai,2.0,90.723,0
4.0,VER,1,Red Bull Racing,4.0,Finished,1,Finished,0,2025,2,Shanghai,4.0,90.817,0
5.0,OCO,31,Haas F1 Team,11.0,Finished,1,Finished,0,2025,2,Shanghai,11.0,91.625,0
6.0,ANT,12,Mercedes,8.0,Finished,1,Finished,0,2025,2,Shanghai,8.0,91.103,0
7.0,ALB,23,Williams,10.0,Finished,1,Finished,0,2025,2,Shanghai,10.0,91.503,0
8.0,BEA,87,Haas F1 Team,17.0,Finished,1,Finished,0,2025,2,Shanghai,17.0,92.018,0
9.0,STR,18,Aston Martin,14.0,Finished,1,Finished,0,2025,2,Shanghai,14.0,91.773,0
10.0,SAI,55,Williams,15.0,Finished,1,Finished,0,2025,2,Shanghai,15.0,91.628,0
11.0,HAD,6,Racing Bulls,7.0,Finished,1,Finished,0,2025,2,Shanghai,7.0,91.079,0
12.0,LAW,30,Red Bull Racing,20.0,Finished,1,Finished,0,2025,2,Shanghai,20.0,92.174,0
13.0,DOO,7,Alpine,18.0,Finished,1,Finished,0,2025,2,Shanghai,18.0,92.092,0
14.0,BOR,5,Kick Sauber,19.0,Lapped,0,Other,0,2025,2,Shanghai,19.0,92.141,0
15.0,HUL,27,Kick Sauber,12.0,Lapped,0,Other,0,2025,2,Shanghai,12.0,91.632,0
16.0,TSU,22,Racing Bulls,9.0,Lapped,0,Other,0,2025,2,Shanghai,9.0,91.238,0
17.0,ALO,14,Aston Martin,13.0,Retired,0,Other,0,2025,2,Shanghai,13.0,91.688,0
18.0,LEC,16,Ferrari,6.0,Disqualified,0,Other,0,2025,2,Shanghai,6.0,91.021,0
19.0,HAM,44,Ferrari,5.0,Disqualified,0,Other,0,2025,2,Shanghai,5.0,90.927,0
20.0,GAS,10,Alpine,16.0,Disqualified,0,Other,0,2025,2,Shanghai,16.0,91.992,0
1.0,VER,1,Red Bull Racing,1.0,Finished,1,Finished,0,2025,3,Suzuka,1.0,86.983,0
2.0,NOR,4,McLaren,2.0,Finished,1,Finished,0,2025,3,Suzuka,2.0,86.995,0
3.0,PIA,81,McLaren,3.0,Finished,1,Finished,0,2025,3,Suzuka,3.0,87.027,0
4.0,LEC,16,Ferrari,4.0,Finished,1,Finished,0,2025,3,Suzuka,4.0,87.299,0
5.0,RUS,63,Mercedes,5.0,Finished,1,Finished,0,2025,3,Suzuka,5.0,87.318,0
6.0,ANT,12,Mercedes,6.0,Finished,1,Finished,0,2025,3,Suzuka,6.0,87.555,0
7.0,HAM,44,Ferrari,8.0,Finished,1,Finished,0,2025,3,Suzuka,8.0,87.61,0
8.0,HAD,6,Racing Bulls,7.0,Finished,1,Finished,0,2025,3,Suzuka,7.0,87.569,0
9.0,ALB,23,Williams,9.0,Finished,1,Finished,0,2025,3,Suzuka,9.0,87.615,0
10.0,BEA,87,Haas F1 Team,10.0,Finished,1,Finished,0,2025,3,Suzuka,10.0,87.711,0
11.0,ALO,14,Aston Martin,12.0,Finished,1,Finished,0,2025,3,Suzuka,13.0,87.897,0
12.0,TSU,22,Red Bull Racing,14.0,Finished,1,Finished,0,2025,3,Suzuka,15.0,87.967,0
13.0,GAS,10,Alpine,11.0,Finished,1,Finished,0,2025,3,Suzuka,11.0,87.822,0
14.0,SAI,55,Williams,15.0,Finished,1,Finished,0,2025,3,Suzuka,12.0,87.836,0
15.0,DOO,7,Alpine,19.0,Finished,1,Finished,0,2025,3,Suzuka,19.0,88.877,0
16.0,HUL,27,Kick Sauber,16.0,Finished,1,Finished,0,2025,3,Suzuka,16.0,88.57,0
17.0,LAW,30,Racing Bulls,13.0,Finished,1,Finished,0,2025,3,Suzuka,14.0,87.906,0
18.0,OCO,31,Haas F1 Team,18.0,Finished,1,Finished,0,2025,3,Suzuka,18.0,88.696,0
19.0,BOR,5,Kick Sauber,17.0,Finished,1,Finished,0,2025,3,Suzuka,17.0,88.622,0
20.0,STR,18,Aston Martin,20.0,Lapped,0,Other,0,2025,3,Suzuka,20.0,89.271,0
1.0,PIA,81,McLaren,1.0,Finished,1,Finished,0,2025,4,Sakhir,1.0,89.841,0
2.0,RUS,63,Mercedes,3.0,Finished,1,Finished,0,2025,4,Sakhir,2.0,90.009,0
3.0,NOR,4,McLaren,6.0,Finished,1,Finished,0,2025,4,Sakhir,6.0,90.267,0
4.0,LEC,16,Ferrari,2.0,Finished,1,Finished,0,2025,4,Sakhir,3.0,90.175,0
5.0,HAM,44,Ferrari,9.0,Finished,1,Finished,0,2025,4,Sakhir,9.0,90.772,0
6.0,VER,1,Red Bull Racing,7.0,Finished,1,Finished,0,2025,4,Sakhir,7.0,90.423,0
7.0,GAS,10,Alpine,4.0,Finished,1,Finished,0,2025,4,Sakhir,5.0,90.216,0
8.0,OCO,31,Haas F1 Team,14.0,Finished,1,Finished,0,2025,4,Sakhir,14.0,91.594,0
9.0,TSU,22,Red Bull Racing,10.0,Finished,1,Finished,0,2025,4,Sakhir,10.0,91.228,0
10.0,BEA,87,Haas F1 Team,20.0,Finished,1,Finished,0,2025,4,Sakhir,20.0,92.373,0
11.0,ANT,12,Mercedes,5.0,Finished,1,Finished,0,2025,4,Sakhir,4.0,90.213,0
12.0,ALB,23,Williams,15.0,Finished,1,Finished,0,2025,4,Sakhir,15.0,92.04,0
13.0,HAD,6,Racing Bulls,12.0,Finished,1,Finished,0,2025,4,Sakhir,12.0,91.271,0
14.0,DOO,7,Alpine,11.0,Finished,1,Finished,0,2025,4,Sakhir,11.0,91.245,0
15.0,ALO,14,Aston Martin,13.0,Finished,1,Finished,0,2025,4,Sakhir,13.0,91.634,0
16.0,LAW,30,Racing Bulls,17.0,Finished,1,Finished,0,2025,4,Sakhir,17.0,92.165,0
17.0,STR,18,Aston Martin,19.0,Finished,1,Finished,0,2025,4,Sakhir,19.0,92.283,0
18.0,BOR,5,Kick Sauber,18.0,Finished,1,Finished,0,2025,4,Sakhir,18.0,92.186,0
19.0,SAI,55,Williams,8.0,Retired,0,Other,0,2025,4,Sakhir,8.0,90.68,0
20.0,HUL,27,Kick Sauber,16.0,Disqualified,0,Other,0,2025,4,Sakhir,16.0,92.067,0
1.0,PIA,81,McLaren,2.0,Finished,1,Finished,0,2025,5,Jeddah,2.0,87.304,0
2.0,VER,1,Red Bull Racing,1.0,Finished,1,Finished,0,2025,5,Jeddah,1.0,87.294,0
3.0,LEC,16,Ferrari,4.0,Finished,1,Finished,0,2025,5,Jeddah,4.0,87.67,0
4.0,NOR,4,McLaren,10.0,Finished,1,Finished,0,2025,5,Jeddah,10.0,87.481,0
5.0,RUS,63,Mercedes,3.0,Finished,1,Finished,0,2025,5,Jeddah,3.0,87.407,0
6.0,ANT,12,Mercedes,5.0,Finished,1,Finished,0,2025,5,Jeddah,5.0,87.798,0
7.0,HAM,44,Ferrari,7.0,Finished,1,Finished,0,2025,5,Jeddah,7.0,88.102,0
8.0,SAI,55,Williams,6.0,Finished,1,Finished,0,2025,5,Jeddah,6.0,88.024,0
9.0,ALB,23,Williams,11.0,Finished,1,Finished,0,2025,5,Jeddah,11.0,88.109,0
10.0,HAD,6,Racing Bulls,14.0,Finished,1,Finished,0,2025,5,Jeddah,14.0,88.418,0
11.0,ALO,14,Aston Martin,13.0,Finished,1,Finished,0,2025,5,Jeddah,13.0,88.303,0
12.0,LAW,30,Racing Bulls,12.0,Finished,1,Finished,0,2025,5,Jeddah,12.0,88.191,0
13.0,BEA,87,Haas F1 Team,15.0,Finished,1,Finished,0,2025,5,Jeddah,15.0,88.536,0
14.0,OCO,31,Haas F1 Team,19.0,Finished,1,Finished,0,2025,5,Jeddah,19.0,89.092,0
15.0,HUL,27,Kick Sauber,18.0,Lapped,0,Other,0,2025,5,Jeddah,18.0,88.782,0
16.0,STR,18,Aston Martin,16.0,Lapped,0,Other,0,2025,5,Jeddah,16.0,88.645,0
17.0,DOO,7,Alpine,17.0,Lapped,0,Other,0,2025,5,Jeddah,17.0,88.739,0
18.0,BOR,5,Kick Sauber,20.0,Lapped,0,Other,0,2025,5,Jeddah,20.0,89.462,0
19.0,TSU,22,Red Bull Racing,8.0,Retired,0,Other,0,2025,5,Jeddah,8.0,87.99,0
20.0,GAS,10,Alpine,9.0,Retired,0,Other,0,2025,5,Jeddah,9.0,88.025,0
1.0,PIA,81,McLaren,4.0,Finished,1,Finished,1,2025,6,Miami,4.0,86.269,0
2.0,NOR,4,McLaren,2.0,Finished,1,Finished,1,2025,6,Miami,2.0,86.269,0
3.0,RUS,63,Mercedes,5.0,Finished,1,Finished,1,2025,6,Miami,5.0,86.385,0
4.0,VER,1,Red Bull Racing,1.0,Finished,1,Finished,1,2025,6,Miami,1.0,86.204,0
5.0,ALB,23,Williams,7.0,Finished,1,Finished,1,2025,6,Miami,7.0,86.682,0
6.0,ANT,12,Mercedes,3.0,Finished,1,Finished,1,2025,6,Miami,3.0,86.271,0
7.0,LEC,16,Ferrari,8.0,Finished,1,Finished,1,2025,6,Miami,8.0,86.754,0
8.0,HAM,44,Ferrari,12.0,Finished,1,Finished,1,2025,6,Miami,12.0,87.006,0
9.0,SAI,55,Williams,6.0,Finished,1,Finished,1,2025,6,Miami,6.0,86.569,0
10.0,TSU,22,Red Bull Racing,10.0,Finished,1,Finished,1,2025,6,Miami,10.0,86.943,0
11.0,HAD,6,Racing Bulls,11.0,Finished,1,Finished,1,2025,6,Miami,11.0,86.987,0
12.0,OCO,31,Haas F1 Team,9.0,Finished,1,Finished,1,2025,6,Miami,9.0,86.824,0
13.0,GAS,10,Alpine,20.0,Finished,1,Finished,1,2025,6,Miami,18.0,87.71,0
14.0,HUL,27,Kick Sauber,16.0,Lapped,0,Other,1,2025,6,Miami,16.0,87.473,0
15.0,ALO,14,Aston Martin,17.0,Lapped,0,Other,1,2025,6,Miami,17.0,87.604,0
16.0,STR,18,Aston Martin,18.0,Lapped,0,Other,1,2025,6,Miami,19.0,87.83,0
17.0,LAW,30,Racing Bulls,15.0,Retired,0,Other,1,2025,6,Miami,15.0,87.363,0
18.0,BOR,5,Kick Sauber,13.0,Retired,0,Other,1,2025,6,Miami,13.0,87.151,0
19.0,BEA,87,Haas F1 Team,19.0,Retired,0,Other,1,2025,6,Miami,20.0,87.999,0
20.0,DOO,7,Alpine,14.0,Retired,0,Other,1,2025,6,Miami,14.0,87.186,0
1.0,VER,1,Red Bull Racing,2.0,Finished,1,Finished,0,2025,7,Imola,2.0,74.704,0
2.0,NOR,4,McLaren,4.0,Finished,1,Finished,0,2025,7,Imola,4.0,74.962,0
3.0,PIA,81,McLaren,1.0,Finished,1,Finished,0,2025,7,Imola,1.0,74.67,0
4.0,HAM,44,Ferrari,12.0,Finished,1,Finished,0,2025,7,Imola,12.0,75.765,0
5.0,ALB,23,Williams,7.0,Finished,1,Finished,0,2025,7,Imola,7.0,75.473,0
6.0,LEC,16,Ferrari,11.0,Finished,1,Finished,0,2025,7,Imola,11.0,75.604,0
7.0,RUS,63,Mercedes,3.0,Finished,1,Finished,0,2025,7,Imola,3.0,74.807,0
8.0,SAI,55,Williams,6.0,Finished,1,Finished,0,2025,7,Imola,6.0,75.198,0
9.0,HAD,6,Racing Bulls,9.0,Finished,1,Finished,0,2025,7,Imola,9.0,75.51,0
10.0,TSU,22,Red Bull Racing,20.0,Finished,1,Finished,0,2025,7,Imola,20.0,84.0575,0
11.0,ALO,14,Aston Martin,5.0,Finished,1,Finished,0,2025,7,Imola,5.0,75.431,0
12.0,HUL,27,Kick Sauber,17.0,Finished,1,Finished,0,2025,7,Imola,17.0,76.518,0
13.0,GAS,10,Alpine,10.0,Finished,1,Finished,0,2025,7,Imola,10.0,75.505,0
14.0,LAW,30,Racing Bulls,15.0,Finished,1,Finished,0,2025,7,Imola,16.0,76.379,0
15.0,STR,18,Aston Martin,8.0,Finished,1,Finished,0,2025,7,Imola,8.0,75.497,0
16.0,COL,43,Alpine,16.0,Finished,1,Finished,0,2025,7,Imola,15.0,76.256,0
17.0,BEA,87,Haas F1 Team,19.0,Finished,1,Finished,0,2025,7,Imola,19.0,76.077,0
18.0,BOR,5,Kick Sauber,14.0,Finished,1,Finished,0,2025,7,Imola,14.0,76.26,0
19.0,ANT,12,Mercedes,13.0,Retired,0,Other,0,2025,7,Imola,13.0,75.772,0
20.0,OCO,31,Haas F1 Team,18.0,Retired,0,Other,0,2025,7,Imola,18.0,76.613,0
1.0,NOR,4,McLaren,1.0,Finished,1,Finished,0,2025,8,Monaco,1.0,69.954,0
2.0,LEC,16,Ferrari,2.0,Finished,1,Finished,0,2025,8,Monaco,2.0,70.063,0
3.0,PIA,81,McLaren,3.0,Finished,1,Finished,0,2025,8,Monaco,3.0,70.129,0
4.0,VER,1,Red Bull Racing,4.0,Finished,1,Finished,0,2025,8,Monaco,5.0,70.669,0
5.0,HAM,44,Ferrari,7.0,Finished,1,Finished,0,2025,8,Monaco,4.0,70.382,0
6.0,HAD,6,Racing Bulls,5.0,Lapped,0,Other,0,2025,8,Monaco,6.0,70.923,0
7.0,OCO,31,Haas F1 Team,8.0,Lapped,0,Other,0,2025,8,Monaco,8.0,70.942,0
8.0,LAW,30,Racing Bulls,9.0,Lapped,0,Other,0,2025,8,Monaco,9.0,71.129,0
9.0,ALB,23,Williams,10.0,Lapped,0,Other,0,2025,8,Monaco,10.0,70.732,0
10.0,SAI,55,Williams,11.0,Lapped,0,Other,0,2025,8,Monaco,11.0,71.362,0
11.0,RUS,63,Mercedes,14.0,Lapped,0,Other,0,2025,8,Monaco,14.0,71.507,0
12.0,BEA,87,Haas F1 Team,20.0,Lapped,0,Other,0,2025,8,Monaco,17.0,71.979,0
13.0,COL,43,Alpine,18.0,Lapped,0,Other,0,2025,8,Monaco,20.0,72.597,0
14.0,BOR,5,Kick Sauber,16.0,Lapped,0,Other,0,2025,8,Monaco,16.0,71.902,0
15.0,STR,18,Aston Martin,19.0,Lapped,0,Other,0,2025,8,Monaco,19.0,72.563,0
16.0,HUL,27,Kick Sauber,13.0,Lapped,0,Other,0,2025,8,Monaco,13.0,71.596,0
17.0,TSU,22,Red Bull Racing,12.0,Lapped,0,Other,0,2025,8,Monaco,12.0,71.415,0
18.0,ANT,12,Mercedes,15.0,Lapped,0,Other,0,2025,8,Monaco,15.0,71.88,0
19.0,ALO,14,Aston Martin,6.0,Retired,0,Other,0,2025,8,Monaco,7.0,70.924,0
20.0,GAS,10,Alpine,17.0,Retired,0,Other,0,2025,8,Monaco,18.0,71.994,0
1.0,PIA,81,McLaren,1.0,Finished,1,Finished,0,2025,9,Barcelona,1.0,71.546,0
2.0,NOR,4,McLaren,2.0,Finished,1,Finished,0,2025,9,Barcelona,2.0,71.755,0
3.0,LEC,16,Ferrari,7.0,Finished,1,Finished,0,2025,9,Barcelona,7.0,72.131,0
4.0,RUS,63,Mercedes,4.0,Finished,1,Finished,0,2025,9,Barcelona,4.0,71.848,0
5.0,HUL,27,Kick Sauber,15.0,Finished,1,Finished,0,2025,9,Barcelona,16.0,73.19,0
6.0,HAM,44,Ferrari,5.0,Finished,1,Finished,0,2025,9,Barcelona,5.0,72.045,0
7.0,HAD,6,Racing Bulls,9.0,Finished,1,Finished,0,2025,9,Barcelona,9.0,72.252,0
8.0,GAS,10,Alpine,8.0,Finished,1,Finished,0,2025,9,Barcelona,8.0,72.199,0
9.0,ALO,14,Aston Martin,10.0,Finished,1,Finished,0,2025,9,Barcelona,10.0,72.284,0
10.0,VER,1,Red Bull Racing,3.0,Finished,1,Finished,0,2025,9,Barcelona,3.0,71.848,0
11.0,LAW,30,Racing Bulls,13.0,Finished,1,Finished,0,2025,9,Barcelona,13.0,72.763,0
12.0,BOR,5,Kick Sauber,12.0,Finished,1,Finished,0,2025,9,Barcelona,12.0,72.756,0
13.0,TSU,22,Red Bull Racing,19.0,Finished,1,Finished,0,2025,9,Barcelona,20.0,73.385,0
14.0,SAI,55,Williams,17.0,Finished,1,Finished,0,2025,9,Barcelona,18.0,73.203,0
15.0,COL,43,Alpine,18.0,Finished,1,Finished,0,2025,9,Barcelona,19.0,73.334,0
16.0,OCO,31,Haas F1 Team,16.0,Finished,1,Finished,0,2025,9,Barcelona,17.0,73.201,0
17.0,BEA,87,Haas F1 Team,14.0,Finished,1,Finished,0,2025,9,Barcelona,15.0,73.074,0
18.0,ANT,12,Mercedes,6.0,Retired,0,Other,0,2025,9,Barcelona,6.0,72.111,0
19.0,ALB,23,Williams,11.0,Retired,0,Other,0,2025,9,Barcelona,11.0,72.641,0
1.0,RUS,63,Mercedes,1.0,Finished,1,Finished,1,2025,10,Montréal,1.0,70.899,0
2.0,VER,1,Red Bull Racing,2.0,Finished,1,Finished,1,2025,10,Montréal,2.0,71.059,0
3.0,ANT,12,Mercedes,4.0,Finished,1,Finished,1,2025,10,Montréal,4.0,71.391,0
4.0,PIA,81,McLaren,3.0,Finished,1,Finished,1,2025,10,Montréal,3.0,71.12,0
5.0,LEC,16,Ferrari,8.0,Finished,1,Finished,1,2025,10,Montréal,8.0,71.626,0
6.0,HAM,44,Ferrari,5.0,Finished,1,Finished,1,2025,10,Montréal,5.0,71.526,0
7.0,ALO,14,Aston Martin,6.0,Finished,1,Finished,1,2025,10,Montréal,6.0,71.586,0
8.0,HUL,27,Kick Sauber,11.0,Finished,1,Finished,1,2025,10,Montréal,13.0,72.183,0
9.0,OCO,31,Haas F1 Team,14.0,Lapped,0,Other,1,2025,10,Montréal,15.0,72.378,0
10.0,SAI,55,Williams,16.0,Lapped,0,Other,1,2025,10,Montréal,17.0,72.398,0
11.0,BEA,87,Haas F1 Team,13.0,Lapped,0,Other,1,2025,10,Montréal,14.0,72.306,0
12.0,TSU,22,Red Bull Racing,18.0,Lapped,0,Other,1,2025,10,Montréal,11.0,72.102,0
13.0,COL,43,Alpine,10.0,Lapped,0,Other,1,2025,10,Montréal,12.0,72.142,0
14.0,BOR,5,Kick Sauber,15.0,Lapped,0,Other,1,2025,10,Montréal,16.0,72.385,0
15.0,GAS,10,Alpine,20.0,Lapped,0,Other,1,2025,10,Montréal,20.0,72.667,0
16.0,HAD,6,Racing Bulls,12.0,Lapped,0,Other,1,2025,10,Montréal,9.0,71.867,0
17.0,STR,18,Aston Martin,17.0,Lapped,0,Other,1,2025,10,Montréal,18.0,72.517,0
18.0,NOR,4,McLaren,7.0,Retired,0,Other,1,2025,10,Montréal,7.0,71.599,0
19.0,LAW,30,Racing Bulls,19.0,Retired,0,Other,1,2025,10,Montréal,19.0,72.525,0
20.0,ALB,23,Williams,9.0,Retired,0,Other,1,2025,10,Montréal,10.0,71.892,0
1.0,NOR,4,McLaren,1.0,Finished,1,Finished,0,2025,11,Spielberg,1.0,63.971,0
2.0,PIA,81,McLaren,3.0,Finished,1,Finished,0,2025,11,Spielberg,3.0,64.554,0
3.0,LEC,16,Ferrari,2.0,Finished,1,Finished,0,2025,11,Spielberg,2.0,64.492,0
4.0,HAM,44,Ferrari,4.0,Finished,1,Finished,0,2025,11,Spielberg,4.0,64.582,0
5.0,RUS,63,Mercedes,5.0,Finished,1,Finished,0,2025,11,Spielberg,5.0,64.763,0
6.0,LAW,30,Racing Bulls,6.0,Finished,1,Finished,0,2025,11,Spielberg,6.0,64.926,0
7.0,ALO,14,Aston Martin,11.0,Lapped,0,Other,0,2025,11,Spielberg,11.0,65.128,0
8.0,BOR,5,Kick Sauber,8.0,Lapped,0,Other,0,2025,11,Spielberg,8.0,64.846,0
9.0,HUL,27,Kick Sauber,20.0,Lapped,0,Other,0,2025,11,Spielberg,20.0,65.606,0
10.0,OCO,31,Haas F1 Team,17.0,Lapped,0,Other,0,2025,11,Spielberg,17.0,65.364,0
11.0,BEA,87,Haas F1 Team,15.0,Lapped,0,Other,0,2025,11,Spielberg,15.0,65.218,0
12.0,HAD,6,Racing Bulls,13.0,Lapped,0,Other,0,2025,11,Spielberg,13.0,65.063,0
13.0,GAS,10,Alpine,10.0,Lapped,0,Other,0,2025,11,Spielberg,10.0,64.846,0
14.0,STR,18,Aston Martin,16.0,Lapped,0,Other,0,2025,11,Spielberg,16.0,65.329,0
15.0,COL,43,Alpine,14.0,Lapped,0,Other,0,2025,11,Spielberg,14.0,65.278,0
16.0,TSU,22,Red Bull Racing,18.0,Lapped,0,Other,0,2025,11,Spielberg,18.0,65.369,0
17.0,ALB,23,Williams,12.0,Retired,0,Other,0,2025,11,Spielberg,12.0,65.143,0
18.0,VER,1,Red Bull Racing,7.0,Retired,0,Other,0,2025,11,Spielberg,7.0,64.836,0
19.0,ANT,12,Mercedes,9.0,Retired,0,Other,0,2025,11,Spielberg,9.0,65.052,0
20.0,SAI,55,Williams,19.0,Did not start,0,Other,0,2025,11,Spielberg,19.0,65.582,0
1.0,NOR,4,McLaren,3.0,Finished,1,Finished,1,2025,12,Silverstone,3.0,85.01,0
2.0,PIA,81,McLaren,2.0,Finished,1,Finished,1,2025,12,Silverstone,2.0,84.995,0
3.0,HUL,27,Kick Sauber,19.0,Finished,1,Finished,1,2025,12,Silverstone,19.0,86.574,0
4.0,HAM,44,Ferrari,5.0,Finished,1,Finished,1,2025,12,Silverstone,5.0,85.084,0
5.0,VER,1,Red Bull Racing,1.0,Finished,1,Finished,1,2025,12,Silverstone,1.0,84.892,0
6.0,GAS,10,Alpine,8.0,Finished,1,Finished,1,2025,12,Silverstone,10.0,85.711,0
7.0,STR,18,Aston Martin,17.0,Finished,1,Finished,1,2025,12,Silverstone,18.0,86.504,0
8.0,ALB,23,Williams,13.0,Finished,1,Finished,1,2025,12,Silverstone,14.0,85.889,0
9.0,ALO,14,Aston Martin,7.0,Finished,1,Finished,1,2025,12,Silverstone,9.0,85.593,0
10.0,RUS,63,Mercedes,4.0,Finished,1,Finished,1,2025,12,Silverstone,4.0,85.029,0
11.0,BEA,87,Haas F1 Team,18.0,Finished,1,Finished,1,2025,12,Silverstone,8.0,85.471,0
12.0,SAI,55,Williams,9.0,Finished,1,Finished,1,2025,12,Silverstone,11.0,85.746,0
13.0,OCO,31,Haas F1 Team,14.0,Finished,1,Finished,1,2025,12,Silverstone,15.0,85.95,0
14.0,LEC,16,Ferrari,6.0,Finished,1,Finished,1,2025,12,Silverstone,6.0,85.121,0
15.0,TSU,22,Red Bull Racing,11.0,Lapped,0,Other,1,2025,12,Silverstone,12.0,85.826,0
16.0,ANT,12,Mercedes,10.0,Retired,0,Other,1,2025,12,Silverstone,7.0,85.374,0
17.0,HAD,6,Racing Bulls,12.0,Retired,0,Other,1,2025,12,Silverstone,13.0,85.864,0
18.0,BOR,5,Kick Sauber,16.0,Retired,0,Other,1,2025,12,Silverstone,17.0,86.446,0
19.0,LAW,30,Racing Bulls,15.0,Retired,0,Other,1,2025,12,Silverstone,16.0,86.44,0
20.0,COL,43,Alpine,20.0,Did not start,0,Other,1,2025,12,Silverstone,20.0,87.06,0
1.0,PIA,81,McLaren,2.0,Finished,1,Finished,1,2025,13,Spa-Francorchamps,2.0,100.626,0
2.0,NOR,4,McLaren,1.0,Finished,1,Finished,1,2025,13,Spa-Francorchamps,1.0,100.562,0
3.0,LEC,16,Ferrari,3.0,Finished,1,Finished,1,2025,13,Spa-Francorchamps,3.0,100.9,0
4.0,VER,1,Red Bull Racing,4.0,Finished,1,Finished,1,2025,13,Spa-Francorchamps,4.0,100.903,0
5.0,RUS,63,Mercedes,6.0,Finished,1,Finished,1,2025,13,Spa-Francorchamps,6.0,101.254,0
6.0,ALB,23,Williams,5.0,Finished,1,Finished,1,2025,13,Spa-Francorchamps,5.0,101.201,0
7.0,HAM,44,Ferrari,18.0,Finished,1,Finished,1,2025,13,Spa-Francorchamps,16.0,101.939,0
8.0,LAW,30,Racing Bulls,9.0,Finished,1,Finished,1,2025,13,Spa-Francorchamps,9.0,101.297,0
9.0,BOR,5,Kick Sauber,10.0,Finished,1,Finished,1,2025,13,Spa-Francorchamps,10.0,101.336,0
10.0,GAS,10,Alpine,13.0,Finished,1,Finished,1,2025,13,Spa-Francorchamps,13.0,101.633,0
11.0,BEA,87,Haas F1 Team,12.0,Finished,1,Finished,1,2025,13,Spa-Francorchamps,12.0,101.617,0
12.0,HUL,27,Kick Sauber,14.0,Finished,1,Finished,1,2025,13,Spa-Francorchamps,14.0,101.707,0
13.0,TSU,22,Red Bull Racing,7.0,Finished,1,Finished,1,2025,13,Spa-Francorchamps,7.0,101.245,0
14.0,STR,18,Aston Martin,16.0,Finished,1,Finished,1,2025,13,Spa-Francorchamps,20.0,102.502,0
15.0,OCO,31,Haas F1 Team,11.0,Finished,1,Finished,1,2025,13,Spa-Francorchamps,11.0,101.525,0
16.0,ANT,12,Mercedes,19.0,Finished,1,Finished,1,2025,13,Spa-Francorchamps,18.0,102.139,0
17.0,ALO,14,Aston Martin,20.0,Finished,1,Finished,1,2025,13,Spa-Francorchamps,19.0,102.385,0
18.0,SAI,55,Williams,17.0,Finished,1,Finished,1,2025,13,Spa-Francorchamps,15.0,101.691,0
19.0,COL,43,Alpine,15.0,Finished,1,Finished,1,2025,13,Spa-Francorchamps,17.0,102.022,0
20.0,HAD,6,Racing Bulls,8.0,Lapped,0,Other,1,2025,13,Spa-Francorchamps,8.0,101.281,0
1.0,NOR,4,McLaren,3.0,Finished,1,Finished,0,2025,14,Budapest,3.0,74.89,0
2.0,PIA,81,McLaren,2.0,Finished,1,Finished,0,2025,14,Budapest,2.0,74.941,0
3.0,RUS,63,Mercedes,4.0,Finished,1,Finished,0,2025,14,Budapest,4.0,75.201,0
4.0,LEC,16,Ferrari,1.0,Finished,1,Finished,0,2025,14,Budapest,1.0,75.372,0
5.0,ALO,14,Aston Martin,5.0,Finished,1,Finished,0,2025,14,Budapest,5.0,75.281,0
6.0,BOR,5,Kick Sauber,7.0,Finished,1,Finished,0,2025,14,Budapest,7.0,75.586,0
7.0,STR,18,Aston Martin,6.0,Finished,1,Finished,0,2025,14,Budapest,6.0,75.129,0
8.0,LAW,30,Racing Bulls,9.0,Finished,1,Finished,0,2025,14,Budapest,9.0,75.63,0
9.0,VER,1,Red Bull Racing,8.0,Finished,1,Finished,0,2025,14,Budapest,8.0,75.547,0
10.0,ANT,12,Mercedes,15.0,Lapped,0,Other,0,2025,14,Budapest,15.0,75.782,0
11.0,HAD,6,Racing Bulls,10.0,Lapped,0,Other,0,2025,14,Budapest,10.0,75.469,0
12.0,HAM,44,Ferrari,12.0,Lapped,0,Other,0,2025,14,Budapest,12.0,75.702,0
13.0,HUL,27,Kick Sauber,18.0,Lapped,0,Other,0,2025,14,Budapest,19.0,76.081,0
14.0,SAI,55,Williams,13.0,Lapped,0,Other,0,2025,14,Budapest,13.0,75.652,0
15.0,ALB,23,Williams,19.0,Lapped,0,Other,0,2025,14,Budapest,20.0,76.223,0
16.0,OCO,31,Haas F1 Team,17.0,Lapped,0,Other,0,2025,14,Budapest,18.0,76.023,0
17.0,TSU,22,Red Bull Racing,20.0,Lapped,0,Other,0,2025,14,Budapest,16.0,75.899,0
18.0,COL,43,Alpine,14.0,Lapped,0,Other,0,2025,14,Budapest,14.0,75.875,0
19.0,GAS,10,Alpine,16.0,Lapped,0,Other,0,2025,14,Budapest,17.0,75.966,0
20.0,BEA,87,Haas F1 Team,11.0,Retired,0,Other,0,2025,14,Budapest,11.0,75.694,0
