Position_race,Abbreviation,DriverNumber_race,TeamName_race,GridPosition,Year,Round,Circuit_race,Position_quali
1.0,VET,5,Ferrari,3.0,2018,1,Melbourne,3.0
2.0,HAM,44,Mercedes,1.0,2018,1,Melbourne,1.0
3.0,RAI,7,Ferrari,2.0,2018,1,Melbourne,2.0
4.0,RIC,3,Red Bull Racing,8.0,2018,1,Melbourne,5.0
5.0,ALO,14,McLaren,10.0,2018,1,Melbourne,11.0
6.0,VER,33,Red Bull Racing,4.0,2018,1,Melbourne,4.0
7.0,HUL,27,Renault,7.0,2018,1,Melbourne,8.0
8.0,BOT,77,Mercedes,15.0,2018,1,Melbourne,10.0
9.0,VAN,2,McLaren,11.0,2018,1,Melbourne,12.0
10.0,SAI,55,Renault,9.0,2018,1,Melbourne,9.0
11.0,PER,11,Force India,12.0,2018,1,Melbourne,13.0
12.0,OCO,31,Force India,14.0,2018,1,Melbourne,15.0
13.0,LEC,16,Sauber,18.0,2018,1,Melbourne,18.0
14.0,STR,18,Williams,13.0,2018,1,Melbourne,14.0
15.0,HAR,28,Toro Rosso,16.0,2018,1,Melbourne,16.0
16.0,GRO,8,Haas F1 Team,6.0,2018,1,Melbourne,7.0
17.0,MAG,20,Haas F1 Team,5.0,2018,1,Melbourne,6.0
18.0,GAS,10,Toro Rosso,20.0,2018,1,Melbourne,20.0
19.0,ERI,9,Sauber,17.0,2018,1,Melbourne,17.0
20.0,SIR,35,Williams,19.0,2018,1,Melbourne,19.0
1.0,VET,5,Ferrari,1.0,2018,2,Sakhir,1.0
2.0,BOT,77,Mercedes,3.0,2018,2,Sakhir,3.0
3.0,HAM,44,Mercedes,9.0,2018,2,Sakhir,4.0
4.0,GAS,10,Toro Rosso,5.0,2018,2,Sakhir,6.0
5.0,MAG,20,Haas F1 Team,6.0,2018,2,Sakhir,7.0
6.0,HUL,27,Renault,7.0,2018,2,Sakhir,8.0
7.0,ALO,14,McLaren,13.0,2018,2,Sakhir,13.0
8.0,VAN,2,McLaren,14.0,2018,2,Sakhir,14.0
9.0,ERI,9,Sauber,17.0,2018,2,Sakhir,17.0
10.0,OCO,31,Force India,8.0,2018,2,Sakhir,9.0
11.0,SAI,55,Renault,10.0,2018,2,Sakhir,10.0
12.0,LEC,16,Sauber,19.0,2018,2,Sakhir,19.0
13.0,GRO,8,Haas F1 Team,16.0,2018,2,Sakhir,16.0
14.0,STR,18,Williams,20.0,2018,2,Sakhir,20.0
15.0,SIR,35,Williams,18.0,2018,2,Sakhir,18.0
16.0,PER,11,Force India,12.0,2018,2,Sakhir,12.0
17.0,HAR,28,Toro Rosso,11.0,2018,2,Sakhir,11.0
18.0,RAI,7,Ferrari,2.0,2018,2,Sakhir,2.0
19.0,VER,33,Red Bull Racing,15.0,2018,2,Sakhir,15.0
20.0,RIC,3,Red Bull Racing,4.0,2018,2,Sakhir,5.0
1.0,RIC,3,Red Bull Racing,6.0,2018,3,Shanghai,6.0
2.0,BOT,77,Mercedes,3.0,2018,3,Shanghai,3.0
3.0,RAI,7,Ferrari,2.0,2018,3,Shanghai,2.0
4.0,HAM,44,Mercedes,4.0,2018,3,Shanghai,4.0
5.0,VER,33,Red Bull Racing,5.0,2018,3,Shanghai,5.0
6.0,HUL,27,Renault,7.0,2018,3,Shanghai,7.0
7.0,ALO,14,McLaren,13.0,2018,3,Shanghai,13.0
8.0,VET,5,Ferrari,1.0,2018,3,Shanghai,1.0
9.0,SAI,55,Renault,9.0,2018,3,Shanghai,9.0
10.0,MAG,20,Haas F1 Team,11.0,2018,3,Shanghai,11.0
11.0,OCO,31,Force India,12.0,2018,3,Shanghai,12.0
12.0,PER,11,Force India,8.0,2018,3,Shanghai,8.0
13.0,VAN,2,McLaren,14.0,2018,3,Shanghai,14.0
14.0,STR,18,Williams,18.0,2018,3,Shanghai,18.0
15.0,SIR,35,Williams,16.0,2018,3,Shanghai,16.0
16.0,ERI,9,Sauber,20.0,2018,3,Shanghai,20.0
17.0,GRO,8,Haas F1 Team,10.0,2018,3,Shanghai,10.0
18.0,GAS,10,Toro Rosso,17.0,2018,3,Shanghai,17.0
19.0,LEC,16,Sauber,19.0,2018,3,Shanghai,19.0
20.0,HAR,28,Toro Rosso,15.0,2018,3,Shanghai,15.0
1.0,HAM,44,Mercedes,2.0,2018,4,Baku,2.0
2.0,RAI,7,Ferrari,6.0,2018,4,Baku,6.0
3.0,PER,11,Force India,8.0,2018,4,Baku,8.0
4.0,VET,5,Ferrari,1.0,2018,4,Baku,1.0
5.0,SAI,55,Renault,9.0,2018,4,Baku,10.0
6.0,LEC,16,Sauber,13.0,2018,4,Baku,14.0
7.0,ALO,14,McLaren,12.0,2018,4,Baku,13.0
8.0,STR,18,Williams,10.0,2018,4,Baku,11.0
9.0,VAN,2,McLaren,16.0,2018,4,Baku,16.0
10.0,HAR,28,Toro Rosso,19.0,2018,4,Baku,19.0
11.0,ERI,9,Sauber,18.0,2018,4,Baku,18.0
12.0,GAS,10,Toro Rosso,17.0,2018,4,Baku,17.0
13.0,MAG,20,Haas F1 Team,15.0,2018,4,Baku,15.0
14.0,BOT,77,Mercedes,3.0,2018,4,Baku,3.0
15.0,GRO,8,Haas F1 Team,20.0,2018,4,Baku,20.0
16.0,VER,33,Red Bull Racing,5.0,2018,4,Baku,5.0
17.0,RIC,3,Red Bull Racing,4.0,2018,4,Baku,4.0
18.0,HUL,27,Renault,14.0,2018,4,Baku,9.0
19.0,OCO,31,Force India,7.0,2018,4,Baku,7.0
20.0,SIR,35,Williams,11.0,2018,4,Baku,12.0
1.0,HAM,44,Mercedes,1.0,2018,5,Barcelona,1.0
2.0,BOT,77,Mercedes,2.0,2018,5,Barcelona,2.0
3.0,VER,33,Red Bull Racing,5.0,2018,5,Barcelona,5.0
4.0,VET,5,Ferrari,3.0,2018,5,Barcelona,3.0
5.0,RIC,3,Red Bull Racing,6.0,2018,5,Barcelona,6.0
6.0,MAG,20,Haas F1 Team,7.0,2018,5,Barcelona,7.0
7.0,SAI,55,Renault,9.0,2018,5,Barcelona,9.0
8.0,ALO,14,McLaren,8.0,2018,5,Barcelona,8.0
9.0,PER,11,Force India,15.0,2018,5,Barcelona,15.0
10.0,LEC,16,Sauber,14.0,2018,5,Barcelona,14.0
11.0,STR,18,Williams,18.0,2018,5,Barcelona,19.0
12.0,HAR,28,Toro Rosso,20.0,2018,5,Barcelona,20.0
13.0,ERI,9,Sauber,17.0,2018,5,Barcelona,17.0
14.0,SIR,35,Williams,19.0,2018,5,Barcelona,18.0
15.0,VAN,2,McLaren,11.0,2018,5,Barcelona,11.0
16.0,OCO,31,Force India,13.0,2018,5,Barcelona,13.0
17.0,RAI,7,Ferrari,4.0,2018,5,Barcelona,4.0
18.0,GRO,8,Haas F1 Team,10.0,2018,5,Barcelona,10.0
19.0,GAS,10,Toro Rosso,12.0,2018,5,Barcelona,12.0
20.0,HUL,27,Renault,16.0,2018,5,Barcelona,16.0
1.0,RIC,3,Red Bull Racing,1.0,2018,6,Monte Carlo,1.0
2.0,VET,5,Ferrari,2.0,2018,6,Monte Carlo,2.0
3.0,HAM,44,Mercedes,3.0,2018,6,Monte Carlo,3.0
4.0,RAI,7,Ferrari,4.0,2018,6,Monte Carlo,4.0
5.0,BOT,77,Mercedes,5.0,2018,6,Monte Carlo,5.0
6.0,OCO,31,Force India,6.0,2018,6,Monte Carlo,6.0
7.0,GAS,10,Toro Rosso,10.0,2018,6,Monte Carlo,10.0
8.0,HUL,27,Renault,11.0,2018,6,Monte Carlo,11.0
9.0,VER,33,Red Bull Racing,20.0,2018,6,Monte Carlo,20.0
10.0,SAI,55,Renault,8.0,2018,6,Monte Carlo,8.0
11.0,ERI,9,Sauber,16.0,2018,6,Monte Carlo,17.0
12.0,PER,11,Force India,9.0,2018,6,Monte Carlo,9.0
13.0,MAG,20,Haas F1 Team,19.0,2018,6,Monte Carlo,19.0
14.0,VAN,2,McLaren,12.0,2018,6,Monte Carlo,12.0
15.0,GRO,8,Haas F1 Team,18.0,2018,6,Monte Carlo,15.0
16.0,SIR,35,Williams,13.0,2018,6,Monte Carlo,13.0
17.0,STR,18,Williams,17.0,2018,6,Monte Carlo,18.0
18.0,LEC,16,Sauber,14.0,2018,6,Monte Carlo,14.0
19.0,HAR,28,Toro Rosso,15.0,2018,6,Monte Carlo,16.0
20.0,ALO,14,McLaren,7.0,2018,6,Monte Carlo,7.0
1.0,VET,5,Ferrari,1.0,2018,7,Montréal,1.0
2.0,BOT,77,Mercedes,2.0,2018,7,Montréal,2.0
3.0,VER,33,Red Bull Racing,3.0,2018,7,Montréal,3.0
4.0,RIC,3,Red Bull Racing,6.0,2018,7,Montréal,6.0
5.0,HAM,44,Mercedes,4.0,2018,7,Montréal,4.0
6.0,RAI,7,Ferrari,5.0,2018,7,Montréal,5.0
7.0,HUL,27,Renault,7.0,2018,7,Montréal,7.0
8.0,SAI,55,Renault,9.0,2018,7,Montréal,9.0
9.0,OCO,31,Force India,8.0,2018,7,Montréal,8.0
10.0,LEC,16,Sauber,13.0,2018,7,Montréal,13.0
11.0,GAS,10,Toro Rosso,16.0,2018,7,Montréal,16.0
12.0,GRO,8,Haas F1 Team,20.0,2018,7,Montréal,20.0
13.0,MAG,20,Haas F1 Team,11.0,2018,7,Montréal,11.0
14.0,PER,11,Force India,10.0,2018,7,Montréal,10.0
15.0,ERI,9,Sauber,19.0,2018,7,Montréal,19.0
16.0,VAN,2,McLaren,15.0,2018,7,Montréal,15.0
17.0,SIR,35,Williams,18.0,2018,7,Montréal,18.0
18.0,ALO,14,McLaren,14.0,2018,7,Montréal,14.0
19.0,HAR,28,Toro Rosso,12.0,2018,7,Montréal,12.0
20.0,STR,18,Williams,17.0,2018,7,Montréal,17.0
1.0,HAM,44,Mercedes,1.0,2018,8,Le Castellet,1.0
2.0,VER,33,Red Bull Racing,4.0,2018,8,Le Castellet,4.0
3.0,RAI,7,Ferrari,6.0,2018,8,Le Castellet,6.0
4.0,RIC,3,Red Bull Racing,5.0,2018,8,Le Castellet,5.0
5.0,VET,5,Ferrari,3.0,2018,8,Le Castellet,3.0
6.0,MAG,20,Haas F1 Team,9.0,2018,8,Le Castellet,9.0
7.0,BOT,77,Mercedes,2.0,2018,8,Le Castellet,2.0
8.0,SAI,55,Renault,7.0,2018,8,Le Castellet,7.0
9.0,HUL,27,Renault,12.0,2018,8,Le Castellet,12.0
10.0,LEC,16,Sauber,8.0,2018,8,Le Castellet,8.0
11.0,GRO,8,Haas F1 Team,10.0,2018,8,Le Castellet,10.0
12.0,VAN,2,McLaren,17.0,2018,8,Le Castellet,18.0
13.0,ERI,9,Sauber,15.0,2018,8,Le Castellet,15.0
14.0,HAR,28,Toro Rosso,20.0,2018,8,Le Castellet,17.0
15.0,SIR,35,Williams,18.0,2018,8,Le Castellet,19.0
16.0,ALO,14,McLaren,16.0,2018,8,Le Castellet,16.0
17.0,STR,18,Williams,19.0,2018,8,Le Castellet,20.0
18.0,PER,11,Force India,13.0,2018,8,Le Castellet,13.0
19.0,OCO,31,Force India,11.0,2018,8,Le Castellet,11.0
20.0,GAS,10,Toro Rosso,14.0,2018,8,Le Castellet,14.0
1.0,VER,33,Red Bull Racing,4.0,2018,9,Spielberg,5.0
2.0,RAI,7,Ferrari,3.0,2018,9,Spielberg,4.0
3.0,VET,5,Ferrari,6.0,2018,9,Spielberg,3.0
4.0,GRO,8,Haas F1 Team,5.0,2018,9,Spielberg,6.0
5.0,MAG,20,Haas F1 Team,8.0,2018,9,Spielberg,8.0
6.0,OCO,31,Force India,11.0,2018,9,Spielberg,11.0
7.0,PER,11,Force India,16.0,2018,9,Spielberg,17.0
8.0,ALO,14,McLaren,13.0,2018,9,Spielberg,14.0
9.0,LEC,16,Sauber,18.0,2018,9,Spielberg,13.0
10.0,ERI,9,Sauber,20.0,2018,9,Spielberg,20.0
11.0,GAS,10,Toro Rosso,12.0,2018,9,Spielberg,12.0
12.0,SAI,55,Renault,9.0,2018,9,Spielberg,9.0
13.0,SIR,35,Williams,17.0,2018,9,Spielberg,18.0
14.0,STR,18,Williams,14.0,2018,9,Spielberg,15.0
15.0,VAN,2,McLaren,15.0,2018,9,Spielberg,16.0
16.0,HAM,44,Mercedes,2.0,2018,9,Spielberg,2.0
17.0,HAR,28,Toro Rosso,19.0,2018,9,Spielberg,19.0
18.0,RIC,3,Red Bull Racing,7.0,2018,9,Spielberg,7.0
19.0,BOT,77,Mercedes,1.0,2018,9,Spielberg,1.0
20.0,HUL,27,Renault,10.0,2018,9,Spielberg,10.0
1.0,VET,5,Ferrari,2.0,2018,10,Silverstone,2.0
2.0,HAM,44,Mercedes,1.0,2018,10,Silverstone,1.0
3.0,RAI,7,Ferrari,3.0,2018,10,Silverstone,3.0
4.0,BOT,77,Mercedes,4.0,2018,10,Silverstone,4.0
5.0,RIC,3,Red Bull Racing,6.0,2018,10,Silverstone,6.0
6.0,HUL,27,Renault,11.0,2018,10,Silverstone,11.0
7.0,OCO,31,Force India,10.0,2018,10,Silverstone,10.0
8.0,ALO,14,McLaren,13.0,2018,10,Silverstone,13.0
9.0,MAG,20,Haas F1 Team,7.0,2018,10,Silverstone,7.0
10.0,PER,11,Force India,12.0,2018,10,Silverstone,12.0
11.0,VAN,2,McLaren,17.0,2018,10,Silverstone,17.0
12.0,STR,18,Williams,19.0,2018,10,Silverstone,19.0
13.0,GAS,10,Toro Rosso,14.0,2018,10,Silverstone,14.0
14.0,SIR,35,Williams,18.0,2018,10,Silverstone,18.0
15.0,VER,33,Red Bull Racing,5.0,2018,10,Silverstone,5.0
16.0,GRO,8,Haas F1 Team,8.0,2018,10,Silverstone,8.0
17.0,SAI,55,Renault,16.0,2018,10,Silverstone,16.0
18.0,ERI,9,Sauber,15.0,2018,10,Silverstone,15.0
19.0,LEC,16,Sauber,9.0,2018,10,Silverstone,9.0
20.0,HAR,28,Toro Rosso,21.0,2018,10,Silverstone,20.0
1.0,HAM,44,Mercedes,14.0,2018,11,Hockenheim,14.0
2.0,BOT,77,Mercedes,2.0,2018,11,Hockenheim,2.0
3.0,RAI,7,Ferrari,3.0,2018,11,Hockenheim,3.0
4.0,VER,33,Red Bull Racing,4.0,2018,11,Hockenheim,4.0
5.0,HUL,27,Renault,7.0,2018,11,Hockenheim,7.0
6.0,GRO,8,Haas F1 Team,6.0,2018,11,Hockenheim,6.0
7.0,PER,11,Force India,10.0,2018,11,Hockenheim,10.0
8.0,OCO,31,Force India,15.0,2018,11,Hockenheim,16.0
9.0,ERI,9,Sauber,13.0,2018,11,Hockenheim,13.0
10.0,HAR,28,Toro Rosso,17.0,2018,11,Hockenheim,18.0
11.0,MAG,20,Haas F1 Team,5.0,2018,11,Hockenheim,5.0
12.0,SAI,55,Renault,8.0,2018,11,Hockenheim,8.0
13.0,VAN,2,McLaren,19.0,2018,11,Hockenheim,20.0
14.0,GAS,10,Toro Rosso,16.0,2018,11,Hockenheim,17.0
15.0,LEC,16,Sauber,9.0,2018,11,Hockenheim,9.0
16.0,ALO,14,McLaren,11.0,2018,11,Hockenheim,11.0
17.0,STR,18,Williams,18.0,2018,11,Hockenheim,19.0
18.0,VET,5,Ferrari,1.0,2018,11,Hockenheim,1.0
19.0,SIR,35,Williams,12.0,2018,11,Hockenheim,12.0
20.0,RIC,3,Red Bull Racing,20.0,2018,11,Hockenheim,15.0
1.0,HAM,44,Mercedes,1.0,2018,12,Budapest,1.0
2.0,VET,5,Ferrari,4.0,2018,12,Budapest,4.0
3.0,RAI,7,Ferrari,3.0,2018,12,Budapest,3.0
4.0,RIC,3,Red Bull Racing,12.0,2018,12,Budapest,12.0
5.0,BOT,77,Mercedes,2.0,2018,12,Budapest,2.0
6.0,GAS,10,Toro Rosso,6.0,2018,12,Budapest,6.0
7.0,MAG,20,Haas F1 Team,9.0,2018,12,Budapest,9.0
8.0,ALO,14,McLaren,11.0,2018,12,Budapest,11.0
9.0,SAI,55,Renault,5.0,2018,12,Budapest,5.0
10.0,GRO,8,Haas F1 Team,10.0,2018,12,Budapest,10.0
11.0,HAR,28,Toro Rosso,8.0,2018,12,Budapest,8.0
12.0,HUL,27,Renault,13.0,2018,12,Budapest,13.0
13.0,OCO,31,Force India,18.0,2018,12,Budapest,18.0
14.0,PER,11,Force India,19.0,2018,12,Budapest,19.0
15.0,ERI,9,Sauber,14.0,2018,12,Budapest,14.0
16.0,SIR,35,Williams,20.0,2018,12,Budapest,20.0
17.0,STR,18,Williams,15.0,2018,12,Budapest,15.0
18.0,VAN,2,McLaren,16.0,2018,12,Budapest,16.0
19.0,VER,33,Red Bull Racing,7.0,2018,12,Budapest,7.0
20.0,LEC,16,Sauber,17.0,2018,12,Budapest,17.0
1.0,VET,5,Ferrari,2.0,2018,13,Spa-Francorchamps,2.0
2.0,HAM,44,Mercedes,1.0,2018,13,Spa-Francorchamps,1.0
3.0,VER,33,Red Bull Racing,7.0,2018,13,Spa-Francorchamps,7.0
4.0,BOT,77,Mercedes,19.0,2018,13,Spa-Francorchamps,10.0
5.0,PER,11,Racing Point,4.0,2018,13,Spa-Francorchamps,4.0
6.0,OCO,31,Racing Point,3.0,2018,13,Spa-Francorchamps,3.0
7.0,GRO,8,Haas F1 Team,5.0,2018,13,Spa-Francorchamps,5.0
8.0,MAG,20,Haas F1 Team,9.0,2018,13,Spa-Francorchamps,9.0
9.0,GAS,10,Toro Rosso,10.0,2018,13,Spa-Francorchamps,11.0
10.0,ERI,9,Sauber,13.0,2018,13,Spa-Francorchamps,14.0
11.0,SAI,55,Renault,14.0,2018,13,Spa-Francorchamps,16.0
12.0,SIR,35,Williams,16.0,2018,13,Spa-Francorchamps,18.0
13.0,STR,18,Williams,17.0,2018,13,Spa-Francorchamps,19.0
14.0,HAR,28,Toro Rosso,11.0,2018,13,Spa-Francorchamps,12.0
15.0,VAN,2,McLaren,18.0,2018,13,Spa-Francorchamps,20.0
16.0,RIC,3,Red Bull Racing,8.0,2018,13,Spa-Francorchamps,8.0
17.0,RAI,7,Ferrari,6.0,2018,13,Spa-Francorchamps,6.0
18.0,LEC,16,Sauber,12.0,2018,13,Spa-Francorchamps,13.0
19.0,ALO,14,McLaren,15.0,2018,13,Spa-Francorchamps,17.0
20.0,HUL,27,Renault,20.0,2018,13,Spa-Francorchamps,15.0
1.0,HAM,44,Mercedes,3.0,2018,14,Monza,3.0
2.0,RAI,7,Ferrari,1.0,2018,14,Monza,1.0
3.0,BOT,77,Mercedes,4.0,2018,14,Monza,4.0
4.0,VET,5,Ferrari,2.0,2018,14,Monza,2.0
5.0,VER,33,Red Bull Racing,5.0,2018,14,Monza,5.0
6.0,OCO,31,Racing Point,8.0,2018,14,Monza,8.0
7.0,PER,11,Racing Point,14.0,2018,14,Monza,16.0
8.0,SAI,55,Renault,7.0,2018,14,Monza,7.0
9.0,STR,18,Williams,10.0,2018,14,Monza,10.0
10.0,SIR,35,Williams,12.0,2018,14,Monza,12.0
11.0,LEC,16,Sauber,15.0,2018,14,Monza,17.0
12.0,VAN,2,McLaren,17.0,2018,14,Monza,20.0
13.0,HUL,27,Renault,20.0,2018,14,Monza,14.0
14.0,GAS,10,Toro Rosso,9.0,2018,14,Monza,9.0
15.0,ERI,9,Sauber,18.0,2018,14,Monza,19.0
16.0,MAG,20,Haas F1 Team,11.0,2018,14,Monza,11.0
17.0,RIC,3,Red Bull Racing,19.0,2018,14,Monza,15.0
18.0,ALO,14,McLaren,13.0,2018,14,Monza,13.0
19.0,HAR,28,Toro Rosso,16.0,2018,14,Monza,18.0
20.0,GRO,8,Haas F1 Team,6.0,2018,14,Monza,6.0
1.0,HAM,44,Mercedes,1.0,2018,15,Singapore,1.0
2.0,VER,33,Red Bull Racing,2.0,2018,15,Singapore,2.0
3.0,VET,5,Ferrari,3.0,2018,15,Singapore,3.0
4.0,BOT,77,Mercedes,4.0,2018,15,Singapore,4.0
5.0,RAI,7,Ferrari,5.0,2018,15,Singapore,5.0
6.0,RIC,3,Red Bull Racing,6.0,2018,15,Singapore,6.0
7.0,ALO,14,McLaren,11.0,2018,15,Singapore,11.0
8.0,SAI,55,Renault,12.0,2018,15,Singapore,12.0
9.0,LEC,16,Sauber,13.0,2018,15,Singapore,13.0
10.0,HUL,27,Renault,10.0,2018,15,Singapore,10.0
11.0,ERI,9,Sauber,14.0,2018,15,Singapore,14.0
12.0,VAN,2,McLaren,18.0,2018,15,Singapore,18.0
13.0,GAS,10,Toro Rosso,15.0,2018,15,Singapore,15.0
14.0,STR,18,Williams,20.0,2018,15,Singapore,20.0
15.0,GRO,8,Haas F1 Team,8.0,2018,15,Singapore,8.0
16.0,PER,11,Racing Point,7.0,2018,15,Singapore,7.0
17.0,HAR,28,Toro Rosso,17.0,2018,15,Singapore,17.0
18.0,MAG,20,Haas F1 Team,16.0,2018,15,Singapore,16.0
19.0,SIR,35,Williams,19.0,2018,15,Singapore,19.0
20.0,OCO,31,Racing Point,9.0,2018,15,Singapore,9.0
1.0,HAM,44,Mercedes,2.0,2018,16,Sochi,2.0
2.0,BOT,77,Mercedes,1.0,2018,16,Sochi,1.0
3.0,VET,5,Ferrari,3.0,2018,16,Sochi,3.0
4.0,RAI,7,Ferrari,4.0,2018,16,Sochi,4.0
5.0,VER,33,Red Bull Racing,19.0,2018,16,Sochi,11.0
6.0,RIC,3,Red Bull Racing,18.0,2018,16,Sochi,12.0
7.0,LEC,16,Sauber,7.0,2018,16,Sochi,7.0
8.0,MAG,20,Haas F1 Team,5.0,2018,16,Sochi,5.0
9.0,OCO,31,Racing Point,6.0,2018,16,Sochi,6.0
10.0,PER,11,Racing Point,8.0,2018,16,Sochi,8.0
11.0,GRO,8,Haas F1 Team,9.0,2018,16,Sochi,9.0
12.0,HUL,27,Renault,12.0,2018,16,Sochi,15.0
13.0,ERI,9,Sauber,10.0,2018,16,Sochi,10.0
14.0,ALO,14,McLaren,16.0,2018,16,Sochi,17.0
15.0,STR,18,Williams,14.0,2018,16,Sochi,20.0
16.0,VAN,2,McLaren,15.0,2018,16,Sochi,19.0
17.0,SAI,55,Renault,11.0,2018,16,Sochi,14.0
18.0,SIR,35,Williams,13.0,2018,16,Sochi,18.0
19.0,GAS,10,Toro Rosso,17.0,2018,16,Sochi,13.0
20.0,HAR,28,Toro Rosso,20.0,2018,16,Sochi,16.0
1.0,HAM,44,Mercedes,1.0,2018,17,Suzuka,1.0
2.0,BOT,77,Mercedes,2.0,2018,17,Suzuka,2.0
3.0,VER,33,Red Bull Racing,3.0,2018,17,Suzuka,3.0
4.0,RIC,3,Red Bull Racing,15.0,2018,17,Suzuka,15.0
5.0,RAI,7,Ferrari,4.0,2018,17,Suzuka,4.0
6.0,VET,5,Ferrari,8.0,2018,17,Suzuka,9.0
7.0,PER,11,Racing Point,9.0,2018,17,Suzuka,10.0
8.0,GRO,8,Haas F1 Team,5.0,2018,17,Suzuka,5.0
9.0,OCO,31,Racing Point,11.0,2018,17,Suzuka,8.0
10.0,SAI,55,Renault,13.0,2018,17,Suzuka,13.0
11.0,GAS,10,Toro Rosso,7.0,2018,17,Suzuka,7.0
12.0,ERI,9,Sauber,20.0,2018,17,Suzuka,20.0
13.0,HAR,28,Toro Rosso,6.0,2018,17,Suzuka,6.0
14.0,ALO,14,McLaren,18.0,2018,17,Suzuka,18.0
15.0,VAN,2,McLaren,19.0,2018,17,Suzuka,19.0
16.0,SIR,35,Williams,17.0,2018,17,Suzuka,17.0
17.0,STR,18,Williams,14.0,2018,17,Suzuka,14.0
18.0,LEC,16,Sauber,10.0,2018,17,Suzuka,11.0
19.0,HUL,27,Renault,16.0,2018,17,Suzuka,16.0
20.0,MAG,20,Haas F1 Team,12.0,2018,17,Suzuka,12.0
1.0,RAI,7,Ferrari,2.0,2018,18,Austin,3.0
2.0,VER,33,Red Bull Racing,18.0,2018,18,Austin,15.0
3.0,HAM,44,Mercedes,1.0,2018,18,Austin,1.0
4.0,VET,5,Ferrari,5.0,2018,18,Austin,2.0
5.0,BOT,77,Mercedes,3.0,2018,18,Austin,4.0
6.0,HUL,27,Renault,7.0,2018,18,Austin,7.0
7.0,SAI,55,Renault,11.0,2018,18,Austin,11.0
8.0,PER,11,Racing Point,10.0,2018,18,Austin,10.0
9.0,HAR,28,Toro Rosso,20.0,2018,18,Austin,14.0
10.0,ERI,9,Sauber,16.0,2018,18,Austin,19.0
11.0,VAN,2,McLaren,17.0,2018,18,Austin,20.0
12.0,GAS,10,Toro Rosso,19.0,2018,18,Austin,13.0
13.0,SIR,35,Williams,14.0,2018,18,Austin,17.0
14.0,STR,18,Williams,15.0,2018,18,Austin,18.0
15.0,LEC,16,Sauber,9.0,2018,18,Austin,9.0
16.0,RIC,3,Red Bull Racing,4.0,2018,18,Austin,5.0
17.0,GRO,8,Haas F1 Team,8.0,2018,18,Austin,8.0
18.0,ALO,14,McLaren,13.0,2018,18,Austin,16.0
19.0,OCO,31,Racing Point,6.0,2018,18,Austin,6.0
20.0,MAG,20,Haas F1 Team,12.0,2018,18,Austin,12.0
1.0,VER,33,Red Bull Racing,2.0,2018,19,Mexico City,2.0
2.0,VET,5,Ferrari,4.0,2018,19,Mexico City,4.0
3.0,RAI,7,Ferrari,6.0,2018,19,Mexico City,6.0
4.0,HAM,44,Mercedes,3.0,2018,19,Mexico City,3.0
5.0,BOT,77,Mercedes,5.0,2018,19,Mexico City,5.0
6.0,HUL,27,Renault,7.0,2018,19,Mexico City,7.0
7.0,LEC,16,Sauber,9.0,2018,19,Mexico City,9.0
8.0,VAN,2,McLaren,15.0,2018,19,Mexico City,17.0
9.0,ERI,9,Sauber,10.0,2018,19,Mexico City,10.0
10.0,GAS,10,Toro Rosso,20.0,2018,19,Mexico City,15.0
11.0,OCO,31,Racing Point,11.0,2018,19,Mexico City,11.0
12.0,STR,18,Williams,17.0,2018,19,Mexico City,19.0
13.0,SIR,35,Williams,19.0,2018,19,Mexico City,20.0
14.0,HAR,28,Toro Rosso,14.0,2018,19,Mexico City,14.0
15.0,MAG,20,Haas F1 Team,16.0,2018,19,Mexico City,18.0
16.0,GRO,8,Haas F1 Team,18.0,2018,19,Mexico City,16.0
17.0,RIC,3,Red Bull Racing,1.0,2018,19,Mexico City,1.0
18.0,PER,11,Racing Point,13.0,2018,19,Mexico City,13.0
19.0,SAI,55,Renault,8.0,2018,19,Mexico City,8.0
20.0,ALO,14,McLaren,12.0,2018,19,Mexico City,12.0
1.0,HAM,44,Mercedes,1.0,2018,20,São Paulo,1.0
2.0,VER,33,Red Bull Racing,5.0,2018,20,São Paulo,5.0
3.0,RAI,7,Ferrari,4.0,2018,20,São Paulo,4.0
4.0,RIC,3,Red Bull Racing,11.0,2018,20,São Paulo,6.0
5.0,BOT,77,Mercedes,3.0,2018,20,São Paulo,3.0
6.0,VET,5,Ferrari,2.0,2018,20,São Paulo,2.0
7.0,LEC,16,Sauber,7.0,2018,20,São Paulo,8.0
8.0,GRO,8,Haas F1 Team,8.0,2018,20,São Paulo,9.0
9.0,MAG,20,Haas F1 Team,10.0,2018,20,São Paulo,11.0
10.0,PER,11,Racing Point,12.0,2018,20,São Paulo,12.0
11.0,HAR,28,Toro Rosso,16.0,2018,20,São Paulo,17.0
12.0,SAI,55,Renault,15.0,2018,20,São Paulo,16.0
13.0,GAS,10,Toro Rosso,9.0,2018,20,São Paulo,10.0
14.0,VAN,2,McLaren,20.0,2018,20,São Paulo,20.0
15.0,OCO,31,Racing Point,18.0,2018,20,São Paulo,13.0
16.0,SIR,35,Williams,14.0,2018,20,São Paulo,15.0
17.0,ALO,14,McLaren,17.0,2018,20,São Paulo,18.0
18.0,STR,18,Williams,19.0,2018,20,São Paulo,19.0
19.0,HUL,27,Renault,13.0,2018,20,São Paulo,14.0
20.0,ERI,9,Sauber,6.0,2018,20,São Paulo,7.0
1.0,HAM,44,Mercedes,1.0,2018,21,Yas Marina,1.0
2.0,VET,5,Ferrari,3.0,2018,21,Yas Marina,3.0
3.0,VER,33,Red Bull Racing,6.0,2018,21,Yas Marina,6.0
4.0,RIC,3,Red Bull Racing,5.0,2018,21,Yas Marina,5.0
5.0,BOT,77,Mercedes,2.0,2018,21,Yas Marina,2.0
6.0,SAI,55,Renault,11.0,2018,21,Yas Marina,11.0
7.0,LEC,16,Sauber,8.0,2018,21,Yas Marina,8.0
8.0,PER,11,Racing Point,14.0,2018,21,Yas Marina,14.0
9.0,GRO,8,Haas F1 Team,7.0,2018,21,Yas Marina,7.0
10.0,MAG,20,Haas F1 Team,13.0,2018,21,Yas Marina,13.0
11.0,ALO,14,McLaren,15.0,2018,21,Yas Marina,15.0
12.0,HAR,28,Toro Rosso,16.0,2018,21,Yas Marina,16.0
13.0,STR,18,Williams,20.0,2018,21,Yas Marina,20.0
14.0,VAN,2,McLaren,18.0,2018,21,Yas Marina,18.0
15.0,SIR,35,Williams,19.0,2018,21,Yas Marina,19.0
16.0,GAS,10,Toro Rosso,17.0,2018,21,Yas Marina,17.0
17.0,OCO,31,Racing Point,9.0,2018,21,Yas Marina,9.0
18.0,ERI,9,Sauber,12.0,2018,21,Yas Marina,12.0
19.0,RAI,7,Ferrari,4.0,2018,21,Yas Marina,4.0
20.0,HUL,27,Renault,10.0,2018,21,Yas Marina,10.0
1.0,BOT,77,Mercedes,2.0,2019,1,Melbourne,2.0
2.0,HAM,44,Mercedes,1.0,2019,1,Melbourne,1.0
3.0,VER,33,Red Bull Racing,4.0,2019,1,Melbourne,4.0
4.0,VET,5,Ferrari,3.0,2019,1,Melbourne,3.0
5.0,LEC,16,Ferrari,5.0,2019,1,Melbourne,5.0
6.0,MAG,20,Haas F1 Team,7.0,2019,1,Melbourne,7.0
7.0,HUL,27,Renault,11.0,2019,1,Melbourne,11.0
8.0,RAI,7,Alfa Romeo Racing,9.0,2019,1,Melbourne,9.0
9.0,STR,18,Racing Point,16.0,2019,1,Melbourne,16.0
10.0,KVY,26,Toro Rosso,15.0,2019,1,Melbourne,15.0
11.0,GAS,10,Red Bull Racing,17.0,2019,1,Melbourne,17.0
12.0,NOR,4,McLaren,8.0,2019,1,Melbourne,8.0
13.0,PER,11,Racing Point,10.0,2019,1,Melbourne,10.0
14.0,ALB,23,Toro Rosso,13.0,2019,1,Melbourne,13.0
15.0,GIO,99,Alfa Romeo Racing,14.0,2019,1,Melbourne,14.0
16.0,RUS,63,Williams,19.0,2019,1,Melbourne,19.0
17.0,KUB,88,Williams,20.0,2019,1,Melbourne,20.0
18.0,GRO,8,Haas F1 Team,6.0,2019,1,Melbourne,6.0
19.0,RIC,3,Renault,12.0,2019,1,Melbourne,12.0
20.0,SAI,55,McLaren,18.0,2019,1,Melbourne,18.0
1.0,HAM,44,Mercedes,3.0,2019,2,Sakhir,3.0
2.0,BOT,77,Mercedes,4.0,2019,2,Sakhir,4.0
3.0,LEC,16,Ferrari,1.0,2019,2,Sakhir,1.0
4.0,VER,33,Red Bull Racing,5.0,2019,2,Sakhir,5.0
5.0,VET,5,Ferrari,2.0,2019,2,Sakhir,2.0
6.0,NOR,4,McLaren,9.0,2019,2,Sakhir,10.0
7.0,RAI,7,Alfa Romeo Racing,8.0,2019,2,Sakhir,9.0
8.0,GAS,10,Red Bull Racing,13.0,2019,2,Sakhir,13.0
9.0,ALB,23,Toro Rosso,12.0,2019,2,Sakhir,12.0
10.0,PER,11,Racing Point,14.0,2019,2,Sakhir,14.0
11.0,GIO,99,Alfa Romeo Racing,16.0,2019,2,Sakhir,16.0
12.0,KVY,26,Toro Rosso,15.0,2019,2,Sakhir,15.0
13.0,MAG,20,Haas F1 Team,6.0,2019,2,Sakhir,6.0
14.0,STR,18,Racing Point,18.0,2019,2,Sakhir,18.0
15.0,RUS,63,Williams,19.0,2019,2,Sakhir,19.0
16.0,KUB,88,Williams,20.0,2019,2,Sakhir,20.0
17.0,HUL,27,Renault,17.0,2019,2,Sakhir,17.0
18.0,RIC,3,Renault,10.0,2019,2,Sakhir,11.0
19.0,SAI,55,McLaren,7.0,2019,2,Sakhir,7.0
20.0,GRO,8,Haas F1 Team,11.0,2019,2,Sakhir,8.0
1.0,HAM,44,Mercedes,2.0,2019,3,Shanghai,2.0
2.0,BOT,77,Mercedes,1.0,2019,3,Shanghai,1.0
3.0,VET,5,Ferrari,3.0,2019,3,Shanghai,3.0
4.0,VER,33,Red Bull Racing,5.0,2019,3,Shanghai,5.0
5.0,LEC,16,Ferrari,4.0,2019,3,Shanghai,4.0
6.0,GAS,10,Red Bull Racing,6.0,2019,3,Shanghai,6.0
7.0,RIC,3,Renault,7.0,2019,3,Shanghai,7.0
8.0,PER,11,Racing Point,12.0,2019,3,Shanghai,12.0
9.0,RAI,7,Alfa Romeo Racing,13.0,2019,3,Shanghai,13.0
11.0,GRO,8,Haas F1 Team,10.0,2019,3,Shanghai,10.0
12.0,STR,18,Racing Point,16.0,2019,3,Shanghai,16.0
13.0,MAG,20,Haas F1 Team,9.0,2019,3,Shanghai,9.0
14.0,SAI,55,McLaren,14.0,2019,3,Shanghai,14.0
16.0,RUS,63,Williams,17.0,2019,3,Shanghai,17.0
17.0,KUB,88,Williams,18.0,2019,3,Shanghai,18.0
18.0,NOR,4,McLaren,15.0,2019,3,Shanghai,15.0
19.0,KVY,26,Toro Rosso,11.0,2019,3,Shanghai,11.0
20.0,HUL,27,Renault,8.0,2019,3,Shanghai,8.0
1.0,BOT,77,Mercedes,1.0,2019,4,Baku,1.0
2.0,HAM,44,Mercedes,2.0,2019,4,Baku,2.0
3.0,VET,5,Ferrari,3.0,2019,4,Baku,3.0
4.0,VER,33,Red Bull Racing,4.0,2019,4,Baku,4.0
5.0,LEC,16,Ferrari,8.0,2019,4,Baku,9.0
6.0,PER,11,Racing Point,5.0,2019,4,Baku,5.0
7.0,SAI,55,McLaren,9.0,2019,4,Baku,10.0
8.0,NOR,4,McLaren,7.0,2019,4,Baku,7.0
9.0,STR,18,Racing Point,13.0,2019,4,Baku,14.0
10.0,RAI,7,Alfa Romeo Racing,21.0,2019,4,Baku,19.0
11.0,ALB,23,Toro Rosso,11.0,2019,4,Baku,12.0
12.0,GIO,99,Alfa Romeo Racing,17.0,2019,4,Baku,8.0
13.0,MAG,20,Haas F1 Team,12.0,2019,4,Baku,13.0
14.0,HUL,27,Renault,15.0,2019,4,Baku,16.0
15.0,RUS,63,Williams,16.0,2019,4,Baku,17.0
16.0,KUB,88,Williams,21.0,2019,4,Baku,18.0
17.0,GAS,10,Red Bull Racing,21.0,2019,4,Baku,20.0
18.0,GRO,8,Haas F1 Team,14.0,2019,4,Baku,15.0
19.0,KVY,26,Toro Rosso,6.0,2019,4,Baku,6.0
20.0,RIC,3,Renault,10.0,2019,4,Baku,11.0
1.0,HAM,44,Mercedes,2.0,2019,5,Barcelona,2.0
2.0,BOT,77,Mercedes,1.0,2019,5,Barcelona,1.0
3.0,VER,33,Red Bull Racing,4.0,2019,5,Barcelona,4.0
4.0,VET,5,Ferrari,3.0,2019,5,Barcelona,3.0
5.0,LEC,16,Ferrari,5.0,2019,5,Barcelona,5.0
6.0,GAS,10,Red Bull Racing,6.0,2019,5,Barcelona,6.0
7.0,MAG,20,Haas F1 Team,8.0,2019,5,Barcelona,8.0
8.0,SAI,55,McLaren,12.0,2019,5,Barcelona,13.0
9.0,KVY,26,Toro Rosso,9.0,2019,5,Barcelona,9.0
10.0,GRO,8,Haas F1 Team,7.0,2019,5,Barcelona,7.0
11.0,ALB,23,Toro Rosso,11.0,2019,5,Barcelona,12.0
12.0,RIC,3,Renault,13.0,2019,5,Barcelona,10.0
13.0,HUL,27,Renault,21.0,2019,5,Barcelona,16.0
14.0,RAI,7,Alfa Romeo Racing,14.0,2019,5,Barcelona,14.0
15.0,PER,11,Racing Point,15.0,2019,5,Barcelona,15.0
16.0,GIO,99,Alfa Romeo Racing,18.0,2019,5,Barcelona,18.0
17.0,RUS,63,Williams,19.0,2019,5,Barcelona,19.0
18.0,KUB,88,Williams,17.0,2019,5,Barcelona,20.0
19.0,STR,18,Racing Point,16.0,2019,5,Barcelona,17.0
20.0,NOR,4,McLaren,10.0,2019,5,Barcelona,11.0
1.0,HAM,44,Mercedes,1.0,2019,6,Monte Carlo,1.0
2.0,VET,5,Ferrari,4.0,2019,6,Monte Carlo,4.0
3.0,BOT,77,Mercedes,2.0,2019,6,Monte Carlo,2.0
4.0,VER,33,Red Bull Racing,3.0,2019,6,Monte Carlo,3.0
5.0,GAS,10,Red Bull Racing,8.0,2019,6,Monte Carlo,5.0
6.0,SAI,55,McLaren,9.0,2019,6,Monte Carlo,9.0
7.0,KVY,26,Toro Rosso,7.0,2019,6,Monte Carlo,8.0
8.0,ALB,23,Toro Rosso,10.0,2019,6,Monte Carlo,10.0
9.0,RIC,3,Renault,6.0,2019,6,Monte Carlo,7.0
10.0,GRO,8,Haas F1 Team,13.0,2019,6,Monte Carlo,13.0
11.0,NOR,4,McLaren,12.0,2019,6,Monte Carlo,12.0
12.0,PER,11,Racing Point,16.0,2019,6,Monte Carlo,17.0
13.0,HUL,27,Renault,11.0,2019,6,Monte Carlo,11.0
14.0,MAG,20,Haas F1 Team,5.0,2019,6,Monte Carlo,6.0
15.0,RUS,63,Williams,19.0,2019,6,Monte Carlo,19.0
16.0,STR,18,Racing Point,17.0,2019,6,Monte Carlo,18.0
17.0,RAI,7,Alfa Romeo Racing,14.0,2019,6,Monte Carlo,14.0
18.0,KUB,88,Williams,20.0,2019,6,Monte Carlo,20.0
19.0,GIO,99,Alfa Romeo Racing,18.0,2019,6,Monte Carlo,15.0
20.0,LEC,16,Ferrari,15.0,2019,6,Monte Carlo,16.0
1.0,HAM,44,Mercedes,2.0,2019,7,Montréal,2.0
2.0,VET,5,Ferrari,1.0,2019,7,Montréal,1.0
3.0,LEC,16,Ferrari,3.0,2019,7,Montréal,3.0
4.0,BOT,77,Mercedes,6.0,2019,7,Montréal,6.0
5.0,VER,33,Red Bull Racing,9.0,2019,7,Montréal,11.0
6.0,RIC,3,Renault,4.0,2019,7,Montréal,4.0
7.0,HUL,27,Renault,7.0,2019,7,Montréal,7.0
8.0,GAS,10,Red Bull Racing,5.0,2019,7,Montréal,5.0
9.0,STR,18,Racing Point,17.0,2019,7,Montréal,18.0
10.0,KVY,26,Toro Rosso,10.0,2019,7,Montréal,12.0
11.0,SAI,55,McLaren,11.0,2019,7,Montréal,9.0
12.0,PER,11,Racing Point,15.0,2019,7,Montréal,16.0
13.0,GIO,99,Alfa Romeo Racing,12.0,2019,7,Montréal,13.0
14.0,GRO,8,Haas F1 Team,14.0,2019,7,Montréal,15.0
15.0,RAI,7,Alfa Romeo Racing,16.0,2019,7,Montréal,17.0
16.0,RUS,63,Williams,18.0,2019,7,Montréal,19.0
17.0,MAG,20,Haas F1 Team,21.0,2019,7,Montréal,10.0
18.0,KUB,88,Williams,19.0,2019,7,Montréal,20.0
19.0,ALB,23,Toro Rosso,13.0,2019,7,Montréal,14.0
20.0,NOR,4,McLaren,8.0,2019,7,Montréal,8.0
1.0,HAM,44,Mercedes,1.0,2019,8,Le Castellet,1.0
2.0,BOT,77,Mercedes,2.0,2019,8,Le Castellet,2.0
3.0,LEC,16,Ferrari,3.0,2019,8,Le Castellet,3.0
4.0,VER,33,Red Bull Racing,4.0,2019,8,Le Castellet,4.0
5.0,VET,5,Ferrari,7.0,2019,8,Le Castellet,7.0
6.0,SAI,55,McLaren,6.0,2019,8,Le Castellet,6.0
7.0,RAI,7,Alfa Romeo Racing,12.0,2019,8,Le Castellet,12.0
8.0,HUL,27,Renault,13.0,2019,8,Le Castellet,13.0
9.0,NOR,4,McLaren,5.0,2019,8,Le Castellet,5.0
10.0,GAS,10,Red Bull Racing,9.0,2019,8,Le Castellet,9.0
11.0,RIC,3,Renault,8.0,2019,8,Le Castellet,8.0
12.0,PER,11,Racing Point,14.0,2019,8,Le Castellet,14.0
13.0,STR,18,Racing Point,17.0,2019,8,Le Castellet,18.0
14.0,KVY,26,Toro Rosso,19.0,2019,8,Le Castellet,16.0
15.0,ALB,23,Toro Rosso,11.0,2019,8,Le Castellet,11.0
16.0,GIO,99,Alfa Romeo Racing,10.0,2019,8,Le Castellet,10.0
17.0,MAG,20,Haas F1 Team,15.0,2019,8,Le Castellet,15.0
18.0,KUB,88,Williams,18.0,2019,8,Le Castellet,20.0
19.0,RUS,63,Williams,20.0,2019,8,Le Castellet,19.0
20.0,GRO,8,Haas F1 Team,16.0,2019,8,Le Castellet,17.0
1.0,VER,33,Red Bull Racing,2.0,2019,9,Spielberg,3.0
2.0,LEC,16,Ferrari,1.0,2019,9,Spielberg,1.0
3.0,BOT,77,Mercedes,3.0,2019,9,Spielberg,4.0
4.0,VET,5,Ferrari,9.0,2019,9,Spielberg,10.0
5.0,HAM,44,Mercedes,4.0,2019,9,Spielberg,2.0
6.0,NOR,4,McLaren,5.0,2019,9,Spielberg,6.0
7.0,GAS,10,Red Bull Racing,8.0,2019,9,Spielberg,9.0
8.0,SAI,55,McLaren,19.0,2019,9,Spielberg,15.0
9.0,RAI,7,Alfa Romeo Racing,6.0,2019,9,Spielberg,7.0
10.0,GIO,99,Alfa Romeo Racing,7.0,2019,9,Spielberg,8.0
11.0,PER,11,Racing Point,13.0,2019,9,Spielberg,16.0
12.0,RIC,3,Renault,12.0,2019,9,Spielberg,14.0
13.0,HUL,27,Renault,15.0,2019,9,Spielberg,12.0
14.0,STR,18,Racing Point,14.0,2019,9,Spielberg,17.0
15.0,ALB,23,Toro Rosso,18.0,2019,9,Spielberg,13.0
16.0,GRO,8,Haas F1 Team,11.0,2019,9,Spielberg,11.0
17.0,KVY,26,Toro Rosso,16.0,2019,9,Spielberg,18.0
18.0,RUS,63,Williams,21.0,2019,9,Spielberg,19.0
19.0,MAG,20,Haas F1 Team,10.0,2019,9,Spielberg,5.0
20.0,KUB,88,Williams,17.0,2019,9,Spielberg,20.0
1.0,HAM,44,Mercedes,2.0,2019,10,Silverstone,2.0
2.0,BOT,77,Mercedes,1.0,2019,10,Silverstone,1.0
3.0,LEC,16,Ferrari,3.0,2019,10,Silverstone,3.0
4.0,GAS,10,Red Bull Racing,5.0,2019,10,Silverstone,5.0
5.0,VER,33,Red Bull Racing,4.0,2019,10,Silverstone,4.0
6.0,SAI,55,McLaren,13.0,2019,10,Silverstone,13.0
7.0,RIC,3,Renault,7.0,2019,10,Silverstone,7.0
8.0,RAI,7,Alfa Romeo Racing,12.0,2019,10,Silverstone,12.0
9.0,KVY,26,Toro Rosso,17.0,2019,10,Silverstone,17.0
10.0,HUL,27,Renault,10.0,2019,10,Silverstone,10.0
11.0,NOR,4,McLaren,8.0,2019,10,Silverstone,8.0
12.0,ALB,23,Toro Rosso,9.0,2019,10,Silverstone,9.0
13.0,STR,18,Racing Point,18.0,2019,10,Silverstone,18.0
14.0,RUS,63,Williams,19.0,2019,10,Silverstone,19.0
15.0,KUB,88,Williams,20.0,2019,10,Silverstone,20.0
16.0,VET,5,Ferrari,6.0,2019,10,Silverstone,6.0
17.0,PER,11,Racing Point,15.0,2019,10,Silverstone,15.0
18.0,GIO,99,Alfa Romeo Racing,11.0,2019,10,Silverstone,11.0
19.0,GRO,8,Haas F1 Team,14.0,2019,10,Silverstone,14.0
20.0,MAG,20,Haas F1 Team,16.0,2019,10,Silverstone,16.0
1.0,VER,33,Red Bull Racing,2.0,2019,11,Hockenheim,2.0
2.0,VET,5,Ferrari,20.0,2019,11,Hockenheim,20.0
3.0,KVY,26,Toro Rosso,14.0,2019,11,Hockenheim,14.0
4.0,STR,18,Racing Point,15.0,2019,11,Hockenheim,15.0
5.0,SAI,55,McLaren,7.0,2019,11,Hockenheim,7.0
6.0,ALB,23,Toro Rosso,16.0,2019,11,Hockenheim,17.0
7.0,GRO,8,Haas F1 Team,6.0,2019,11,Hockenheim,6.0
8.0,MAG,20,Haas F1 Team,12.0,2019,11,Hockenheim,12.0
9.0,HAM,44,Mercedes,1.0,2019,11,Hockenheim,1.0
10.0,KUB,88,Williams,18.0,2019,11,Hockenheim,19.0
11.0,RUS,63,Williams,17.0,2019,11,Hockenheim,18.0
12.0,RAI,7,Alfa Romeo Racing,5.0,2019,11,Hockenheim,5.0
13.0,GIO,99,Alfa Romeo Racing,11.0,2019,11,Hockenheim,11.0
14.0,GAS,10,Red Bull Racing,4.0,2019,11,Hockenheim,4.0
15.0,BOT,77,Mercedes,3.0,2019,11,Hockenheim,3.0
16.0,HUL,27,Renault,9.0,2019,11,Hockenheim,9.0
17.0,LEC,16,Ferrari,10.0,2019,11,Hockenheim,10.0
18.0,NOR,4,McLaren,19.0,2019,11,Hockenheim,16.0
19.0,RIC,3,Renault,13.0,2019,11,Hockenheim,13.0
20.0,PER,11,Racing Point,8.0,2019,11,Hockenheim,8.0
1.0,HAM,44,Mercedes,3.0,2019,12,Budapest,3.0
2.0,VER,33,Red Bull Racing,1.0,2019,12,Budapest,1.0
3.0,VET,5,Ferrari,5.0,2019,12,Budapest,5.0
4.0,LEC,16,Ferrari,4.0,2019,12,Budapest,4.0
5.0,SAI,55,McLaren,8.0,2019,12,Budapest,8.0
6.0,GAS,10,Red Bull Racing,6.0,2019,12,Budapest,6.0
7.0,RAI,7,Alfa Romeo Racing,10.0,2019,12,Budapest,10.0
8.0,BOT,77,Mercedes,2.0,2019,12,Budapest,2.0
9.0,NOR,4,McLaren,7.0,2019,12,Budapest,7.0
10.0,ALB,23,Toro Rosso,12.0,2019,12,Budapest,12.0
11.0,PER,11,Racing Point,16.0,2019,12,Budapest,17.0
12.0,HUL,27,Renault,11.0,2019,12,Budapest,11.0
13.0,MAG,20,Haas F1 Team,14.0,2019,12,Budapest,15.0
14.0,RIC,3,Renault,20.0,2019,12,Budapest,18.0
15.0,KVY,26,Toro Rosso,13.0,2019,12,Budapest,13.0
16.0,RUS,63,Williams,15.0,2019,12,Budapest,16.0
17.0,STR,18,Racing Point,18.0,2019,12,Budapest,19.0
18.0,GIO,99,Alfa Romeo Racing,17.0,2019,12,Budapest,14.0
19.0,KUB,88,Williams,19.0,2019,12,Budapest,20.0
20.0,GRO,8,Haas F1 Team,9.0,2019,12,Budapest,9.0
1.0,LEC,16,Ferrari,1.0,2019,13,Spa-Francorchamps,1.0
2.0,HAM,44,Mercedes,3.0,2019,13,Spa-Francorchamps,3.0
3.0,BOT,77,Mercedes,4.0,2019,13,Spa-Francorchamps,4.0
4.0,VET,5,Ferrari,2.0,2019,13,Spa-Francorchamps,2.0
5.0,ALB,23,Red Bull Racing,17.0,2019,13,Spa-Francorchamps,14.0
6.0,PER,11,Racing Point,7.0,2019,13,Spa-Francorchamps,9.0
7.0,KVY,26,Toro Rosso,19.0,2019,13,Spa-Francorchamps,18.0
8.0,HUL,27,Renault,12.0,2019,13,Spa-Francorchamps,7.0
9.0,GAS,10,Toro Rosso,13.0,2019,13,Spa-Francorchamps,16.0
10.0,STR,18,Racing Point,16.0,2019,13,Spa-Francorchamps,13.0
11.0,NOR,4,McLaren,11.0,2019,13,Spa-Francorchamps,12.0
12.0,MAG,20,Haas F1 Team,8.0,2019,13,Spa-Francorchamps,10.0
13.0,GRO,8,Haas F1 Team,9.0,2019,13,Spa-Francorchamps,11.0
14.0,RIC,3,Renault,10.0,2019,13,Spa-Francorchamps,6.0
15.0,RUS,63,Williams,14.0,2019,13,Spa-Francorchamps,19.0
16.0,RAI,7,Alfa Romeo Racing,6.0,2019,13,Spa-Francorchamps,8.0
17.0,KUB,88,Williams,21.0,2019,13,Spa-Francorchamps,20.0
18.0,GIO,99,Alfa Romeo Racing,18.0,2019,13,Spa-Francorchamps,15.0
19.0,SAI,55,McLaren,15.0,2019,13,Spa-Francorchamps,17.0
20.0,VER,33,Red Bull Racing,5.0,2019,13,Spa-Francorchamps,5.0
1.0,LEC,16,Ferrari,1.0,2019,14,Monza,1.0
2.0,BOT,77,Mercedes,3.0,2019,14,Monza,3.0
3.0,HAM,44,Mercedes,2.0,2019,14,Monza,2.0
4.0,RIC,3,Renault,5.0,2019,14,Monza,5.0
5.0,HUL,27,Renault,6.0,2019,14,Monza,6.0
6.0,ALB,23,Red Bull Racing,8.0,2019,14,Monza,8.0
7.0,PER,11,Racing Point,18.0,2019,14,Monza,17.0
8.0,VER,33,Red Bull Racing,19.0,2019,14,Monza,20.0
9.0,GIO,99,Alfa Romeo Racing,10.0,2019,14,Monza,11.0
10.0,NOR,4,McLaren,16.0,2019,14,Monza,14.0
11.0,GAS,10,Toro Rosso,17.0,2019,14,Monza,15.0
12.0,STR,18,Racing Point,9.0,2019,14,Monza,9.0
13.0,VET,5,Ferrari,4.0,2019,14,Monza,4.0
14.0,RUS,63,Williams,14.0,2019,14,Monza,18.0
15.0,RAI,7,Alfa Romeo Racing,21.0,2019,14,Monza,10.0
16.0,GRO,8,Haas F1 Team,13.0,2019,14,Monza,16.0
17.0,KUB,88,Williams,15.0,2019,14,Monza,19.0
18.0,MAG,20,Haas F1 Team,11.0,2019,14,Monza,12.0
19.0,KVY,26,Toro Rosso,12.0,2019,14,Monza,13.0
20.0,SAI,55,McLaren,7.0,2019,14,Monza,7.0
1.0,VET,5,Ferrari,3.0,2019,15,Singapore,3.0
2.0,LEC,16,Ferrari,1.0,2019,15,Singapore,1.0
3.0,VER,33,Red Bull Racing,4.0,2019,15,Singapore,4.0
4.0,HAM,44,Mercedes,2.0,2019,15,Singapore,2.0
5.0,BOT,77,Mercedes,5.0,2019,15,Singapore,5.0
6.0,ALB,23,Red Bull Racing,6.0,2019,15,Singapore,6.0
7.0,NOR,4,McLaren,9.0,2019,15,Singapore,9.0
8.0,GAS,10,Toro Rosso,11.0,2019,15,Singapore,12.0
9.0,HUL,27,Renault,8.0,2019,15,Singapore,8.0
10.0,GIO,99,Alfa Romeo Racing,10.0,2019,15,Singapore,11.0
11.0,GRO,8,Haas F1 Team,17.0,2019,15,Singapore,17.0
12.0,SAI,55,McLaren,7.0,2019,15,Singapore,7.0
13.0,STR,18,Racing Point,16.0,2019,15,Singapore,16.0
14.0,RIC,3,Renault,20.0,2019,15,Singapore,20.0
15.0,KVY,26,Toro Rosso,14.0,2019,15,Singapore,15.0
16.0,KUB,88,Williams,19.0,2019,15,Singapore,19.0
17.0,MAG,20,Haas F1 Team,13.0,2019,15,Singapore,14.0
18.0,RAI,7,Alfa Romeo Racing,12.0,2019,15,Singapore,13.0
19.0,PER,11,Racing Point,15.0,2019,15,Singapore,10.0
20.0,RUS,63,Williams,18.0,2019,15,Singapore,18.0
1.0,HAM,44,Mercedes,2.0,2019,16,Sochi,2.0
2.0,BOT,77,Mercedes,4.0,2019,16,Sochi,5.0
3.0,LEC,16,Ferrari,1.0,2019,16,Sochi,1.0
4.0,VER,33,Red Bull Racing,9.0,2019,16,Sochi,4.0
5.0,ALB,23,Red Bull Racing,21.0,2019,16,Sochi,19.0
6.0,SAI,55,McLaren,5.0,2019,16,Sochi,6.0
7.0,PER,11,Racing Point,11.0,2019,16,Sochi,12.0
8.0,NOR,4,McLaren,7.0,2019,16,Sochi,8.0
9.0,MAG,20,Haas F1 Team,13.0,2019,16,Sochi,14.0
10.0,HUL,27,Renault,6.0,2019,16,Sochi,7.0
11.0,STR,18,Racing Point,14.0,2019,16,Sochi,15.0
12.0,KVY,26,Toro Rosso,19.0,2019,16,Sochi,20.0
13.0,RAI,7,Alfa Romeo Racing,15.0,2019,16,Sochi,16.0
14.0,GAS,10,Toro Rosso,16.0,2019,16,Sochi,11.0
15.0,GIO,99,Alfa Romeo Racing,12.0,2019,16,Sochi,13.0
16.0,KUB,88,Williams,18.0,2019,16,Sochi,18.0
17.0,RUS,63,Williams,17.0,2019,16,Sochi,17.0
18.0,VET,5,Ferrari,3.0,2019,16,Sochi,3.0
19.0,RIC,3,Renault,10.0,2019,16,Sochi,10.0
20.0,GRO,8,Haas F1 Team,8.0,2019,16,Sochi,9.0
1.0,BOT,77,Mercedes,3.0,2019,17,Suzuka,3.0
2.0,VET,5,Ferrari,1.0,2019,17,Suzuka,1.0
3.0,HAM,44,Mercedes,4.0,2019,17,Suzuka,4.0
4.0,ALB,23,Red Bull Racing,6.0,2019,17,Suzuka,6.0
5.0,SAI,55,McLaren,7.0,2019,17,Suzuka,7.0
6.0,LEC,16,Ferrari,2.0,2019,17,Suzuka,2.0
7.0,GAS,10,Toro Rosso,9.0,2019,17,Suzuka,9.0
8.0,PER,11,Racing Point,17.0,2019,17,Suzuka,17.0
9.0,STR,18,Racing Point,12.0,2019,17,Suzuka,12.0
10.0,KVY,26,Toro Rosso,14.0,2019,17,Suzuka,14.0
11.0,NOR,4,McLaren,8.0,2019,17,Suzuka,8.0
12.0,RAI,7,Alfa Romeo Racing,13.0,2019,17,Suzuka,13.0
13.0,GRO,8,Haas F1 Team,10.0,2019,17,Suzuka,10.0
14.0,GIO,99,Alfa Romeo Racing,11.0,2019,17,Suzuka,11.0
15.0,MAG,20,Haas F1 Team,19.0,2019,17,Suzuka,19.0
16.0,RUS,63,Williams,18.0,2019,17,Suzuka,18.0
17.0,KUB,88,Williams,21.0,2019,17,Suzuka,20.0
18.0,VER,33,Red Bull Racing,5.0,2019,17,Suzuka,5.0
19.0,RIC,3,Renault,16.0,2019,17,Suzuka,16.0
20.0,HUL,27,Renault,15.0,2019,17,Suzuka,15.0
1.0,HAM,44,Mercedes,3.0,2019,18,Mexico City,4.0
2.0,VET,5,Ferrari,2.0,2019,18,Mexico City,3.0
3.0,BOT,77,Mercedes,6.0,2019,18,Mexico City,6.0
4.0,LEC,16,Ferrari,1.0,2019,18,Mexico City,2.0
5.0,ALB,23,Red Bull Racing,5.0,2019,18,Mexico City,5.0
6.0,VER,33,Red Bull Racing,4.0,2019,18,Mexico City,1.0
7.0,PER,11,Racing Point,11.0,2019,18,Mexico City,11.0
8.0,RIC,3,Renault,13.0,2019,18,Mexico City,13.0
9.0,GAS,10,Toro Rosso,10.0,2019,18,Mexico City,10.0
10.0,HUL,27,Renault,12.0,2019,18,Mexico City,12.0
11.0,KVY,26,Toro Rosso,9.0,2019,18,Mexico City,9.0
12.0,STR,18,Racing Point,16.0,2019,18,Mexico City,16.0
13.0,SAI,55,McLaren,7.0,2019,18,Mexico City,7.0
14.0,GIO,99,Alfa Romeo Racing,15.0,2019,18,Mexico City,15.0
15.0,MAG,20,Haas F1 Team,17.0,2019,18,Mexico City,17.0
16.0,RUS,63,Williams,19.0,2019,18,Mexico City,19.0
17.0,GRO,8,Haas F1 Team,18.0,2019,18,Mexico City,18.0
18.0,KUB,88,Williams,20.0,2019,18,Mexico City,20.0
19.0,RAI,7,Alfa Romeo Racing,14.0,2019,18,Mexico City,14.0
20.0,NOR,4,McLaren,8.0,2019,18,Mexico City,8.0
1.0,BOT,77,Mercedes,1.0,2019,19,Austin,1.0
2.0,HAM,44,Mercedes,5.0,2019,19,Austin,5.0
3.0,VER,33,Red Bull Racing,3.0,2019,19,Austin,3.0
4.0,LEC,16,Ferrari,4.0,2019,19,Austin,4.0
5.0,ALB,23,Red Bull Racing,6.0,2019,19,Austin,6.0
6.0,RIC,3,Renault,9.0,2019,19,Austin,9.0
7.0,NOR,4,McLaren,8.0,2019,19,Austin,8.0
8.0,SAI,55,McLaren,7.0,2019,19,Austin,7.0
9.0,HUL,27,Renault,11.0,2019,19,Austin,11.0
10.0,PER,11,Racing Point,21.0,2019,19,Austin,19.0
11.0,RAI,7,Alfa Romeo Racing,17.0,2019,19,Austin,17.0
12.0,KVY,26,Toro Rosso,13.0,2019,19,Austin,13.0
13.0,STR,18,Racing Point,14.0,2019,19,Austin,14.0
14.0,GIO,99,Alfa Romeo Racing,16.0,2019,19,Austin,16.0
15.0,GRO,8,Haas F1 Team,15.0,2019,19,Austin,15.0
16.0,GAS,10,Toro Rosso,10.0,2019,19,Austin,10.0
17.0,RUS,63,Williams,18.0,2019,19,Austin,18.0
18.0,MAG,20,Haas F1 Team,12.0,2019,19,Austin,12.0
19.0,KUB,88,Williams,19.0,2019,19,Austin,20.0
20.0,VET,5,Ferrari,2.0,2019,19,Austin,2.0
1.0,VER,33,Red Bull Racing,1.0,2019,20,São Paulo,1.0
2.0,GAS,10,Toro Rosso,6.0,2019,20,São Paulo,7.0
3.0,SAI,55,McLaren,20.0,2019,20,São Paulo,20.0
4.0,RAI,7,Alfa Romeo Racing,8.0,2019,20,São Paulo,9.0
5.0,GIO,99,Alfa Romeo Racing,12.0,2019,20,São Paulo,13.0
6.0,RIC,3,Renault,11.0,2019,20,São Paulo,12.0
7.0,HAM,44,Mercedes,3.0,2019,20,São Paulo,3.0
8.0,NOR,4,McLaren,10.0,2019,20,São Paulo,11.0
9.0,PER,11,Racing Point,15.0,2019,20,São Paulo,15.0
10.0,KVY,26,Toro Rosso,16.0,2019,20,São Paulo,16.0
11.0,MAG,20,Haas F1 Team,9.0,2019,20,São Paulo,10.0
12.0,RUS,63,Williams,18.0,2019,20,São Paulo,18.0
13.0,GRO,8,Haas F1 Team,7.0,2019,20,São Paulo,8.0
14.0,ALB,23,Red Bull Racing,5.0,2019,20,São Paulo,6.0
15.0,HUL,27,Renault,13.0,2019,20,São Paulo,14.0
16.0,KUB,88,Williams,19.0,2019,20,São Paulo,19.0
17.0,VET,5,Ferrari,2.0,2019,20,São Paulo,2.0
18.0,LEC,16,Ferrari,14.0,2019,20,São Paulo,4.0
19.0,STR,18,Racing Point,17.0,2019,20,São Paulo,17.0
20.0,BOT,77,Mercedes,4.0,2019,20,São Paulo,5.0
1.0,HAM,44,Mercedes,1.0,2019,21,Yas Island,1.0
2.0,VER,33,Red Bull Racing,2.0,2019,21,Yas Island,3.0
3.0,LEC,16,Ferrari,3.0,2019,21,Yas Island,4.0
4.0,BOT,77,Mercedes,20.0,2019,21,Yas Island,2.0
5.0,VET,5,Ferrari,4.0,2019,21,Yas Island,5.0
6.0,ALB,23,Red Bull Racing,5.0,2019,21,Yas Island,6.0
7.0,PER,11,Racing Point,10.0,2019,21,Yas Island,11.0
8.0,NOR,4,McLaren,6.0,2019,21,Yas Island,7.0
9.0,KVY,26,Toro Rosso,13.0,2019,21,Yas Island,14.0
10.0,SAI,55,McLaren,8.0,2019,21,Yas Island,9.0
11.0,RIC,3,Renault,7.0,2019,21,Yas Island,8.0
12.0,HUL,27,Renault,9.0,2019,21,Yas Island,10.0
13.0,RAI,7,Alfa Romeo Racing,17.0,2019,21,Yas Island,18.0
14.0,MAG,20,Haas F1 Team,14.0,2019,21,Yas Island,15.0
15.0,GRO,8,Haas F1 Team,15.0,2019,21,Yas Island,16.0
16.0,GIO,99,Alfa Romeo Racing,16.0,2019,21,Yas Island,17.0
17.0,RUS,63,Williams,18.0,2019,21,Yas Island,19.0
18.0,GAS,10,Toro Rosso,11.0,2019,21,Yas Island,12.0
19.0,KUB,88,Williams,19.0,2019,21,Yas Island,20.0
20.0,STR,18,Racing Point,12.0,2019,21,Yas Island,13.0
1.0,BOT,77,Mercedes,1.0,2020,1,Spielberg,1.0
2.0,LEC,16,Ferrari,7.0,2020,1,Spielberg,7.0
3.0,NOR,4,McLaren,3.0,2020,1,Spielberg,4.0
4.0,HAM,44,Mercedes,5.0,2020,1,Spielberg,2.0
5.0,SAI,55,McLaren,8.0,2020,1,Spielberg,8.0
6.0,PER,11,Racing Point,6.0,2020,1,Spielberg,6.0
7.0,GAS,10,AlphaTauri,12.0,2020,1,Spielberg,12.0
8.0,OCO,31,Renault,14.0,2020,1,Spielberg,14.0
9.0,GIO,99,Alfa Romeo Racing,18.0,2020,1,Spielberg,18.0
10.0,VET,5,Ferrari,11.0,2020,1,Spielberg,11.0
11.0,LAT,6,Williams,20.0,2020,1,Spielberg,20.0
12.0,KVY,26,AlphaTauri,13.0,2020,1,Spielberg,13.0
13.0,ALB,23,Red Bull Racing,4.0,2020,1,Spielberg,5.0
14.0,RAI,7,Alfa Romeo Racing,19.0,2020,1,Spielberg,19.0
15.0,RUS,63,Williams,17.0,2020,1,Spielberg,17.0
16.0,GRO,8,Haas F1 Team,15.0,2020,1,Spielberg,15.0
17.0,MAG,20,Haas F1 Team,16.0,2020,1,Spielberg,16.0
18.0,STR,18,Racing Point,9.0,2020,1,Spielberg,9.0
19.0,RIC,3,Renault,10.0,2020,1,Spielberg,10.0
20.0,VER,33,Red Bull Racing,2.0,2020,1,Spielberg,3.0
1.0,HAM,44,Mercedes,1.0,2020,2,Spielberg,1.0
2.0,BOT,77,Mercedes,4.0,2020,2,Spielberg,4.0
3.0,VER,33,Red Bull Racing,2.0,2020,2,Spielberg,2.0
4.0,ALB,23,Red Bull Racing,6.0,2020,2,Spielberg,7.0
5.0,NOR,4,McLaren,9.0,2020,2,Spielberg,6.0
6.0,PER,11,Racing Point,17.0,2020,2,Spielberg,17.0
7.0,STR,18,Racing Point,12.0,2020,2,Spielberg,13.0
8.0,RIC,3,Renault,8.0,2020,2,Spielberg,9.0
9.0,SAI,55,McLaren,3.0,2020,2,Spielberg,3.0
10.0,KVY,26,AlphaTauri,13.0,2020,2,Spielberg,14.0
11.0,RAI,7,Alfa Romeo Racing,16.0,2020,2,Spielberg,16.0
12.0,MAG,20,Haas F1 Team,15.0,2020,2,Spielberg,15.0
13.0,GRO,8,Haas F1 Team,21.0,2020,2,Spielberg,20.0
14.0,GIO,99,Alfa Romeo Racing,19.0,2020,2,Spielberg,19.0
15.0,GAS,10,AlphaTauri,7.0,2020,2,Spielberg,8.0
16.0,RUS,63,Williams,11.0,2020,2,Spielberg,12.0
17.0,LAT,6,Williams,18.0,2020,2,Spielberg,18.0
18.0,OCO,31,Renault,5.0,2020,2,Spielberg,5.0
19.0,LEC,16,Ferrari,14.0,2020,2,Spielberg,11.0
20.0,VET,5,Ferrari,10.0,2020,2,Spielberg,10.0
1.0,HAM,44,Mercedes,1.0,2020,3,Budapest,1.0
2.0,VER,33,Red Bull Racing,7.0,2020,3,Budapest,7.0
3.0,BOT,77,Mercedes,2.0,2020,3,Budapest,2.0
4.0,STR,18,Racing Point,3.0,2020,3,Budapest,3.0
5.0,ALB,23,Red Bull Racing,13.0,2020,3,Budapest,13.0
6.0,VET,5,Ferrari,5.0,2020,3,Budapest,5.0
7.0,PER,11,Racing Point,4.0,2020,3,Budapest,4.0
8.0,RIC,3,Renault,11.0,2020,3,Budapest,11.0
9.0,SAI,55,McLaren,9.0,2020,3,Budapest,9.0
10.0,MAG,20,Haas F1 Team,21.0,2020,3,Budapest,16.0
11.0,LEC,16,Ferrari,6.0,2020,3,Budapest,6.0
12.0,KVY,26,AlphaTauri,17.0,2020,3,Budapest,17.0
13.0,NOR,4,McLaren,8.0,2020,3,Budapest,8.0
14.0,OCO,31,Renault,14.0,2020,3,Budapest,14.0
15.0,RAI,7,Alfa Romeo Racing,20.0,2020,3,Budapest,20.0
16.0,GRO,8,Haas F1 Team,21.0,2020,3,Budapest,18.0
17.0,GIO,99,Alfa Romeo Racing,19.0,2020,3,Budapest,19.0
18.0,RUS,63,Williams,12.0,2020,3,Budapest,12.0
19.0,LAT,6,Williams,15.0,2020,3,Budapest,15.0
20.0,GAS,10,AlphaTauri,10.0,2020,3,Budapest,10.0
1.0,HAM,44,Mercedes,1.0,2020,4,Silverstone,1.0
2.0,VER,33,Red Bull Racing,3.0,2020,4,Silverstone,3.0
3.0,LEC,16,Ferrari,4.0,2020,4,Silverstone,4.0
4.0,RIC,3,Renault,8.0,2020,4,Silverstone,8.0
5.0,NOR,4,McLaren,5.0,2020,4,Silverstone,5.0
6.0,OCO,31,Renault,9.0,2020,4,Silverstone,9.0
7.0,GAS,10,AlphaTauri,11.0,2020,4,Silverstone,11.0
8.0,ALB,23,Red Bull Racing,12.0,2020,4,Silverstone,12.0
9.0,STR,18,Racing Point,6.0,2020,4,Silverstone,6.0
10.0,VET,5,Ferrari,10.0,2020,4,Silverstone,10.0
11.0,BOT,77,Mercedes,2.0,2020,4,Silverstone,2.0
12.0,RUS,63,Williams,20.0,2020,4,Silverstone,15.0
13.0,SAI,55,McLaren,7.0,2020,4,Silverstone,7.0
14.0,GIO,99,Alfa Romeo Racing,15.0,2020,4,Silverstone,17.0
15.0,LAT,6,Williams,18.0,2020,4,Silverstone,20.0
16.0,GRO,8,Haas F1 Team,17.0,2020,4,Silverstone,19.0
17.0,RAI,7,Alfa Romeo Racing,16.0,2020,4,Silverstone,18.0
18.0,KVY,26,AlphaTauri,19.0,2020,4,Silverstone,14.0
19.0,MAG,20,Haas F1 Team,14.0,2020,4,Silverstone,16.0
20.0,HUL,27,Racing Point,13.0,2020,4,Silverstone,13.0
1.0,VER,33,Red Bull Racing,4.0,2020,5,Silverstone,4.0
2.0,HAM,44,Mercedes,2.0,2020,5,Silverstone,2.0
3.0,BOT,77,Mercedes,1.0,2020,5,Silverstone,1.0
4.0,LEC,16,Ferrari,8.0,2020,5,Silverstone,8.0
5.0,ALB,23,Red Bull Racing,9.0,2020,5,Silverstone,9.0
6.0,STR,18,Racing Point,6.0,2020,5,Silverstone,6.0
7.0,HUL,27,Racing Point,3.0,2020,5,Silverstone,3.0
8.0,OCO,31,Renault,14.0,2020,5,Silverstone,11.0
9.0,NOR,4,McLaren,10.0,2020,5,Silverstone,10.0
10.0,KVY,26,AlphaTauri,16.0,2020,5,Silverstone,16.0
11.0,GAS,10,AlphaTauri,7.0,2020,5,Silverstone,7.0
12.0,VET,5,Ferrari,11.0,2020,5,Silverstone,12.0
13.0,SAI,55,McLaren,12.0,2020,5,Silverstone,13.0
14.0,RIC,3,Renault,5.0,2020,5,Silverstone,5.0
15.0,RAI,7,Alfa Romeo Racing,20.0,2020,5,Silverstone,20.0
16.0,GRO,8,Haas F1 Team,13.0,2020,5,Silverstone,14.0
17.0,GIO,99,Alfa Romeo Racing,19.0,2020,5,Silverstone,19.0
18.0,RUS,63,Williams,15.0,2020,5,Silverstone,15.0
19.0,LAT,6,Williams,18.0,2020,5,Silverstone,18.0
20.0,MAG,20,Haas F1 Team,17.0,2020,5,Silverstone,17.0
1.0,HAM,44,Mercedes,1.0,2020,6,Barcelona,1.0
2.0,VER,33,Red Bull Racing,3.0,2020,6,Barcelona,3.0
3.0,BOT,77,Mercedes,2.0,2020,6,Barcelona,2.0
4.0,STR,18,Racing Point,5.0,2020,6,Barcelona,5.0
5.0,PER,11,Racing Point,4.0,2020,6,Barcelona,4.0
6.0,SAI,55,McLaren,7.0,2020,6,Barcelona,7.0
7.0,VET,5,Ferrari,11.0,2020,6,Barcelona,11.0
8.0,ALB,23,Red Bull Racing,6.0,2020,6,Barcelona,6.0
9.0,GAS,10,AlphaTauri,10.0,2020,6,Barcelona,10.0
10.0,NOR,4,McLaren,8.0,2020,6,Barcelona,8.0
11.0,RIC,3,Renault,13.0,2020,6,Barcelona,13.0
12.0,KVY,26,AlphaTauri,12.0,2020,6,Barcelona,12.0
13.0,OCO,31,Renault,15.0,2020,6,Barcelona,15.0
14.0,RAI,7,Alfa Romeo Racing,14.0,2020,6,Barcelona,14.0
15.0,MAG,20,Haas F1 Team,16.0,2020,6,Barcelona,16.0
16.0,GIO,99,Alfa Romeo Racing,20.0,2020,6,Barcelona,20.0
17.0,RUS,63,Williams,18.0,2020,6,Barcelona,18.0
18.0,LAT,6,Williams,19.0,2020,6,Barcelona,19.0
19.0,GRO,8,Haas F1 Team,17.0,2020,6,Barcelona,17.0
20.0,LEC,16,Ferrari,9.0,2020,6,Barcelona,9.0
1.0,HAM,44,Mercedes,1.0,2020,7,Spa-Francorchamps,1.0
2.0,BOT,77,Mercedes,2.0,2020,7,Spa-Francorchamps,2.0
3.0,VER,33,Red Bull Racing,3.0,2020,7,Spa-Francorchamps,3.0
4.0,RIC,3,Renault,4.0,2020,7,Spa-Francorchamps,4.0
5.0,OCO,31,Renault,6.0,2020,7,Spa-Francorchamps,6.0
6.0,ALB,23,Red Bull Racing,5.0,2020,7,Spa-Francorchamps,5.0
7.0,NOR,4,McLaren,10.0,2020,7,Spa-Francorchamps,10.0
8.0,GAS,10,AlphaTauri,12.0,2020,7,Spa-Francorchamps,12.0
9.0,STR,18,Racing Point,9.0,2020,7,Spa-Francorchamps,9.0
10.0,PER,11,Racing Point,8.0,2020,7,Spa-Francorchamps,8.0
11.0,KVY,26,AlphaTauri,11.0,2020,7,Spa-Francorchamps,11.0
12.0,RAI,7,Alfa Romeo Racing,16.0,2020,7,Spa-Francorchamps,16.0
13.0,VET,5,Ferrari,14.0,2020,7,Spa-Francorchamps,14.0
14.0,LEC,16,Ferrari,13.0,2020,7,Spa-Francorchamps,13.0
15.0,GRO,8,Haas F1 Team,17.0,2020,7,Spa-Francorchamps,17.0
16.0,LAT,6,Williams,19.0,2020,7,Spa-Francorchamps,19.0
17.0,MAG,20,Haas F1 Team,20.0,2020,7,Spa-Francorchamps,20.0
18.0,GIO,99,Alfa Romeo Racing,18.0,2020,7,Spa-Francorchamps,18.0
19.0,RUS,63,Williams,15.0,2020,7,Spa-Francorchamps,15.0
20.0,SAI,55,McLaren,7.0,2020,7,Spa-Francorchamps,7.0
1.0,GAS,10,AlphaTauri,10.0,2020,8,Monza,10.0
2.0,SAI,55,McLaren,3.0,2020,8,Monza,3.0
3.0,STR,18,Racing Point,8.0,2020,8,Monza,8.0
4.0,NOR,4,McLaren,6.0,2020,8,Monza,6.0
5.0,BOT,77,Mercedes,2.0,2020,8,Monza,2.0
6.0,RIC,3,Renault,7.0,2020,8,Monza,7.0
7.0,HAM,44,Mercedes,1.0,2020,8,Monza,1.0
8.0,OCO,31,Renault,12.0,2020,8,Monza,12.0
9.0,KVY,26,AlphaTauri,11.0,2020,8,Monza,11.0
10.0,PER,11,Racing Point,4.0,2020,8,Monza,4.0
11.0,LAT,6,Williams,20.0,2020,8,Monza,20.0
12.0,GRO,8,Haas F1 Team,16.0,2020,8,Monza,16.0
13.0,RAI,7,Alfa Romeo Racing,14.0,2020,8,Monza,14.0
14.0,RUS,63,Williams,19.0,2020,8,Monza,19.0
15.0,ALB,23,Red Bull Racing,9.0,2020,8,Monza,9.0
16.0,GIO,99,Alfa Romeo Racing,18.0,2020,8,Monza,18.0
17.0,VER,33,Red Bull Racing,5.0,2020,8,Monza,5.0
18.0,LEC,16,Ferrari,13.0,2020,8,Monza,13.0
19.0,MAG,20,Haas F1 Team,15.0,2020,8,Monza,15.0
20.0,VET,5,Ferrari,17.0,2020,8,Monza,17.0
1.0,HAM,44,Mercedes,1.0,2020,9,Mugello,1.0
2.0,BOT,77,Mercedes,2.0,2020,9,Mugello,2.0
3.0,ALB,23,Red Bull Racing,4.0,2020,9,Mugello,4.0
4.0,RIC,3,Renault,8.0,2020,9,Mugello,8.0
5.0,PER,11,Racing Point,7.0,2020,9,Mugello,6.0
6.0,NOR,4,McLaren,11.0,2020,9,Mugello,11.0
7.0,KVY,26,AlphaTauri,12.0,2020,9,Mugello,12.0
8.0,LEC,16,Ferrari,5.0,2020,9,Mugello,5.0
9.0,RAI,7,Alfa Romeo Racing,13.0,2020,9,Mugello,13.0
10.0,VET,5,Ferrari,14.0,2020,9,Mugello,14.0
11.0,RUS,63,Williams,18.0,2020,9,Mugello,18.0
12.0,GRO,8,Haas F1 Team,15.0,2020,9,Mugello,15.0
13.0,STR,18,Racing Point,6.0,2020,9,Mugello,7.0
14.0,OCO,31,Renault,10.0,2020,9,Mugello,10.0
15.0,LAT,6,Williams,19.0,2020,9,Mugello,19.0
16.0,MAG,20,Haas F1 Team,20.0,2020,9,Mugello,20.0
17.0,GIO,99,Alfa Romeo Racing,17.0,2020,9,Mugello,17.0
18.0,SAI,55,McLaren,9.0,2020,9,Mugello,9.0
19.0,VER,33,Red Bull Racing,3.0,2020,9,Mugello,3.0
20.0,GAS,10,AlphaTauri,16.0,2020,9,Mugello,16.0
1.0,BOT,77,Mercedes,3.0,2020,10,Sochi,3.0
2.0,VER,33,Red Bull Racing,2.0,2020,10,Sochi,2.0
3.0,HAM,44,Mercedes,1.0,2020,10,Sochi,1.0
4.0,PER,11,Racing Point,4.0,2020,10,Sochi,4.0
5.0,RIC,3,Renault,5.0,2020,10,Sochi,5.0
6.0,LEC,16,Ferrari,10.0,2020,10,Sochi,11.0
7.0,OCO,31,Renault,7.0,2020,10,Sochi,7.0
8.0,KVY,26,AlphaTauri,11.0,2020,10,Sochi,12.0
9.0,GAS,10,AlphaTauri,9.0,2020,10,Sochi,9.0
10.0,ALB,23,Red Bull Racing,15.0,2020,10,Sochi,10.0
11.0,GIO,99,Alfa Romeo Racing,17.0,2020,10,Sochi,17.0
12.0,MAG,20,Haas F1 Team,18.0,2020,10,Sochi,18.0
13.0,VET,5,Ferrari,14.0,2020,10,Sochi,15.0
14.0,RAI,7,Alfa Romeo Racing,19.0,2020,10,Sochi,20.0
15.0,NOR,4,McLaren,8.0,2020,10,Sochi,8.0
16.0,LAT,6,Williams,20.0,2020,10,Sochi,19.0
17.0,GRO,8,Haas F1 Team,16.0,2020,10,Sochi,16.0
18.0,RUS,63,Williams,13.0,2020,10,Sochi,14.0
19.0,SAI,55,McLaren,6.0,2020,10,Sochi,6.0
20.0,STR,18,Racing Point,12.0,2020,10,Sochi,13.0
1.0,HAM,44,Mercedes,2.0,2020,11,Nürburgring,2.0
2.0,VER,33,Red Bull Racing,3.0,2020,11,Nürburgring,3.0
3.0,RIC,3,Renault,6.0,2020,11,Nürburgring,6.0
4.0,PER,11,Racing Point,9.0,2020,11,Nürburgring,9.0
5.0,SAI,55,McLaren,10.0,2020,11,Nürburgring,10.0
6.0,GAS,10,AlphaTauri,12.0,2020,11,Nürburgring,12.0
7.0,LEC,16,Ferrari,4.0,2020,11,Nürburgring,4.0
8.0,HUL,27,Racing Point,20.0,2020,11,Nürburgring,20.0
9.0,GRO,8,Haas F1 Team,16.0,2020,11,Nürburgring,16.0
10.0,GIO,99,Alfa Romeo Racing,14.0,2020,11,Nürburgring,14.0
11.0,VET,5,Ferrari,11.0,2020,11,Nürburgring,11.0
12.0,RAI,7,Alfa Romeo Racing,19.0,2020,11,Nürburgring,19.0
13.0,MAG,20,Haas F1 Team,15.0,2020,11,Nürburgring,15.0
14.0,LAT,6,Williams,18.0,2020,11,Nürburgring,18.0
15.0,KVY,26,AlphaTauri,13.0,2020,11,Nürburgring,13.0
16.0,NOR,4,McLaren,8.0,2020,11,Nürburgring,8.0
17.0,ALB,23,Red Bull Racing,5.0,2020,11,Nürburgring,5.0
18.0,OCO,31,Renault,7.0,2020,11,Nürburgring,7.0
19.0,BOT,77,Mercedes,1.0,2020,11,Nürburgring,1.0
20.0,RUS,63,Williams,17.0,2020,11,Nürburgring,17.0
1.0,HAM,44,Mercedes,1.0,2020,12,Portimão,1.0
2.0,BOT,77,Mercedes,2.0,2020,12,Portimão,2.0
3.0,VER,33,Red Bull Racing,3.0,2020,12,Portimão,3.0
4.0,LEC,16,Ferrari,4.0,2020,12,Portimão,4.0
5.0,GAS,10,AlphaTauri,9.0,2020,12,Portimão,9.0
6.0,SAI,55,McLaren,7.0,2020,12,Portimão,7.0
7.0,PER,11,Racing Point,5.0,2020,12,Portimão,5.0
8.0,OCO,31,Renault,11.0,2020,12,Portimão,11.0
9.0,RIC,3,Renault,10.0,2020,12,Portimão,10.0
10.0,VET,5,Ferrari,15.0,2020,12,Portimão,15.0
11.0,RAI,7,Alfa Romeo Racing,16.0,2020,12,Portimão,16.0
12.0,ALB,23,Red Bull Racing,6.0,2020,12,Portimão,6.0
13.0,NOR,4,McLaren,8.0,2020,12,Portimão,8.0
14.0,RUS,63,Williams,14.0,2020,12,Portimão,14.0
15.0,GIO,99,Alfa Romeo Racing,17.0,2020,12,Portimão,17.0
16.0,MAG,20,Haas F1 Team,19.0,2020,12,Portimão,19.0
17.0,GRO,8,Haas F1 Team,18.0,2020,12,Portimão,18.0
18.0,LAT,6,Williams,20.0,2020,12,Portimão,20.0
19.0,KVY,26,AlphaTauri,13.0,2020,12,Portimão,13.0
20.0,STR,18,Racing Point,12.0,2020,12,Portimão,12.0
1.0,HAM,44,Mercedes,2.0,2020,13,Imola,2.0
2.0,BOT,77,Mercedes,1.0,2020,13,Imola,1.0
3.0,RIC,3,Renault,5.0,2020,13,Imola,5.0
4.0,KVY,26,AlphaTauri,8.0,2020,13,Imola,8.0
5.0,LEC,16,Ferrari,7.0,2020,13,Imola,7.0
6.0,PER,11,Racing Point,11.0,2020,13,Imola,11.0
7.0,SAI,55,McLaren,10.0,2020,13,Imola,10.0
8.0,NOR,4,McLaren,9.0,2020,13,Imola,9.0
9.0,RAI,7,Alfa Romeo Racing,18.0,2020,13,Imola,18.0
10.0,GIO,99,Alfa Romeo Racing,20.0,2020,13,Imola,20.0
11.0,LAT,6,Williams,19.0,2020,13,Imola,19.0
12.0,VET,5,Ferrari,14.0,2020,13,Imola,14.0
13.0,STR,18,Racing Point,15.0,2020,13,Imola,15.0
14.0,GRO,8,Haas F1 Team,16.0,2020,13,Imola,16.0
15.0,ALB,23,Red Bull Racing,6.0,2020,13,Imola,6.0
16.0,RUS,63,Williams,13.0,2020,13,Imola,13.0
17.0,VER,33,Red Bull Racing,3.0,2020,13,Imola,3.0
18.0,MAG,20,Haas F1 Team,17.0,2020,13,Imola,17.0
19.0,OCO,31,Renault,12.0,2020,13,Imola,12.0
20.0,GAS,10,AlphaTauri,4.0,2020,13,Imola,4.0
1.0,HAM,44,Mercedes,6.0,2020,14,Istanbul,6.0
2.0,PER,11,Racing Point,3.0,2020,14,Istanbul,3.0
3.0,VET,5,Ferrari,11.0,2020,14,Istanbul,12.0
4.0,LEC,16,Ferrari,12.0,2020,14,Istanbul,14.0
5.0,SAI,55,McLaren,15.0,2020,14,Istanbul,13.0
6.0,VER,33,Red Bull Racing,2.0,2020,14,Istanbul,2.0
7.0,ALB,23,Red Bull Racing,4.0,2020,14,Istanbul,4.0
8.0,NOR,4,McLaren,14.0,2020,14,Istanbul,11.0
9.0,STR,18,Racing Point,1.0,2020,14,Istanbul,1.0
10.0,RIC,3,Renault,5.0,2020,14,Istanbul,5.0
11.0,OCO,31,Renault,7.0,2020,14,Istanbul,7.0
12.0,KVY,26,AlphaTauri,16.0,2020,14,Istanbul,17.0
13.0,GAS,10,AlphaTauri,19.0,2020,14,Istanbul,15.0
14.0,BOT,77,Mercedes,9.0,2020,14,Istanbul,9.0
15.0,RAI,7,Alfa Romeo Racing,8.0,2020,14,Istanbul,8.0
16.0,RUS,63,Williams,21.0,2020,14,Istanbul,18.0
17.0,MAG,20,Haas F1 Team,13.0,2020,14,Istanbul,16.0
18.0,GRO,8,Haas F1 Team,17.0,2020,14,Istanbul,19.0
19.0,LAT,6,Williams,21.0,2020,14,Istanbul,20.0
20.0,GIO,99,Alfa Romeo Racing,10.0,2020,14,Istanbul,10.0
1.0,HAM,44,Mercedes,1.0,2020,15,Sakhir,1.0
2.0,VER,33,Red Bull Racing,3.0,2020,15,Sakhir,3.0
3.0,ALB,23,Red Bull Racing,4.0,2020,15,Sakhir,4.0
4.0,NOR,4,McLaren,9.0,2020,15,Sakhir,9.0
5.0,SAI,55,McLaren,15.0,2020,15,Sakhir,15.0
6.0,GAS,10,AlphaTauri,8.0,2020,15,Sakhir,8.0
7.0,RIC,3,Renault,6.0,2020,15,Sakhir,6.0
8.0,BOT,77,Mercedes,2.0,2020,15,Sakhir,2.0
9.0,OCO,31,Renault,7.0,2020,15,Sakhir,7.0
10.0,LEC,16,Ferrari,12.0,2020,15,Sakhir,12.0
11.0,KVY,26,AlphaTauri,10.0,2020,15,Sakhir,10.0
12.0,RUS,63,Williams,14.0,2020,15,Sakhir,14.0
13.0,VET,5,Ferrari,11.0,2020,15,Sakhir,11.0
14.0,LAT,6,Williams,20.0,2020,15,Sakhir,20.0
15.0,RAI,7,Alfa Romeo Racing,17.0,2020,15,Sakhir,17.0
16.0,GIO,99,Alfa Romeo Racing,16.0,2020,15,Sakhir,16.0
17.0,MAG,20,Haas F1 Team,18.0,2020,15,Sakhir,18.0
18.0,PER,11,Racing Point,5.0,2020,15,Sakhir,5.0
19.0,STR,18,Racing Point,13.0,2020,15,Sakhir,13.0
20.0,GRO,8,Haas F1 Team,19.0,2020,15,Sakhir,19.0
1.0,PER,11,Racing Point,5.0,2020,16,Sakhir,5.0
2.0,OCO,31,Renault,11.0,2020,16,Sakhir,11.0
3.0,STR,18,Racing Point,10.0,2020,16,Sakhir,10.0
4.0,SAI,55,McLaren,8.0,2020,16,Sakhir,8.0
5.0,RIC,3,Renault,7.0,2020,16,Sakhir,7.0
6.0,ALB,23,Red Bull Racing,12.0,2020,16,Sakhir,12.0
7.0,KVY,26,AlphaTauri,6.0,2020,16,Sakhir,6.0
8.0,BOT,77,Mercedes,1.0,2020,16,Sakhir,1.0
9.0,RUS,63,Mercedes,2.0,2020,16,Sakhir,2.0
10.0,NOR,4,McLaren,19.0,2020,16,Sakhir,15.0
11.0,GAS,10,AlphaTauri,9.0,2020,16,Sakhir,9.0
12.0,VET,5,Ferrari,13.0,2020,16,Sakhir,13.0
13.0,GIO,99,Alfa Romeo Racing,14.0,2020,16,Sakhir,14.0
14.0,RAI,7,Alfa Romeo Racing,18.0,2020,16,Sakhir,19.0
15.0,MAG,20,Haas F1 Team,15.0,2020,16,Sakhir,16.0
16.0,AIT,89,Williams,17.0,2020,16,Sakhir,18.0
17.0,FIT,51,Haas F1 Team,20.0,2020,16,Sakhir,20.0
18.0,LAT,6,Williams,16.0,2020,16,Sakhir,17.0
19.0,VER,33,Red Bull Racing,3.0,2020,16,Sakhir,3.0
20.0,LEC,16,Ferrari,4.0,2020,16,Sakhir,4.0
1.0,VER,33,Red Bull Racing,1.0,2020,17,Yas Island,1.0
2.0,BOT,77,Mercedes,2.0,2020,17,Yas Island,2.0
3.0,HAM,44,Mercedes,3.0,2020,17,Yas Island,3.0
4.0,ALB,23,Red Bull Racing,5.0,2020,17,Yas Island,5.0
5.0,NOR,4,McLaren,4.0,2020,17,Yas Island,4.0
6.0,SAI,55,McLaren,6.0,2020,17,Yas Island,6.0
7.0,RIC,3,Renault,11.0,2020,17,Yas Island,12.0
8.0,GAS,10,AlphaTauri,9.0,2020,17,Yas Island,10.0
9.0,OCO,31,Renault,10.0,2020,17,Yas Island,11.0
10.0,STR,18,Racing Point,8.0,2020,17,Yas Island,8.0
11.0,KVY,26,AlphaTauri,7.0,2020,17,Yas Island,7.0
12.0,RAI,7,Alfa Romeo Racing,15.0,2020,17,Yas Island,16.0
13.0,LEC,16,Ferrari,12.0,2020,17,Yas Island,9.0
14.0,VET,5,Ferrari,13.0,2020,17,Yas Island,13.0
15.0,RUS,63,Williams,16.0,2020,17,Yas Island,18.0
16.0,GIO,99,Alfa Romeo Racing,14.0,2020,17,Yas Island,14.0
17.0,LAT,6,Williams,18.0,2020,17,Yas Island,20.0
18.0,MAG,20,Haas F1 Team,20.0,2020,17,Yas Island,17.0
19.0,FIT,51,Haas F1 Team,17.0,2020,17,Yas Island,19.0
20.0,PER,11,Racing Point,19.0,2020,17,Yas Island,15.0
1.0,HAM,44,Mercedes,2.0,2021,1,Sakhir,2.0
2.0,VER,33,Red Bull Racing,1.0,2021,1,Sakhir,1.0
3.0,BOT,77,Mercedes,3.0,2021,1,Sakhir,3.0
4.0,NOR,4,McLaren,7.0,2021,1,Sakhir,7.0
5.0,PER,11,Red Bull Racing,21.0,2021,1,Sakhir,11.0
6.0,LEC,16,Ferrari,4.0,2021,1,Sakhir,4.0
7.0,RIC,3,McLaren,6.0,2021,1,Sakhir,6.0
8.0,SAI,55,Ferrari,8.0,2021,1,Sakhir,8.0
9.0,TSU,22,AlphaTauri,13.0,2021,1,Sakhir,13.0
10.0,STR,18,Aston Martin,10.0,2021,1,Sakhir,10.0
11.0,RAI,7,Alfa Romeo Racing,14.0,2021,1,Sakhir,14.0
12.0,GIO,99,Alfa Romeo Racing,12.0,2021,1,Sakhir,12.0
13.0,OCO,31,Alpine,16.0,2021,1,Sakhir,16.0
14.0,RUS,63,Williams,15.0,2021,1,Sakhir,15.0
15.0,VET,5,Aston Martin,20.0,2021,1,Sakhir,18.0
16.0,MSC,47,Haas F1 Team,18.0,2021,1,Sakhir,19.0
17.0,GAS,10,AlphaTauri,5.0,2021,1,Sakhir,5.0
18.0,LAT,6,Williams,17.0,2021,1,Sakhir,17.0
19.0,ALO,14,Alpine,9.0,2021,1,Sakhir,9.0
20.0,MAZ,9,Haas F1 Team,19.0,2021,1,Sakhir,20.0
1.0,VER,33,Red Bull Racing,3.0,2021,2,Imola,3.0
2.0,HAM,44,Mercedes,1.0,2021,2,Imola,1.0
3.0,NOR,4,McLaren,7.0,2021,2,Imola,7.0
4.0,LEC,16,Ferrari,4.0,2021,2,Imola,4.0
5.0,SAI,55,Ferrari,11.0,2021,2,Imola,11.0
6.0,RIC,3,McLaren,6.0,2021,2,Imola,6.0
7.0,GAS,10,AlphaTauri,5.0,2021,2,Imola,5.0
8.0,STR,18,Aston Martin,10.0,2021,2,Imola,10.0
9.0,OCO,31,Alpine,9.0,2021,2,Imola,9.0
10.0,ALO,14,Alpine,15.0,2021,2,Imola,15.0
11.0,PER,11,Red Bull Racing,2.0,2021,2,Imola,2.0
12.0,TSU,22,AlphaTauri,20.0,2021,2,Imola,20.0
13.0,RAI,7,Alfa Romeo Racing,16.0,2021,2,Imola,16.0
14.0,GIO,99,Alfa Romeo Racing,17.0,2021,2,Imola,17.0
15.0,VET,5,Aston Martin,21.0,2021,2,Imola,13.0
16.0,MSC,47,Haas F1 Team,18.0,2021,2,Imola,18.0
17.0,MAZ,9,Haas F1 Team,19.0,2021,2,Imola,19.0
18.0,BOT,77,Mercedes,8.0,2021,2,Imola,8.0
19.0,RUS,63,Williams,12.0,2021,2,Imola,12.0
20.0,LAT,6,Williams,14.0,2021,2,Imola,14.0
1.0,HAM,44,Mercedes,2.0,2021,3,Portimão,2.0
2.0,VER,33,Red Bull Racing,3.0,2021,3,Portimão,3.0
3.0,BOT,77,Mercedes,1.0,2021,3,Portimão,1.0
4.0,PER,11,Red Bull Racing,4.0,2021,3,Portimão,4.0
5.0,NOR,4,McLaren,7.0,2021,3,Portimão,7.0
6.0,LEC,16,Ferrari,8.0,2021,3,Portimão,8.0
7.0,OCO,31,Alpine,6.0,2021,3,Portimão,6.0
8.0,ALO,14,Alpine,13.0,2021,3,Portimão,13.0
9.0,RIC,3,McLaren,16.0,2021,3,Portimão,16.0
10.0,GAS,10,AlphaTauri,9.0,2021,3,Portimão,9.0
11.0,SAI,55,Ferrari,5.0,2021,3,Portimão,5.0
12.0,GIO,99,Alfa Romeo Racing,12.0,2021,3,Portimão,12.0
13.0,VET,5,Aston Martin,10.0,2021,3,Portimão,10.0
14.0,STR,18,Aston Martin,17.0,2021,3,Portimão,17.0
15.0,TSU,22,AlphaTauri,14.0,2021,3,Portimão,14.0
16.0,RUS,63,Williams,11.0,2021,3,Portimão,11.0
17.0,MSC,47,Haas F1 Team,19.0,2021,3,Portimão,19.0
18.0,LAT,6,Williams,18.0,2021,3,Portimão,18.0
19.0,MAZ,9,Haas F1 Team,20.0,2021,3,Portimão,20.0
20.0,RAI,7,Alfa Romeo Racing,15.0,2021,3,Portimão,15.0
1.0,HAM,44,Mercedes,1.0,2021,4,Barcelona,1.0
2.0,VER,33,Red Bull Racing,2.0,2021,4,Barcelona,2.0
3.0,BOT,77,Mercedes,3.0,2021,4,Barcelona,3.0
4.0,LEC,16,Ferrari,4.0,2021,4,Barcelona,4.0
5.0,PER,11,Red Bull Racing,8.0,2021,4,Barcelona,8.0
6.0,RIC,3,McLaren,7.0,2021,4,Barcelona,7.0
7.0,SAI,55,Ferrari,6.0,2021,4,Barcelona,6.0
8.0,NOR,4,McLaren,9.0,2021,4,Barcelona,9.0
9.0,OCO,31,Alpine,5.0,2021,4,Barcelona,5.0
10.0,GAS,10,AlphaTauri,12.0,2021,4,Barcelona,12.0
11.0,STR,18,Aston Martin,11.0,2021,4,Barcelona,11.0
12.0,RAI,7,Alfa Romeo Racing,17.0,2021,4,Barcelona,17.0
13.0,VET,5,Aston Martin,13.0,2021,4,Barcelona,13.0
14.0,RUS,63,Williams,15.0,2021,4,Barcelona,15.0
15.0,GIO,99,Alfa Romeo Racing,14.0,2021,4,Barcelona,14.0
16.0,LAT,6,Williams,19.0,2021,4,Barcelona,19.0
17.0,ALO,14,Alpine,10.0,2021,4,Barcelona,10.0
18.0,MSC,47,Haas F1 Team,18.0,2021,4,Barcelona,18.0
19.0,MAZ,9,Haas F1 Team,20.0,2021,4,Barcelona,20.0
20.0,TSU,22,AlphaTauri,16.0,2021,4,Barcelona,16.0
1.0,VER,33,Red Bull Racing,2.0,2021,5,Monte Carlo,2.0
2.0,SAI,55,Ferrari,4.0,2021,5,Monte Carlo,4.0
3.0,NOR,4,McLaren,5.0,2021,5,Monte Carlo,5.0
4.0,PER,11,Red Bull Racing,9.0,2021,5,Monte Carlo,9.0
5.0,VET,5,Aston Martin,8.0,2021,5,Monte Carlo,8.0
6.0,GAS,10,AlphaTauri,6.0,2021,5,Monte Carlo,6.0
7.0,HAM,44,Mercedes,7.0,2021,5,Monte Carlo,7.0
8.0,STR,18,Aston Martin,13.0,2021,5,Monte Carlo,13.0
9.0,OCO,31,Alpine,11.0,2021,5,Monte Carlo,11.0
10.0,GIO,99,Alfa Romeo Racing,10.0,2021,5,Monte Carlo,10.0
11.0,RAI,7,Alfa Romeo Racing,14.0,2021,5,Monte Carlo,14.0
12.0,RIC,3,McLaren,12.0,2021,5,Monte Carlo,12.0
13.0,ALO,14,Alpine,17.0,2021,5,Monte Carlo,17.0
14.0,RUS,63,Williams,15.0,2021,5,Monte Carlo,15.0
15.0,LAT,6,Williams,18.0,2021,5,Monte Carlo,18.0
16.0,TSU,22,AlphaTauri,16.0,2021,5,Monte Carlo,16.0
17.0,MAZ,9,Haas F1 Team,19.0,2021,5,Monte Carlo,19.0
19.0,BOT,77,Mercedes,3.0,2021,5,Monte Carlo,3.0
20.0,LEC,16,Ferrari,1.0,2021,5,Monte Carlo,1.0
1.0,PER,11,Red Bull Racing,6.0,2021,6,Baku,7.0
2.0,VET,5,Aston Martin,11.0,2021,6,Baku,11.0
3.0,GAS,10,AlphaTauri,4.0,2021,6,Baku,4.0
4.0,LEC,16,Ferrari,1.0,2021,6,Baku,1.0
5.0,NOR,4,McLaren,9.0,2021,6,Baku,6.0
6.0,ALO,14,Alpine,8.0,2021,6,Baku,9.0
7.0,TSU,22,AlphaTauri,7.0,2021,6,Baku,8.0
8.0,SAI,55,Ferrari,5.0,2021,6,Baku,5.0
9.0,RIC,3,McLaren,13.0,2021,6,Baku,13.0
10.0,RAI,7,Alfa Romeo Racing,14.0,2021,6,Baku,14.0
11.0,GIO,99,Alfa Romeo Racing,20.0,2021,6,Baku,20.0
12.0,BOT,77,Mercedes,10.0,2021,6,Baku,10.0
13.0,MSC,47,Haas F1 Team,17.0,2021,6,Baku,17.0
14.0,MAZ,9,Haas F1 Team,18.0,2021,6,Baku,18.0
15.0,HAM,44,Mercedes,2.0,2021,6,Baku,2.0
16.0,LAT,6,Williams,16.0,2021,6,Baku,16.0
17.0,RUS,63,Williams,15.0,2021,6,Baku,15.0
18.0,VER,33,Red Bull Racing,3.0,2021,6,Baku,3.0
19.0,STR,18,Aston Martin,19.0,2021,6,Baku,19.0
20.0,OCO,31,Alpine,12.0,2021,6,Baku,12.0
1.0,VER,33,Red Bull Racing,1.0,2021,7,Le Castellet,1.0
2.0,HAM,44,Mercedes,2.0,2021,7,Le Castellet,2.0
3.0,PER,11,Red Bull Racing,4.0,2021,7,Le Castellet,4.0
4.0,BOT,77,Mercedes,3.0,2021,7,Le Castellet,3.0
5.0,NOR,4,McLaren,8.0,2021,7,Le Castellet,8.0
6.0,RIC,3,McLaren,10.0,2021,7,Le Castellet,10.0
7.0,GAS,10,AlphaTauri,6.0,2021,7,Le Castellet,6.0
8.0,ALO,14,Alpine,9.0,2021,7,Le Castellet,9.0
9.0,VET,5,Aston Martin,12.0,2021,7,Le Castellet,12.0
10.0,STR,18,Aston Martin,19.0,2021,7,Le Castellet,19.0
11.0,SAI,55,Ferrari,5.0,2021,7,Le Castellet,5.0
12.0,RUS,63,Williams,14.0,2021,7,Le Castellet,14.0
13.0,TSU,22,AlphaTauri,21.0,2021,7,Le Castellet,20.0
14.0,OCO,31,Alpine,11.0,2021,7,Le Castellet,11.0
15.0,GIO,99,Alfa Romeo Racing,13.0,2021,7,Le Castellet,13.0
16.0,LEC,16,Ferrari,7.0,2021,7,Le Castellet,7.0
17.0,RAI,7,Alfa Romeo Racing,17.0,2021,7,Le Castellet,17.0
18.0,LAT,6,Williams,16.0,2021,7,Le Castellet,16.0
19.0,MSC,47,Haas F1 Team,15.0,2021,7,Le Castellet,15.0
20.0,MAZ,9,Haas F1 Team,18.0,2021,7,Le Castellet,18.0
1.0,VER,33,Red Bull Racing,1.0,2021,8,Spielberg,1.0
2.0,HAM,44,Mercedes,2.0,2021,8,Spielberg,3.0
3.0,BOT,77,Mercedes,5.0,2021,8,Spielberg,2.0
4.0,PER,11,Red Bull Racing,4.0,2021,8,Spielberg,5.0
5.0,NOR,4,McLaren,3.0,2021,8,Spielberg,4.0
6.0,SAI,55,Ferrari,12.0,2021,8,Spielberg,12.0
7.0,LEC,16,Ferrari,7.0,2021,8,Spielberg,7.0
8.0,STR,18,Aston Martin,9.0,2021,8,Spielberg,10.0
9.0,ALO,14,Alpine,8.0,2021,8,Spielberg,9.0
10.0,TSU,22,AlphaTauri,11.0,2021,8,Spielberg,8.0
11.0,RAI,7,Alfa Romeo Racing,18.0,2021,8,Spielberg,18.0
12.0,VET,5,Aston Martin,14.0,2021,8,Spielberg,14.0
13.0,RIC,3,McLaren,13.0,2021,8,Spielberg,13.0
14.0,OCO,31,Alpine,17.0,2021,8,Spielberg,17.0
15.0,GIO,99,Alfa Romeo Racing,15.0,2021,8,Spielberg,15.0
16.0,MSC,47,Haas F1 Team,19.0,2021,8,Spielberg,19.0
17.0,LAT,6,Williams,16.0,2021,8,Spielberg,16.0
18.0,MAZ,9,Haas F1 Team,20.0,2021,8,Spielberg,20.0
19.0,RUS,63,Williams,10.0,2021,8,Spielberg,11.0
20.0,GAS,10,AlphaTauri,6.0,2021,8,Spielberg,6.0
1.0,VER,33,Red Bull Racing,1.0,2021,9,Spielberg,1.0
2.0,BOT,77,Mercedes,5.0,2021,9,Spielberg,5.0
3.0,NOR,4,McLaren,2.0,2021,9,Spielberg,2.0
4.0,HAM,44,Mercedes,4.0,2021,9,Spielberg,4.0
5.0,SAI,55,Ferrari,10.0,2021,9,Spielberg,11.0
6.0,PER,11,Red Bull Racing,3.0,2021,9,Spielberg,3.0
7.0,RIC,3,McLaren,13.0,2021,9,Spielberg,13.0
8.0,LEC,16,Ferrari,12.0,2021,9,Spielberg,12.0
9.0,GAS,10,AlphaTauri,6.0,2021,9,Spielberg,6.0
10.0,ALO,14,Alpine,14.0,2021,9,Spielberg,14.0
11.0,RUS,63,Williams,8.0,2021,9,Spielberg,9.0
12.0,TSU,22,AlphaTauri,7.0,2021,9,Spielberg,7.0
13.0,STR,18,Aston Martin,9.0,2021,9,Spielberg,10.0
14.0,GIO,99,Alfa Romeo Racing,15.0,2021,9,Spielberg,15.0
15.0,RAI,7,Alfa Romeo Racing,16.0,2021,9,Spielberg,16.0
16.0,LAT,6,Williams,18.0,2021,9,Spielberg,18.0
17.0,VET,5,Aston Martin,11.0,2021,9,Spielberg,8.0
18.0,MSC,47,Haas F1 Team,19.0,2021,9,Spielberg,19.0
19.0,MAZ,9,Haas F1 Team,20.0,2021,9,Spielberg,20.0
20.0,OCO,31,Alpine,17.0,2021,9,Spielberg,17.0
1.0,HAM,44,Mercedes,2.0,2021,10,Silverstone,1.0
2.0,LEC,16,Ferrari,4.0,2021,10,Silverstone,4.0
3.0,BOT,77,Mercedes,3.0,2021,10,Silverstone,3.0
4.0,NOR,4,McLaren,5.0,2021,10,Silverstone,6.0
5.0,RIC,3,McLaren,6.0,2021,10,Silverstone,7.0
6.0,SAI,55,Ferrari,10.0,2021,10,Silverstone,9.0
7.0,ALO,14,Alpine,7.0,2021,10,Silverstone,11.0
8.0,STR,18,Aston Martin,14.0,2021,10,Silverstone,15.0
9.0,OCO,31,Alpine,9.0,2021,10,Silverstone,13.0
10.0,TSU,22,AlphaTauri,16.0,2021,10,Silverstone,16.0
11.0,GAS,10,AlphaTauri,11.0,2021,10,Silverstone,12.0
12.0,RUS,63,Williams,12.0,2021,10,Silverstone,8.0
13.0,GIO,99,Alfa Romeo Racing,15.0,2021,10,Silverstone,14.0
14.0,LAT,6,Williams,17.0,2021,10,Silverstone,18.0
15.0,RAI,7,Alfa Romeo Racing,13.0,2021,10,Silverstone,17.0
16.0,PER,11,Red Bull Racing,21.0,2021,10,Silverstone,5.0
17.0,MAZ,9,Haas F1 Team,19.0,2021,10,Silverstone,20.0
18.0,MSC,47,Haas F1 Team,18.0,2021,10,Silverstone,19.0
19.0,VET,5,Aston Martin,8.0,2021,10,Silverstone,10.0
20.0,VER,33,Red Bull Racing,1.0,2021,10,Silverstone,2.0
1.0,OCO,31,Alpine,8.0,2021,11,Budapest,8.0
2.0,HAM,44,Mercedes,1.0,2021,11,Budapest,1.0
3.0,SAI,55,Ferrari,15.0,2021,11,Budapest,15.0
4.0,ALO,14,Alpine,9.0,2021,11,Budapest,9.0
5.0,GAS,10,AlphaTauri,5.0,2021,11,Budapest,5.0
6.0,TSU,22,AlphaTauri,16.0,2021,11,Budapest,16.0
7.0,LAT,6,Williams,18.0,2021,11,Budapest,18.0
8.0,RUS,63,Williams,17.0,2021,11,Budapest,17.0
9.0,VER,33,Red Bull Racing,3.0,2021,11,Budapest,3.0
10.0,RAI,7,Alfa Romeo Racing,13.0,2021,11,Budapest,13.0
11.0,RIC,3,McLaren,11.0,2021,11,Budapest,11.0
12.0,MSC,47,Haas F1 Team,20.0,2021,11,Budapest,20.0
13.0,GIO,99,Alfa Romeo Racing,21.0,2021,11,Budapest,14.0
14.0,MAZ,9,Haas F1 Team,19.0,2021,11,Budapest,19.0
15.0,NOR,4,McLaren,6.0,2021,11,Budapest,6.0
16.0,BOT,77,Mercedes,2.0,2021,11,Budapest,2.0
17.0,PER,11,Red Bull Racing,4.0,2021,11,Budapest,4.0
18.0,LEC,16,Ferrari,7.0,2021,11,Budapest,7.0
19.0,STR,18,Aston Martin,12.0,2021,11,Budapest,12.0
20.0,VET,5,Aston Martin,10.0,2021,11,Budapest,10.0
1.0,VER,33,Red Bull Racing,1.0,2021,12,Spa-Francorchamps,1.0
2.0,RUS,63,Williams,2.0,2021,12,Spa-Francorchamps,2.0
3.0,HAM,44,Mercedes,3.0,2021,12,Spa-Francorchamps,3.0
4.0,RIC,3,McLaren,4.0,2021,12,Spa-Francorchamps,4.0
5.0,VET,5,Aston Martin,5.0,2021,12,Spa-Francorchamps,5.0
6.0,GAS,10,AlphaTauri,6.0,2021,12,Spa-Francorchamps,6.0
7.0,OCO,31,Alpine,8.0,2021,12,Spa-Francorchamps,9.0
8.0,LEC,16,Ferrari,9.0,2021,12,Spa-Francorchamps,11.0
9.0,LAT,6,Williams,10.0,2021,12,Spa-Francorchamps,12.0
10.0,SAI,55,Ferrari,11.0,2021,12,Spa-Francorchamps,13.0
11.0,ALO,14,Alpine,12.0,2021,12,Spa-Francorchamps,14.0
12.0,BOT,77,Mercedes,13.0,2021,12,Spa-Francorchamps,8.0
13.0,GIO,99,Alfa Romeo Racing,14.0,2021,12,Spa-Francorchamps,16.0
14.0,NOR,4,McLaren,15.0,2021,12,Spa-Francorchamps,10.0
15.0,TSU,22,AlphaTauri,16.0,2021,12,Spa-Francorchamps,17.0
16.0,MSC,47,Haas F1 Team,17.0,2021,12,Spa-Francorchamps,18.0
17.0,MAZ,9,Haas F1 Team,18.0,2021,12,Spa-Francorchamps,20.0
18.0,RAI,7,Alfa Romeo Racing,21.0,2021,12,Spa-Francorchamps,19.0
19.0,PER,11,Red Bull Racing,21.0,2021,12,Spa-Francorchamps,7.0
20.0,STR,18,Aston Martin,19.0,2021,12,Spa-Francorchamps,15.0
1.0,VER,33,Red Bull Racing,1.0,2021,13,Zandvoort,1.0
2.0,HAM,44,Mercedes,2.0,2021,13,Zandvoort,2.0
3.0,BOT,77,Mercedes,3.0,2021,13,Zandvoort,3.0
4.0,GAS,10,AlphaTauri,4.0,2021,13,Zandvoort,4.0
5.0,LEC,16,Ferrari,5.0,2021,13,Zandvoort,5.0
6.0,ALO,14,Alpine,9.0,2021,13,Zandvoort,9.0
7.0,SAI,55,Ferrari,6.0,2021,13,Zandvoort,6.0
8.0,PER,11,Red Bull Racing,21.0,2021,13,Zandvoort,16.0
9.0,OCO,31,Alpine,8.0,2021,13,Zandvoort,8.0
10.0,NOR,4,McLaren,13.0,2021,13,Zandvoort,13.0
11.0,RIC,3,McLaren,10.0,2021,13,Zandvoort,10.0
12.0,STR,18,Aston Martin,12.0,2021,13,Zandvoort,12.0
13.0,VET,5,Aston Martin,15.0,2021,13,Zandvoort,17.0
14.0,GIO,99,Alfa Romeo Racing,7.0,2021,13,Zandvoort,7.0
15.0,KUB,88,Alfa Romeo Racing,16.0,2021,13,Zandvoort,18.0
16.0,LAT,6,Williams,21.0,2021,13,Zandvoort,14.0
17.0,RUS,63,Williams,11.0,2021,13,Zandvoort,11.0
18.0,MSC,47,Haas F1 Team,17.0,2021,13,Zandvoort,19.0
19.0,TSU,22,AlphaTauri,14.0,2021,13,Zandvoort,15.0
20.0,MAZ,9,Haas F1 Team,18.0,2021,13,Zandvoort,20.0
1.0,RIC,3,McLaren,2.0,2021,14,Monza,5.0
2.0,NOR,4,McLaren,3.0,2021,14,Monza,4.0
3.0,BOT,77,Mercedes,19.0,2021,14,Monza,1.0
4.0,LEC,16,Ferrari,5.0,2021,14,Monza,8.0
5.0,PER,11,Red Bull Racing,8.0,2021,14,Monza,9.0
6.0,SAI,55,Ferrari,6.0,2021,14,Monza,7.0
7.0,STR,18,Aston Martin,9.0,2021,14,Monza,12.0
8.0,ALO,14,Alpine,10.0,2021,14,Monza,13.0
9.0,RUS,63,Williams,14.0,2021,14,Monza,15.0
10.0,OCO,31,Alpine,12.0,2021,14,Monza,14.0
11.0,LAT,6,Williams,13.0,2021,14,Monza,16.0
12.0,VET,5,Aston Martin,11.0,2021,14,Monza,11.0
13.0,GIO,99,Alfa Romeo Racing,7.0,2021,14,Monza,10.0
14.0,KUB,88,Alfa Romeo Racing,17.0,2021,14,Monza,19.0
15.0,MSC,47,Haas F1 Team,18.0,2021,14,Monza,18.0
16.0,MAZ,9,Haas F1 Team,16.0,2021,14,Monza,20.0
17.0,HAM,44,Mercedes,4.0,2021,14,Monza,2.0
18.0,VER,33,Red Bull Racing,1.0,2021,14,Monza,3.0
19.0,GAS,10,AlphaTauri,21.0,2021,14,Monza,6.0
20.0,TSU,22,AlphaTauri,21.0,2021,14,Monza,17.0
1.0,HAM,44,Mercedes,4.0,2021,15,Sochi,4.0
2.0,VER,33,Red Bull Racing,20.0,2021,15,Sochi,20.0
3.0,SAI,55,Ferrari,2.0,2021,15,Sochi,2.0
4.0,RIC,3,McLaren,5.0,2021,15,Sochi,5.0
5.0,BOT,77,Mercedes,16.0,2021,15,Sochi,7.0
6.0,ALO,14,Alpine,6.0,2021,15,Sochi,6.0
7.0,NOR,4,McLaren,1.0,2021,15,Sochi,1.0
8.0,RAI,7,Alfa Romeo Racing,13.0,2021,15,Sochi,16.0
9.0,PER,11,Red Bull Racing,8.0,2021,15,Sochi,9.0
10.0,RUS,63,Williams,3.0,2021,15,Sochi,3.0
11.0,STR,18,Aston Martin,7.0,2021,15,Sochi,8.0
12.0,VET,5,Aston Martin,10.0,2021,15,Sochi,11.0
13.0,GAS,10,AlphaTauri,11.0,2021,15,Sochi,12.0
14.0,OCO,31,Alpine,9.0,2021,15,Sochi,10.0
15.0,LEC,16,Ferrari,19.0,2021,15,Sochi,15.0
16.0,GIO,99,Alfa Romeo Racing,17.0,2021,15,Sochi,18.0
17.0,TSU,22,AlphaTauri,12.0,2021,15,Sochi,13.0
18.0,MAZ,9,Haas F1 Team,15.0,2021,15,Sochi,19.0
19.0,LAT,6,Williams,18.0,2021,15,Sochi,14.0
20.0,MSC,47,Haas F1 Team,14.0,2021,15,Sochi,17.0
1.0,BOT,77,Mercedes,1.0,2021,16,Istanbul,2.0
2.0,VER,33,Red Bull Racing,2.0,2021,16,Istanbul,3.0
3.0,PER,11,Red Bull Racing,6.0,2021,16,Istanbul,7.0
4.0,LEC,16,Ferrari,3.0,2021,16,Istanbul,4.0
5.0,HAM,44,Mercedes,11.0,2021,16,Istanbul,1.0
6.0,GAS,10,AlphaTauri,4.0,2021,16,Istanbul,5.0
7.0,NOR,4,McLaren,7.0,2021,16,Istanbul,8.0
8.0,SAI,55,Ferrari,19.0,2021,16,Istanbul,15.0
9.0,STR,18,Aston Martin,8.0,2021,16,Istanbul,9.0
10.0,OCO,31,Alpine,12.0,2021,16,Istanbul,12.0
11.0,GIO,99,Alfa Romeo Racing,16.0,2021,16,Istanbul,18.0
12.0,RAI,7,Alfa Romeo Racing,17.0,2021,16,Istanbul,19.0
13.0,RIC,3,McLaren,20.0,2021,16,Istanbul,16.0
14.0,TSU,22,AlphaTauri,9.0,2021,16,Istanbul,10.0
15.0,RUS,63,Williams,13.0,2021,16,Istanbul,13.0
16.0,ALO,14,Alpine,5.0,2021,16,Istanbul,6.0
17.0,LAT,6,Williams,15.0,2021,16,Istanbul,17.0
18.0,VET,5,Aston Martin,10.0,2021,16,Istanbul,11.0
19.0,MSC,47,Haas F1 Team,14.0,2021,16,Istanbul,14.0
20.0,MAZ,9,Haas F1 Team,18.0,2021,16,Istanbul,20.0
1.0,VER,33,Red Bull Racing,1.0,2021,17,Austin,1.0
2.0,HAM,44,Mercedes,2.0,2021,17,Austin,2.0
3.0,PER,11,Red Bull Racing,3.0,2021,17,Austin,3.0
4.0,LEC,16,Ferrari,4.0,2021,17,Austin,5.0
5.0,RIC,3,McLaren,6.0,2021,17,Austin,7.0
6.0,BOT,77,Mercedes,9.0,2021,17,Austin,4.0
7.0,SAI,55,Ferrari,5.0,2021,17,Austin,6.0
8.0,NOR,4,McLaren,7.0,2021,17,Austin,8.0
9.0,TSU,22,AlphaTauri,10.0,2021,17,Austin,10.0
10.0,VET,5,Aston Martin,18.0,2021,17,Austin,12.0
11.0,GIO,99,Alfa Romeo Racing,12.0,2021,17,Austin,13.0
12.0,STR,18,Aston Martin,13.0,2021,17,Austin,16.0
13.0,RAI,7,Alfa Romeo Racing,15.0,2021,17,Austin,18.0
14.0,RUS,63,Williams,20.0,2021,17,Austin,15.0
15.0,LAT,6,Williams,14.0,2021,17,Austin,17.0
16.0,MSC,47,Haas F1 Team,16.0,2021,17,Austin,19.0
17.0,MAZ,9,Haas F1 Team,17.0,2021,17,Austin,20.0
18.0,ALO,14,Alpine,19.0,2021,17,Austin,14.0
19.0,OCO,31,Alpine,11.0,2021,17,Austin,11.0
20.0,GAS,10,AlphaTauri,8.0,2021,17,Austin,9.0
1.0,VER,33,Red Bull Racing,3.0,2021,18,Mexico City,3.0
2.0,HAM,44,Mercedes,2.0,2021,18,Mexico City,2.0
3.0,PER,11,Red Bull Racing,4.0,2021,18,Mexico City,4.0
4.0,GAS,10,AlphaTauri,5.0,2021,18,Mexico City,5.0
5.0,LEC,16,Ferrari,8.0,2021,18,Mexico City,8.0
6.0,SAI,55,Ferrari,6.0,2021,18,Mexico City,6.0
7.0,VET,5,Aston Martin,9.0,2021,18,Mexico City,11.0
8.0,RAI,7,Alfa Romeo Racing,10.0,2021,18,Mexico City,12.0
9.0,ALO,14,Alpine,12.0,2021,18,Mexico City,16.0
10.0,NOR,4,McLaren,18.0,2021,18,Mexico City,10.0
11.0,GIO,99,Alfa Romeo Racing,11.0,2021,18,Mexico City,14.0
12.0,RIC,3,McLaren,7.0,2021,18,Mexico City,7.0
13.0,OCO,31,Alpine,19.0,2021,18,Mexico City,15.0
14.0,STR,18,Aston Martin,20.0,2021,18,Mexico City,20.0
15.0,BOT,77,Mercedes,1.0,2021,18,Mexico City,1.0
16.0,RUS,63,Williams,16.0,2021,18,Mexico City,13.0
17.0,LAT,6,Williams,13.0,2021,18,Mexico City,17.0
18.0,MAZ,9,Haas F1 Team,15.0,2021,18,Mexico City,19.0
19.0,MSC,47,Haas F1 Team,14.0,2021,18,Mexico City,18.0
20.0,TSU,22,AlphaTauri,17.0,2021,18,Mexico City,9.0
1.0,HAM,44,Mercedes,10.0,2021,19,São Paulo,1.0
2.0,VER,33,Red Bull Racing,2.0,2021,19,São Paulo,2.0
3.0,BOT,77,Mercedes,1.0,2021,19,São Paulo,3.0
4.0,PER,11,Red Bull Racing,4.0,2021,19,São Paulo,4.0
5.0,LEC,16,Ferrari,6.0,2021,19,São Paulo,7.0
6.0,SAI,55,Ferrari,3.0,2021,19,São Paulo,6.0
7.0,GAS,10,AlphaTauri,7.0,2021,19,São Paulo,5.0
8.0,OCO,31,Alpine,8.0,2021,19,São Paulo,11.0
9.0,ALO,14,Alpine,12.0,2021,19,São Paulo,10.0
10.0,NOR,4,McLaren,5.0,2021,19,São Paulo,8.0
11.0,VET,5,Aston Martin,9.0,2021,19,São Paulo,12.0
12.0,RAI,7,Alfa Romeo Racing,21.0,2021,19,São Paulo,14.0
13.0,RUS,63,Williams,17.0,2021,19,São Paulo,18.0
14.0,GIO,99,Alfa Romeo Racing,13.0,2021,19,São Paulo,15.0
15.0,TSU,22,AlphaTauri,15.0,2021,19,São Paulo,13.0
16.0,LAT,6,Williams,16.0,2021,19,São Paulo,17.0
17.0,MAZ,9,Haas F1 Team,19.0,2021,19,São Paulo,20.0
18.0,MSC,47,Haas F1 Team,18.0,2021,19,São Paulo,19.0
19.0,RIC,3,McLaren,11.0,2021,19,São Paulo,9.0
20.0,STR,18,Aston Martin,14.0,2021,19,São Paulo,16.0
1.0,HAM,44,Mercedes,1.0,2021,20,Lusail,1.0
2.0,VER,33,Red Bull Racing,7.0,2021,20,Lusail,2.0
3.0,ALO,14,Alpine,3.0,2021,20,Lusail,5.0
4.0,PER,11,Red Bull Racing,11.0,2021,20,Lusail,11.0
5.0,OCO,31,Alpine,9.0,2021,20,Lusail,9.0
6.0,STR,18,Aston Martin,12.0,2021,20,Lusail,12.0
7.0,SAI,55,Ferrari,5.0,2021,20,Lusail,7.0
8.0,LEC,16,Ferrari,13.0,2021,20,Lusail,13.0
9.0,NOR,4,McLaren,4.0,2021,20,Lusail,6.0
10.0,VET,5,Aston Martin,10.0,2021,20,Lusail,10.0
11.0,GAS,10,AlphaTauri,2.0,2021,20,Lusail,4.0
12.0,RIC,3,McLaren,14.0,2021,20,Lusail,14.0
13.0,TSU,22,AlphaTauri,8.0,2021,20,Lusail,8.0
14.0,RAI,7,Alfa Romeo Racing,16.0,2021,20,Lusail,16.0
15.0,GIO,99,Alfa Romeo Racing,18.0,2021,20,Lusail,18.0
16.0,MSC,47,Haas F1 Team,19.0,2021,20,Lusail,19.0
17.0,RUS,63,Williams,15.0,2021,20,Lusail,15.0
18.0,MAZ,9,Haas F1 Team,20.0,2021,20,Lusail,20.0
19.0,LAT,6,Williams,17.0,2021,20,Lusail,17.0
20.0,BOT,77,Mercedes,6.0,2021,20,Lusail,3.0
1.0,HAM,44,Mercedes,1.0,2021,21,Jeddah,1.0
2.0,VER,33,Red Bull Racing,3.0,2021,21,Jeddah,3.0
3.0,BOT,77,Mercedes,2.0,2021,21,Jeddah,2.0
4.0,OCO,31,Alpine,9.0,2021,21,Jeddah,9.0
5.0,RIC,3,McLaren,11.0,2021,21,Jeddah,11.0
6.0,GAS,10,AlphaTauri,6.0,2021,21,Jeddah,6.0
7.0,LEC,16,Ferrari,4.0,2021,21,Jeddah,4.0
8.0,SAI,55,Ferrari,15.0,2021,21,Jeddah,15.0
9.0,GIO,99,Alfa Romeo Racing,10.0,2021,21,Jeddah,10.0
10.0,NOR,4,McLaren,7.0,2021,21,Jeddah,7.0
11.0,STR,18,Aston Martin,18.0,2021,21,Jeddah,18.0
12.0,LAT,6,Williams,16.0,2021,21,Jeddah,16.0
13.0,ALO,14,Alpine,13.0,2021,21,Jeddah,13.0
14.0,TSU,22,AlphaTauri,8.0,2021,21,Jeddah,8.0
15.0,RAI,7,Alfa Romeo Racing,12.0,2021,21,Jeddah,12.0
16.0,VET,5,Aston Martin,17.0,2021,21,Jeddah,17.0
17.0,PER,11,Red Bull Racing,5.0,2021,21,Jeddah,5.0
18.0,MAZ,9,Haas F1 Team,20.0,2021,21,Jeddah,20.0
19.0,RUS,63,Williams,14.0,2021,21,Jeddah,14.0
20.0,MSC,47,Haas F1 Team,19.0,2021,21,Jeddah,19.0
1.0,VER,33,Red Bull Racing,1.0,2021,22,Yas Island,1.0
2.0,HAM,44,Mercedes,2.0,2021,22,Yas Island,2.0
3.0,SAI,55,Ferrari,5.0,2021,22,Yas Island,5.0
4.0,TSU,22,AlphaTauri,8.0,2021,22,Yas Island,8.0
5.0,GAS,10,AlphaTauri,12.0,2021,22,Yas Island,12.0
6.0,BOT,77,Mercedes,6.0,2021,22,Yas Island,6.0
7.0,NOR,4,McLaren,3.0,2021,22,Yas Island,3.0
8.0,ALO,14,Alpine,11.0,2021,22,Yas Island,11.0
9.0,OCO,31,Alpine,9.0,2021,22,Yas Island,9.0
10.0,LEC,16,Ferrari,7.0,2021,22,Yas Island,7.0
11.0,VET,5,Aston Martin,15.0,2021,22,Yas Island,15.0
12.0,RIC,3,McLaren,10.0,2021,22,Yas Island,10.0
13.0,STR,18,Aston Martin,13.0,2021,22,Yas Island,13.0
14.0,MSC,47,Haas F1 Team,19.0,2021,22,Yas Island,19.0
15.0,PER,11,Red Bull Racing,4.0,2021,22,Yas Island,4.0
16.0,LAT,6,Williams,16.0,2021,22,Yas Island,16.0
17.0,GIO,99,Alfa Romeo Racing,14.0,2021,22,Yas Island,14.0
18.0,RUS,63,Williams,17.0,2021,22,Yas Island,17.0
19.0,RAI,7,Alfa Romeo Racing,18.0,2021,22,Yas Island,18.0
1.0,LEC,16,Ferrari,1.0,2022,1,Sakhir,1.0
2.0,SAI,55,Ferrari,3.0,2022,1,Sakhir,3.0
3.0,HAM,44,Mercedes,5.0,2022,1,Sakhir,5.0
4.0,RUS,63,Mercedes,9.0,2022,1,Sakhir,9.0
5.0,MAG,20,Haas F1 Team,7.0,2022,1,Sakhir,7.0
6.0,BOT,77,Alfa Romeo,6.0,2022,1,Sakhir,6.0
7.0,OCO,31,Alpine,11.0,2022,1,Sakhir,11.0
8.0,TSU,22,AlphaTauri,16.0,2022,1,Sakhir,16.0
9.0,ALO,14,Alpine,8.0,2022,1,Sakhir,8.0
10.0,ZHO,24,Alfa Romeo,15.0,2022,1,Sakhir,15.0
11.0,MSC,47,Haas F1 Team,12.0,2022,1,Sakhir,12.0
12.0,STR,18,Aston Martin,19.0,2022,1,Sakhir,19.0
13.0,ALB,23,Williams,14.0,2022,1,Sakhir,14.0
14.0,RIC,3,McLaren,18.0,2022,1,Sakhir,18.0
15.0,NOR,4,McLaren,13.0,2022,1,Sakhir,13.0
16.0,LAT,6,Williams,20.0,2022,1,Sakhir,20.0
17.0,HUL,27,Aston Martin,17.0,2022,1,Sakhir,17.0
18.0,PER,11,Red Bull Racing,4.0,2022,1,Sakhir,4.0
19.0,VER,1,Red Bull Racing,2.0,2022,1,Sakhir,2.0
20.0,GAS,10,AlphaTauri,10.0,2022,1,Sakhir,10.0
1.0,VER,1,Red Bull Racing,4.0,2022,2,Jeddah,4.0
2.0,LEC,16,Ferrari,2.0,2022,2,Jeddah,2.0
3.0,SAI,55,Ferrari,3.0,2022,2,Jeddah,3.0
4.0,PER,11,Red Bull Racing,1.0,2022,2,Jeddah,1.0
5.0,RUS,63,Mercedes,6.0,2022,2,Jeddah,6.0
6.0,OCO,31,Alpine,5.0,2022,2,Jeddah,5.0
7.0,NOR,4,McLaren,11.0,2022,2,Jeddah,11.0
8.0,GAS,10,AlphaTauri,9.0,2022,2,Jeddah,9.0
9.0,MAG,20,Haas F1 Team,10.0,2022,2,Jeddah,10.0
10.0,HAM,44,Mercedes,15.0,2022,2,Jeddah,16.0
11.0,ZHO,24,Alfa Romeo,12.0,2022,2,Jeddah,13.0
12.0,HUL,27,Aston Martin,17.0,2022,2,Jeddah,18.0
13.0,STR,18,Aston Martin,13.0,2022,2,Jeddah,15.0
14.0,ALB,23,Williams,16.0,2022,2,Jeddah,17.0
15.0,BOT,77,Alfa Romeo,8.0,2022,2,Jeddah,8.0
16.0,ALO,14,Alpine,7.0,2022,2,Jeddah,7.0
17.0,RIC,3,McLaren,14.0,2022,2,Jeddah,12.0
18.0,LAT,6,Williams,18.0,2022,2,Jeddah,19.0
19.0,TSU,22,AlphaTauri,19.0,2022,2,Jeddah,20.0
1.0,LEC,16,Ferrari,1.0,2022,3,Melbourne,1.0
2.0,PER,11,Red Bull Racing,3.0,2022,3,Melbourne,3.0
3.0,RUS,63,Mercedes,6.0,2022,3,Melbourne,6.0
4.0,HAM,44,Mercedes,5.0,2022,3,Melbourne,5.0
5.0,NOR,4,McLaren,4.0,2022,3,Melbourne,4.0
6.0,RIC,3,McLaren,7.0,2022,3,Melbourne,7.0
7.0,OCO,31,Alpine,8.0,2022,3,Melbourne,8.0
8.0,BOT,77,Alfa Romeo,12.0,2022,3,Melbourne,12.0
9.0,GAS,10,AlphaTauri,11.0,2022,3,Melbourne,11.0
10.0,ALB,23,Williams,20.0,2022,3,Melbourne,16.0
11.0,ZHO,24,Alfa Romeo,14.0,2022,3,Melbourne,14.0
12.0,STR,18,Aston Martin,19.0,2022,3,Melbourne,20.0
13.0,MSC,47,Haas F1 Team,15.0,2022,3,Melbourne,15.0
14.0,MAG,20,Haas F1 Team,16.0,2022,3,Melbourne,17.0
15.0,TSU,22,AlphaTauri,13.0,2022,3,Melbourne,13.0
16.0,LAT,6,Williams,18.0,2022,3,Melbourne,19.0
17.0,ALO,14,Alpine,10.0,2022,3,Melbourne,10.0
18.0,VER,1,Red Bull Racing,2.0,2022,3,Melbourne,2.0
19.0,VET,5,Aston Martin,17.0,2022,3,Melbourne,18.0
20.0,SAI,55,Ferrari,9.0,2022,3,Melbourne,9.0
1.0,VER,1,Red Bull Racing,1.0,2022,4,Imola,1.0
2.0,PER,11,Red Bull Racing,3.0,2022,4,Imola,7.0
3.0,NOR,4,McLaren,5.0,2022,4,Imola,3.0
4.0,RUS,63,Mercedes,11.0,2022,4,Imola,11.0
5.0,BOT,77,Alfa Romeo,7.0,2022,4,Imola,8.0
6.0,LEC,16,Ferrari,2.0,2022,4,Imola,2.0
7.0,TSU,22,AlphaTauri,12.0,2022,4,Imola,16.0
8.0,VET,5,Aston Martin,13.0,2022,4,Imola,9.0
9.0,MAG,20,Haas F1 Team,8.0,2022,4,Imola,4.0
10.0,STR,18,Aston Martin,15.0,2022,4,Imola,15.0
11.0,ALB,23,Williams,18.0,2022,4,Imola,20.0
12.0,GAS,10,AlphaTauri,17.0,2022,4,Imola,17.0
13.0,HAM,44,Mercedes,14.0,2022,4,Imola,13.0
14.0,OCO,31,Alpine,16.0,2022,4,Imola,19.0
15.0,ZHO,24,Alfa Romeo,21.0,2022,4,Imola,14.0
16.0,LAT,6,Williams,19.0,2022,4,Imola,18.0
17.0,MSC,47,Haas F1 Team,10.0,2022,4,Imola,12.0
18.0,RIC,3,McLaren,6.0,2022,4,Imola,6.0
19.0,ALO,14,Alpine,9.0,2022,4,Imola,5.0
20.0,SAI,55,Ferrari,4.0,2022,4,Imola,10.0
1.0,VER,1,Red Bull Racing,3.0,2022,5,Miami,3.0
2.0,LEC,16,Ferrari,1.0,2022,5,Miami,1.0
3.0,SAI,55,Ferrari,2.0,2022,5,Miami,2.0
4.0,PER,11,Red Bull Racing,4.0,2022,5,Miami,4.0
5.0,RUS,63,Mercedes,12.0,2022,5,Miami,12.0
6.0,HAM,44,Mercedes,6.0,2022,5,Miami,6.0
7.0,BOT,77,Alfa Romeo,5.0,2022,5,Miami,5.0
8.0,OCO,31,Alpine,20.0,2022,5,Miami,20.0
9.0,ALB,23,Williams,18.0,2022,5,Miami,18.0
10.0,STR,18,Aston Martin,21.0,2022,5,Miami,10.0
11.0,ALO,14,Alpine,11.0,2022,5,Miami,11.0
12.0,TSU,22,AlphaTauri,9.0,2022,5,Miami,9.0
13.0,RIC,3,McLaren,14.0,2022,5,Miami,14.0
14.0,LAT,6,Williams,19.0,2022,5,Miami,19.0
15.0,MSC,47,Haas F1 Team,15.0,2022,5,Miami,15.0
16.0,MAG,20,Haas F1 Team,16.0,2022,5,Miami,16.0
17.0,VET,5,Aston Martin,21.0,2022,5,Miami,13.0
18.0,GAS,10,AlphaTauri,7.0,2022,5,Miami,7.0
19.0,NOR,4,McLaren,8.0,2022,5,Miami,8.0
20.0,ZHO,24,Alfa Romeo,17.0,2022,5,Miami,17.0
1.0,VER,1,Red Bull Racing,2.0,2022,6,Barcelona,2.0
2.0,PER,11,Red Bull Racing,5.0,2022,6,Barcelona,5.0
3.0,RUS,63,Mercedes,4.0,2022,6,Barcelona,4.0
4.0,SAI,55,Ferrari,3.0,2022,6,Barcelona,3.0
5.0,HAM,44,Mercedes,6.0,2022,6,Barcelona,6.0
6.0,BOT,77,Alfa Romeo,7.0,2022,6,Barcelona,7.0
7.0,OCO,31,Alpine,12.0,2022,6,Barcelona,12.0
8.0,NOR,4,McLaren,11.0,2022,6,Barcelona,11.0
9.0,ALO,14,Alpine,20.0,2022,6,Barcelona,17.0
10.0,TSU,22,AlphaTauri,13.0,2022,6,Barcelona,13.0
11.0,VET,5,Aston Martin,16.0,2022,6,Barcelona,16.0
12.0,RIC,3,McLaren,9.0,2022,6,Barcelona,9.0
13.0,GAS,10,AlphaTauri,14.0,2022,6,Barcelona,14.0
14.0,MSC,47,Haas F1 Team,10.0,2022,6,Barcelona,10.0
15.0,STR,18,Aston Martin,17.0,2022,6,Barcelona,18.0
16.0,LAT,6,Williams,19.0,2022,6,Barcelona,20.0
17.0,MAG,20,Haas F1 Team,8.0,2022,6,Barcelona,8.0
18.0,ALB,23,Williams,18.0,2022,6,Barcelona,19.0
19.0,ZHO,24,Alfa Romeo,15.0,2022,6,Barcelona,15.0
20.0,LEC,16,Ferrari,1.0,2022,6,Barcelona,1.0
1.0,PER,11,Red Bull Racing,3.0,2022,7,Monaco,3.0
2.0,SAI,55,Ferrari,2.0,2022,7,Monaco,2.0
3.0,VER,1,Red Bull Racing,4.0,2022,7,Monaco,4.0
4.0,LEC,16,Ferrari,1.0,2022,7,Monaco,1.0
5.0,RUS,63,Mercedes,6.0,2022,7,Monaco,6.0
6.0,NOR,4,McLaren,5.0,2022,7,Monaco,5.0
7.0,ALO,14,Alpine,7.0,2022,7,Monaco,7.0
8.0,HAM,44,Mercedes,8.0,2022,7,Monaco,8.0
9.0,BOT,77,Alfa Romeo,12.0,2022,7,Monaco,12.0
10.0,VET,5,Aston Martin,9.0,2022,7,Monaco,9.0
11.0,GAS,10,AlphaTauri,17.0,2022,7,Monaco,17.0
12.0,OCO,31,Alpine,10.0,2022,7,Monaco,10.0
13.0,RIC,3,McLaren,14.0,2022,7,Monaco,14.0
14.0,STR,18,Aston Martin,18.0,2022,7,Monaco,18.0
15.0,LAT,6,Williams,19.0,2022,7,Monaco,19.0
16.0,ZHO,24,Alfa Romeo,20.0,2022,7,Monaco,20.0
17.0,TSU,22,AlphaTauri,11.0,2022,7,Monaco,11.0
18.0,ALB,23,Williams,16.0,2022,7,Monaco,16.0
19.0,MSC,47,Haas F1 Team,15.0,2022,7,Monaco,15.0
20.0,MAG,20,Haas F1 Team,13.0,2022,7,Monaco,13.0
1.0,VER,1,Red Bull Racing,3.0,2022,8,Baku,3.0
2.0,PER,11,Red Bull Racing,2.0,2022,8,Baku,2.0
3.0,RUS,63,Mercedes,5.0,2022,8,Baku,5.0
4.0,HAM,44,Mercedes,7.0,2022,8,Baku,7.0
5.0,GAS,10,AlphaTauri,6.0,2022,8,Baku,6.0
6.0,VET,5,Aston Martin,9.0,2022,8,Baku,9.0
7.0,ALO,14,Alpine,10.0,2022,8,Baku,10.0
8.0,RIC,3,McLaren,12.0,2022,8,Baku,12.0
9.0,NOR,4,McLaren,11.0,2022,8,Baku,11.0
10.0,OCO,31,Alpine,13.0,2022,8,Baku,13.0
11.0,BOT,77,Alfa Romeo,15.0,2022,8,Baku,15.0
12.0,ALB,23,Williams,17.0,2022,8,Baku,17.0
13.0,TSU,22,AlphaTauri,8.0,2022,8,Baku,8.0
14.0,MSC,47,Haas F1 Team,20.0,2022,8,Baku,20.0
15.0,LAT,6,Williams,18.0,2022,8,Baku,18.0
16.0,STR,18,Aston Martin,19.0,2022,8,Baku,19.0
17.0,MAG,20,Haas F1 Team,16.0,2022,8,Baku,16.0
18.0,ZHO,24,Alfa Romeo,14.0,2022,8,Baku,14.0
19.0,LEC,16,Ferrari,1.0,2022,8,Baku,1.0
20.0,SAI,55,Ferrari,4.0,2022,8,Baku,4.0
1.0,VER,1,Red Bull Racing,1.0,2022,9,Montréal,1.0
2.0,SAI,55,Ferrari,3.0,2022,9,Montréal,3.0
3.0,HAM,44,Mercedes,4.0,2022,9,Montréal,4.0
4.0,RUS,63,Mercedes,8.0,2022,9,Montréal,8.0
5.0,LEC,16,Ferrari,19.0,2022,9,Montréal,15.0
6.0,OCO,31,Alpine,7.0,2022,9,Montréal,7.0
7.0,BOT,77,Alfa Romeo,11.0,2022,9,Montréal,11.0
8.0,ZHO,24,Alfa Romeo,10.0,2022,9,Montréal,10.0
9.0,ALO,14,Alpine,2.0,2022,9,Montréal,2.0
10.0,STR,18,Aston Martin,17.0,2022,9,Montréal,18.0
11.0,RIC,3,McLaren,9.0,2022,9,Montréal,9.0
12.0,VET,5,Aston Martin,16.0,2022,9,Montréal,17.0
13.0,ALB,23,Williams,12.0,2022,9,Montréal,12.0
14.0,GAS,10,AlphaTauri,15.0,2022,9,Montréal,16.0
15.0,NOR,4,McLaren,14.0,2022,9,Montréal,14.0
16.0,LAT,6,Williams,18.0,2022,9,Montréal,19.0
17.0,MAG,20,Haas F1 Team,5.0,2022,9,Montréal,5.0
18.0,TSU,22,AlphaTauri,20.0,2022,9,Montréal,20.0
19.0,MSC,47,Haas F1 Team,6.0,2022,9,Montréal,6.0
20.0,PER,11,Red Bull Racing,13.0,2022,9,Montréal,13.0
1.0,SAI,55,Ferrari,1.0,2022,10,Silverstone,1.0
2.0,PER,11,Red Bull Racing,4.0,2022,10,Silverstone,4.0
3.0,HAM,44,Mercedes,5.0,2022,10,Silverstone,5.0
4.0,LEC,16,Ferrari,3.0,2022,10,Silverstone,3.0
5.0,ALO,14,Alpine,7.0,2022,10,Silverstone,7.0
6.0,NOR,4,McLaren,6.0,2022,10,Silverstone,6.0
7.0,VER,1,Red Bull Racing,2.0,2022,10,Silverstone,2.0
8.0,MSC,47,Haas F1 Team,19.0,2022,10,Silverstone,19.0
9.0,VET,5,Aston Martin,18.0,2022,10,Silverstone,18.0
10.0,MAG,20,Haas F1 Team,17.0,2022,10,Silverstone,17.0
11.0,STR,18,Aston Martin,20.0,2022,10,Silverstone,20.0
12.0,LAT,6,Williams,10.0,2022,10,Silverstone,10.0
13.0,RIC,3,McLaren,14.0,2022,10,Silverstone,14.0
14.0,TSU,22,AlphaTauri,13.0,2022,10,Silverstone,13.0
15.0,OCO,31,Alpine,15.0,2022,10,Silverstone,15.0
16.0,GAS,10,AlphaTauri,11.0,2022,10,Silverstone,11.0
17.0,BOT,77,Alfa Romeo,12.0,2022,10,Silverstone,12.0
18.0,RUS,63,Mercedes,8.0,2022,10,Silverstone,8.0
19.0,ZHO,24,Alfa Romeo,9.0,2022,10,Silverstone,9.0
20.0,ALB,23,Williams,16.0,2022,10,Silverstone,16.0
1.0,LEC,16,Ferrari,2.0,2022,11,Spielberg,2.0
2.0,VER,1,Red Bull Racing,1.0,2022,11,Spielberg,1.0
3.0,HAM,44,Mercedes,8.0,2022,11,Spielberg,9.0
4.0,RUS,63,Mercedes,4.0,2022,11,Spielberg,4.0
5.0,OCO,31,Alpine,6.0,2022,11,Spielberg,5.0
6.0,MSC,47,Haas F1 Team,9.0,2022,11,Spielberg,7.0
7.0,NOR,4,McLaren,10.0,2022,11,Spielberg,15.0
8.0,MAG,20,Haas F1 Team,7.0,2022,11,Spielberg,6.0
9.0,RIC,3,McLaren,11.0,2022,11,Spielberg,16.0
10.0,ALO,14,Alpine,19.0,2022,11,Spielberg,8.0
11.0,BOT,77,Alfa Romeo,21.0,2022,11,Spielberg,12.0
12.0,ALB,23,Williams,15.0,2022,11,Spielberg,11.0
13.0,STR,18,Aston Martin,12.0,2022,11,Spielberg,17.0
14.0,ZHO,24,Alfa Romeo,13.0,2022,11,Spielberg,18.0
15.0,GAS,10,AlphaTauri,14.0,2022,11,Spielberg,10.0
16.0,TSU,22,AlphaTauri,16.0,2022,11,Spielberg,14.0
17.0,VET,5,Aston Martin,18.0,2022,11,Spielberg,20.0
18.0,SAI,55,Ferrari,3.0,2022,11,Spielberg,3.0
19.0,LAT,6,Williams,17.0,2022,11,Spielberg,19.0
20.0,PER,11,Red Bull Racing,5.0,2022,11,Spielberg,13.0
1.0,VER,1,Red Bull Racing,2.0,2022,12,Le Castellet,2.0
2.0,HAM,44,Mercedes,4.0,2022,12,Le Castellet,4.0
3.0,RUS,63,Mercedes,6.0,2022,12,Le Castellet,6.0
4.0,PER,11,Red Bull Racing,3.0,2022,12,Le Castellet,3.0
5.0,SAI,55,Ferrari,19.0,2022,12,Le Castellet,9.0
6.0,ALO,14,Alpine,7.0,2022,12,Le Castellet,7.0
7.0,NOR,4,McLaren,5.0,2022,12,Le Castellet,5.0
8.0,OCO,31,Alpine,10.0,2022,12,Le Castellet,12.0
9.0,RIC,3,McLaren,9.0,2022,12,Le Castellet,11.0
10.0,STR,18,Aston Martin,15.0,2022,12,Le Castellet,17.0
11.0,VET,5,Aston Martin,12.0,2022,12,Le Castellet,14.0
12.0,GAS,10,AlphaTauri,14.0,2022,12,Le Castellet,16.0
13.0,ALB,23,Williams,13.0,2022,12,Le Castellet,15.0
14.0,BOT,77,Alfa Romeo,11.0,2022,12,Le Castellet,13.0
15.0,MSC,47,Haas F1 Team,17.0,2022,12,Le Castellet,19.0
16.0,ZHO,24,Alfa Romeo,16.0,2022,12,Le Castellet,18.0
17.0,LAT,6,Williams,18.0,2022,12,Le Castellet,20.0
18.0,MAG,20,Haas F1 Team,20.0,2022,12,Le Castellet,10.0
19.0,LEC,16,Ferrari,1.0,2022,12,Le Castellet,1.0
20.0,TSU,22,AlphaTauri,8.0,2022,12,Le Castellet,8.0
1.0,VER,1,Red Bull Racing,10.0,2022,13,Budapest,10.0
2.0,HAM,44,Mercedes,7.0,2022,13,Budapest,7.0
3.0,RUS,63,Mercedes,1.0,2022,13,Budapest,1.0
4.0,SAI,55,Ferrari,2.0,2022,13,Budapest,2.0
5.0,PER,11,Red Bull Racing,11.0,2022,13,Budapest,11.0
6.0,LEC,16,Ferrari,3.0,2022,13,Budapest,3.0
7.0,NOR,4,McLaren,4.0,2022,13,Budapest,4.0
8.0,ALO,14,Alpine,6.0,2022,13,Budapest,6.0
9.0,OCO,31,Alpine,5.0,2022,13,Budapest,5.0
10.0,VET,5,Aston Martin,18.0,2022,13,Budapest,18.0
11.0,STR,18,Aston Martin,14.0,2022,13,Budapest,14.0
12.0,GAS,10,AlphaTauri,21.0,2022,13,Budapest,19.0
13.0,ZHO,24,Alfa Romeo,12.0,2022,13,Budapest,12.0
14.0,MSC,47,Haas F1 Team,15.0,2022,13,Budapest,15.0
15.0,RIC,3,McLaren,9.0,2022,13,Budapest,9.0
16.0,MAG,20,Haas F1 Team,13.0,2022,13,Budapest,13.0
17.0,ALB,23,Williams,17.0,2022,13,Budapest,17.0
18.0,LAT,6,Williams,19.0,2022,13,Budapest,20.0
19.0,TSU,22,AlphaTauri,16.0,2022,13,Budapest,16.0
20.0,BOT,77,Alfa Romeo,8.0,2022,13,Budapest,8.0
1.0,VER,1,Red Bull Racing,14.0,2022,14,Spa-Francorchamps,1.0
2.0,PER,11,Red Bull Racing,2.0,2022,14,Spa-Francorchamps,3.0
3.0,SAI,55,Ferrari,1.0,2022,14,Spa-Francorchamps,2.0
4.0,RUS,63,Mercedes,5.0,2022,14,Spa-Francorchamps,8.0
5.0,ALO,14,Alpine,3.0,2022,14,Spa-Francorchamps,6.0
6.0,LEC,16,Ferrari,15.0,2022,14,Spa-Francorchamps,4.0
7.0,OCO,31,Alpine,16.0,2022,14,Spa-Francorchamps,5.0
8.0,VET,5,Aston Martin,10.0,2022,14,Spa-Francorchamps,16.0
9.0,GAS,10,AlphaTauri,21.0,2022,14,Spa-Francorchamps,12.0
10.0,ALB,23,Williams,6.0,2022,14,Spa-Francorchamps,9.0
11.0,STR,18,Aston Martin,9.0,2022,14,Spa-Francorchamps,14.0
12.0,NOR,4,McLaren,17.0,2022,14,Spa-Francorchamps,10.0
13.0,TSU,22,AlphaTauri,21.0,2022,14,Spa-Francorchamps,19.0
14.0,ZHO,24,Alfa Romeo,18.0,2022,14,Spa-Francorchamps,13.0
15.0,RIC,3,McLaren,7.0,2022,14,Spa-Francorchamps,11.0
16.0,MAG,20,Haas F1 Team,12.0,2022,14,Spa-Francorchamps,18.0
17.0,MSC,47,Haas F1 Team,19.0,2022,14,Spa-Francorchamps,15.0
18.0,LAT,6,Williams,11.0,2022,14,Spa-Francorchamps,17.0
19.0,BOT,77,Alfa Romeo,13.0,2022,14,Spa-Francorchamps,20.0
20.0,HAM,44,Mercedes,4.0,2022,14,Spa-Francorchamps,7.0
1.0,VER,1,Red Bull Racing,1.0,2022,15,Zandvoort,1.0
2.0,RUS,63,Mercedes,6.0,2022,15,Zandvoort,6.0
3.0,LEC,16,Ferrari,2.0,2022,15,Zandvoort,2.0
4.0,HAM,44,Mercedes,4.0,2022,15,Zandvoort,4.0
5.0,PER,11,Red Bull Racing,5.0,2022,15,Zandvoort,5.0
6.0,ALO,14,Alpine,13.0,2022,15,Zandvoort,13.0
7.0,NOR,4,McLaren,7.0,2022,15,Zandvoort,7.0
8.0,SAI,55,Ferrari,3.0,2022,15,Zandvoort,3.0
9.0,OCO,31,Alpine,12.0,2022,15,Zandvoort,12.0
10.0,STR,18,Aston Martin,10.0,2022,15,Zandvoort,10.0
11.0,GAS,10,AlphaTauri,11.0,2022,15,Zandvoort,11.0
12.0,ALB,23,Williams,15.0,2022,15,Zandvoort,15.0
13.0,MSC,47,Haas F1 Team,8.0,2022,15,Zandvoort,8.0
14.0,VET,5,Aston Martin,19.0,2022,15,Zandvoort,19.0
15.0,MAG,20,Haas F1 Team,18.0,2022,15,Zandvoort,18.0
16.0,ZHO,24,Alfa Romeo,14.0,2022,15,Zandvoort,14.0
17.0,RIC,3,McLaren,17.0,2022,15,Zandvoort,17.0
18.0,LAT,6,Williams,20.0,2022,15,Zandvoort,20.0
19.0,BOT,77,Alfa Romeo,16.0,2022,15,Zandvoort,16.0
20.0,TSU,22,AlphaTauri,9.0,2022,15,Zandvoort,9.0
1.0,VER,1,Red Bull Racing,7.0,2022,16,Monza,2.0
2.0,LEC,16,Ferrari,1.0,2022,16,Monza,1.0
3.0,RUS,63,Mercedes,2.0,2022,16,Monza,6.0
4.0,SAI,55,Ferrari,18.0,2022,16,Monza,3.0
5.0,HAM,44,Mercedes,19.0,2022,16,Monza,5.0
6.0,PER,11,Red Bull Racing,13.0,2022,16,Monza,4.0
7.0,NOR,4,McLaren,3.0,2022,16,Monza,7.0
8.0,GAS,10,AlphaTauri,5.0,2022,16,Monza,9.0
9.0,DEV,45,Williams,8.0,2022,16,Monza,13.0
10.0,ZHO,24,Alfa Romeo,9.0,2022,16,Monza,14.0
11.0,OCO,31,Alpine,14.0,2022,16,Monza,11.0
12.0,MSC,47,Haas F1 Team,17.0,2022,16,Monza,20.0
13.0,BOT,77,Alfa Romeo,15.0,2022,16,Monza,12.0
14.0,TSU,22,AlphaTauri,20.0,2022,16,Monza,15.0
15.0,LAT,6,Williams,10.0,2022,16,Monza,16.0
16.0,MAG,20,Haas F1 Team,16.0,2022,16,Monza,19.0
17.0,RIC,3,McLaren,4.0,2022,16,Monza,8.0
18.0,STR,18,Aston Martin,12.0,2022,16,Monza,18.0
19.0,ALO,14,Alpine,6.0,2022,16,Monza,10.0
20.0,VET,5,Aston Martin,11.0,2022,16,Monza,17.0
1.0,PER,11,Red Bull Racing,2.0,2022,17,Marina Bay,2.0
2.0,LEC,16,Ferrari,1.0,2022,17,Marina Bay,1.0
3.0,SAI,55,Ferrari,4.0,2022,17,Marina Bay,4.0
4.0,NOR,4,McLaren,6.0,2022,17,Marina Bay,6.0
5.0,RIC,3,McLaren,16.0,2022,17,Marina Bay,17.0
6.0,STR,18,Aston Martin,11.0,2022,17,Marina Bay,12.0
7.0,VER,1,Red Bull Racing,8.0,2022,17,Marina Bay,8.0
8.0,VET,5,Aston Martin,13.0,2022,17,Marina Bay,14.0
9.0,HAM,44,Mercedes,3.0,2022,17,Marina Bay,3.0
10.0,GAS,10,AlphaTauri,7.0,2022,17,Marina Bay,7.0
11.0,BOT,77,Alfa Romeo,15.0,2022,17,Marina Bay,16.0
12.0,MAG,20,Haas F1 Team,9.0,2022,17,Marina Bay,9.0
13.0,MSC,47,Haas F1 Team,12.0,2022,17,Marina Bay,13.0
14.0,RUS,63,Mercedes,21.0,2022,17,Marina Bay,11.0
15.0,TSU,22,AlphaTauri,10.0,2022,17,Marina Bay,10.0
16.0,OCO,31,Alpine,17.0,2022,17,Marina Bay,18.0
17.0,ALB,23,Williams,18.0,2022,17,Marina Bay,19.0
18.0,ALO,14,Alpine,5.0,2022,17,Marina Bay,5.0
19.0,LAT,6,Williams,19.0,2022,17,Marina Bay,20.0
20.0,ZHO,24,Alfa Romeo,14.0,2022,17,Marina Bay,15.0
1.0,VER,1,Red Bull Racing,1.0,2022,18,Suzuka,1.0
2.0,PER,11,Red Bull Racing,4.0,2022,18,Suzuka,4.0
3.0,LEC,16,Ferrari,2.0,2022,18,Suzuka,2.0
4.0,OCO,31,Alpine,5.0,2022,18,Suzuka,5.0
5.0,HAM,44,Mercedes,6.0,2022,18,Suzuka,6.0
6.0,VET,5,Aston Martin,9.0,2022,18,Suzuka,9.0
7.0,ALO,14,Alpine,7.0,2022,18,Suzuka,7.0
8.0,RUS,63,Mercedes,8.0,2022,18,Suzuka,8.0
9.0,LAT,6,Williams,20.0,2022,18,Suzuka,20.0
10.0,NOR,4,McLaren,10.0,2022,18,Suzuka,10.0
11.0,RIC,3,McLaren,11.0,2022,18,Suzuka,11.0
12.0,STR,18,Aston Martin,19.0,2022,18,Suzuka,19.0
13.0,TSU,22,AlphaTauri,13.0,2022,18,Suzuka,13.0
14.0,MAG,20,Haas F1 Team,18.0,2022,18,Suzuka,18.0
15.0,BOT,77,Alfa Romeo,12.0,2022,18,Suzuka,12.0
16.0,ZHO,24,Alfa Romeo,14.0,2022,18,Suzuka,14.0
17.0,MSC,47,Haas F1 Team,15.0,2022,18,Suzuka,15.0
18.0,GAS,10,AlphaTauri,17.0,2022,18,Suzuka,17.0
19.0,SAI,55,Ferrari,3.0,2022,18,Suzuka,3.0
20.0,ALB,23,Williams,16.0,2022,18,Suzuka,16.0
1.0,VER,1,Red Bull Racing,2.0,2022,19,Austin,3.0
2.0,HAM,44,Mercedes,3.0,2022,19,Austin,5.0
3.0,LEC,16,Ferrari,12.0,2022,19,Austin,2.0
4.0,PER,11,Red Bull Racing,9.0,2022,19,Austin,4.0
5.0,RUS,63,Mercedes,4.0,2022,19,Austin,6.0
6.0,NOR,4,McLaren,6.0,2022,19,Austin,8.0
7.0,ALO,14,Alpine,14.0,2022,19,Austin,9.0
8.0,VET,5,Aston Martin,10.0,2022,19,Austin,12.0
9.0,MAG,20,Haas F1 Team,13.0,2022,19,Austin,16.0
10.0,TSU,22,AlphaTauri,19.0,2022,19,Austin,15.0
11.0,OCO,31,Alpine,21.0,2022,19,Austin,18.0
12.0,ZHO,24,Alfa Romeo,18.0,2022,19,Austin,14.0
13.0,ALB,23,Williams,8.0,2022,19,Austin,11.0
14.0,GAS,10,AlphaTauri,11.0,2022,19,Austin,13.0
15.0,MSC,47,Haas F1 Team,16.0,2022,19,Austin,19.0
16.0,RIC,3,McLaren,15.0,2022,19,Austin,17.0
17.0,LAT,6,Williams,17.0,2022,19,Austin,20.0
18.0,STR,18,Aston Martin,5.0,2022,19,Austin,7.0
19.0,BOT,77,Alfa Romeo,7.0,2022,19,Austin,10.0
20.0,SAI,55,Ferrari,1.0,2022,19,Austin,1.0
1.0,VER,1,Red Bull Racing,1.0,2022,20,Mexico City,1.0
2.0,HAM,44,Mercedes,3.0,2022,20,Mexico City,3.0
3.0,PER,11,Red Bull Racing,4.0,2022,20,Mexico City,4.0
4.0,RUS,63,Mercedes,2.0,2022,20,Mexico City,2.0
5.0,SAI,55,Ferrari,5.0,2022,20,Mexico City,5.0
6.0,LEC,16,Ferrari,7.0,2022,20,Mexico City,7.0
7.0,RIC,3,McLaren,11.0,2022,20,Mexico City,11.0
8.0,OCO,31,Alpine,10.0,2022,20,Mexico City,10.0
9.0,NOR,4,McLaren,8.0,2022,20,Mexico City,8.0
10.0,BOT,77,Alfa Romeo,6.0,2022,20,Mexico City,6.0
11.0,GAS,10,AlphaTauri,14.0,2022,20,Mexico City,14.0
12.0,ALB,23,Williams,17.0,2022,20,Mexico City,19.0
13.0,ZHO,24,Alfa Romeo,12.0,2022,20,Mexico City,12.0
14.0,VET,5,Aston Martin,16.0,2022,20,Mexico City,17.0
15.0,STR,18,Aston Martin,20.0,2022,20,Mexico City,18.0
16.0,MSC,47,Haas F1 Team,15.0,2022,20,Mexico City,16.0
17.0,MAG,20,Haas F1 Team,19.0,2022,20,Mexico City,15.0
18.0,LAT,6,Williams,18.0,2022,20,Mexico City,20.0
19.0,ALO,14,Alpine,9.0,2022,20,Mexico City,9.0
20.0,TSU,22,AlphaTauri,13.0,2022,20,Mexico City,13.0
1.0,RUS,63,Mercedes,1.0,2022,21,São Paulo,3.0
2.0,HAM,44,Mercedes,2.0,2022,21,São Paulo,8.0
3.0,SAI,55,Ferrari,7.0,2022,21,São Paulo,5.0
4.0,LEC,16,Ferrari,5.0,2022,21,São Paulo,10.0
5.0,ALO,14,Alpine,17.0,2022,21,São Paulo,7.0
6.0,VER,1,Red Bull Racing,3.0,2022,21,São Paulo,2.0
7.0,PER,11,Red Bull Racing,4.0,2022,21,São Paulo,9.0
8.0,OCO,31,Alpine,16.0,2022,21,São Paulo,6.0
9.0,BOT,77,Alfa Romeo,14.0,2022,21,São Paulo,18.0
10.0,STR,18,Aston Martin,15.0,2022,21,São Paulo,15.0
11.0,VET,5,Aston Martin,9.0,2022,21,São Paulo,13.0
12.0,ZHO,24,Alfa Romeo,13.0,2022,21,São Paulo,17.0
13.0,MSC,47,Haas F1 Team,12.0,2022,21,São Paulo,20.0
14.0,GAS,10,AlphaTauri,10.0,2022,21,São Paulo,12.0
15.0,ALB,23,Williams,19.0,2022,21,São Paulo,11.0
16.0,LAT,6,Williams,18.0,2022,21,São Paulo,16.0
17.0,TSU,22,AlphaTauri,21.0,2022,21,São Paulo,19.0
18.0,NOR,4,McLaren,6.0,2022,21,São Paulo,4.0
19.0,MAG,20,Haas F1 Team,8.0,2022,21,São Paulo,1.0
20.0,RIC,3,McLaren,11.0,2022,21,São Paulo,14.0
1.0,VER,1,Red Bull Racing,1.0,2022,22,Yas Island,1.0
2.0,LEC,16,Ferrari,3.0,2022,22,Yas Island,3.0
3.0,PER,11,Red Bull Racing,2.0,2022,22,Yas Island,2.0
4.0,SAI,55,Ferrari,4.0,2022,22,Yas Island,4.0
5.0,RUS,63,Mercedes,6.0,2022,22,Yas Island,6.0
6.0,NOR,4,McLaren,7.0,2022,22,Yas Island,7.0
7.0,OCO,31,Alpine,8.0,2022,22,Yas Island,8.0
8.0,STR,18,Aston Martin,14.0,2022,22,Yas Island,14.0
9.0,RIC,3,McLaren,13.0,2022,22,Yas Island,10.0
10.0,VET,5,Aston Martin,9.0,2022,22,Yas Island,9.0
11.0,TSU,22,AlphaTauri,11.0,2022,22,Yas Island,12.0
12.0,ZHO,24,Alfa Romeo,15.0,2022,22,Yas Island,15.0
13.0,ALB,23,Williams,19.0,2022,22,Yas Island,19.0
14.0,GAS,10,AlphaTauri,17.0,2022,22,Yas Island,17.0
15.0,BOT,77,Alfa Romeo,18.0,2022,22,Yas Island,18.0
16.0,MSC,47,Haas F1 Team,12.0,2022,22,Yas Island,13.0
17.0,MAG,20,Haas F1 Team,16.0,2022,22,Yas Island,16.0
18.0,HAM,44,Mercedes,5.0,2022,22,Yas Island,5.0
19.0,LAT,6,Williams,20.0,2022,22,Yas Island,20.0
20.0,ALO,14,Alpine,10.0,2022,22,Yas Island,11.0
1.0,VER,1,Red Bull Racing,1.0,2023,1,Sakhir,1.0
2.0,PER,11,Red Bull Racing,2.0,2023,1,Sakhir,2.0
3.0,ALO,14,Aston Martin,5.0,2023,1,Sakhir,5.0
4.0,SAI,55,Ferrari,4.0,2023,1,Sakhir,4.0
5.0,HAM,44,Mercedes,7.0,2023,1,Sakhir,7.0
6.0,STR,18,Aston Martin,8.0,2023,1,Sakhir,8.0
7.0,RUS,63,Mercedes,6.0,2023,1,Sakhir,6.0
8.0,BOT,77,Alfa Romeo,12.0,2023,1,Sakhir,12.0
9.0,GAS,10,Alpine,20.0,2023,1,Sakhir,20.0
10.0,ALB,23,Williams,15.0,2023,1,Sakhir,15.0
11.0,TSU,22,AlphaTauri,14.0,2023,1,Sakhir,14.0
12.0,SAR,2,Williams,16.0,2023,1,Sakhir,16.0
13.0,MAG,20,Haas F1 Team,17.0,2023,1,Sakhir,17.0
14.0,DEV,21,AlphaTauri,19.0,2023,1,Sakhir,19.0
15.0,HUL,27,Haas F1 Team,10.0,2023,1,Sakhir,10.0
16.0,ZHO,24,Alfa Romeo,13.0,2023,1,Sakhir,13.0
17.0,NOR,4,McLaren,11.0,2023,1,Sakhir,11.0
18.0,OCO,31,Alpine,9.0,2023,1,Sakhir,9.0
19.0,LEC,16,Ferrari,3.0,2023,1,Sakhir,3.0
20.0,PIA,81,McLaren,18.0,2023,1,Sakhir,18.0
1.0,PER,11,Red Bull Racing,1.0,2023,2,Jeddah,1.0
2.0,VER,1,Red Bull Racing,15.0,2023,2,Jeddah,15.0
3.0,ALO,14,Aston Martin,2.0,2023,2,Jeddah,3.0
4.0,RUS,63,Mercedes,3.0,2023,2,Jeddah,4.0
5.0,HAM,44,Mercedes,7.0,2023,2,Jeddah,8.0
6.0,SAI,55,Ferrari,4.0,2023,2,Jeddah,5.0
7.0,LEC,16,Ferrari,12.0,2023,2,Jeddah,2.0
8.0,OCO,31,Alpine,6.0,2023,2,Jeddah,7.0
9.0,GAS,10,Alpine,9.0,2023,2,Jeddah,10.0
10.0,MAG,20,Haas F1 Team,13.0,2023,2,Jeddah,13.0
11.0,TSU,22,AlphaTauri,16.0,2023,2,Jeddah,16.0
12.0,HUL,27,Haas F1 Team,10.0,2023,2,Jeddah,11.0
13.0,ZHO,24,Alfa Romeo,11.0,2023,2,Jeddah,12.0
14.0,DEV,21,AlphaTauri,18.0,2023,2,Jeddah,18.0
15.0,PIA,81,McLaren,8.0,2023,2,Jeddah,9.0
16.0,SAR,2,Williams,20.0,2023,2,Jeddah,20.0
17.0,NOR,4,McLaren,19.0,2023,2,Jeddah,19.0
18.0,BOT,77,Alfa Romeo,14.0,2023,2,Jeddah,14.0
19.0,ALB,23,Williams,17.0,2023,2,Jeddah,17.0
20.0,STR,18,Aston Martin,5.0,2023,2,Jeddah,6.0
1.0,VER,1,Red Bull Racing,1.0,2023,3,Melbourne,1.0
2.0,HAM,44,Mercedes,3.0,2023,3,Melbourne,3.0
3.0,ALO,14,Aston Martin,4.0,2023,3,Melbourne,4.0
4.0,STR,18,Aston Martin,6.0,2023,3,Melbourne,6.0
5.0,PER,11,Red Bull Racing,20.0,2023,3,Melbourne,20.0
6.0,NOR,4,McLaren,13.0,2023,3,Melbourne,13.0
7.0,HUL,27,Haas F1 Team,10.0,2023,3,Melbourne,10.0
8.0,PIA,81,McLaren,16.0,2023,3,Melbourne,16.0
9.0,ZHO,24,Alfa Romeo,17.0,2023,3,Melbourne,17.0
10.0,TSU,22,AlphaTauri,12.0,2023,3,Melbourne,12.0
11.0,BOT,77,Alfa Romeo,19.0,2023,3,Melbourne,19.0
12.0,SAI,55,Ferrari,5.0,2023,3,Melbourne,5.0
13.0,GAS,10,Alpine,9.0,2023,3,Melbourne,9.0
14.0,OCO,31,Alpine,11.0,2023,3,Melbourne,11.0
15.0,DEV,21,AlphaTauri,15.0,2023,3,Melbourne,15.0
16.0,SAR,2,Williams,18.0,2023,3,Melbourne,18.0
17.0,MAG,20,Haas F1 Team,14.0,2023,3,Melbourne,14.0
18.0,RUS,63,Mercedes,2.0,2023,3,Melbourne,2.0
19.0,ALB,23,Williams,8.0,2023,3,Melbourne,8.0
20.0,LEC,16,Ferrari,7.0,2023,3,Melbourne,7.0
1.0,PER,11,Red Bull Racing,3.0,2023,4,Baku,3.0
2.0,VER,1,Red Bull Racing,2.0,2023,4,Baku,2.0
3.0,LEC,16,Ferrari,1.0,2023,4,Baku,1.0
4.0,ALO,14,Aston Martin,6.0,2023,4,Baku,6.0
5.0,SAI,55,Ferrari,4.0,2023,4,Baku,4.0
6.0,HAM,44,Mercedes,5.0,2023,4,Baku,5.0
7.0,STR,18,Aston Martin,9.0,2023,4,Baku,9.0
8.0,RUS,63,Mercedes,11.0,2023,4,Baku,11.0
9.0,NOR,4,McLaren,7.0,2023,4,Baku,7.0
10.0,TSU,22,AlphaTauri,8.0,2023,4,Baku,8.0
11.0,PIA,81,McLaren,10.0,2023,4,Baku,10.0
12.0,ALB,23,Williams,12.0,2023,4,Baku,13.0
13.0,MAG,20,Haas F1 Team,16.0,2023,4,Baku,18.0
14.0,GAS,10,Alpine,17.0,2023,4,Baku,19.0
15.0,OCO,31,Alpine,19.0,2023,4,Baku,12.0
16.0,SAR,2,Williams,14.0,2023,4,Baku,15.0
17.0,HUL,27,Haas F1 Team,20.0,2023,4,Baku,17.0
18.0,BOT,77,Alfa Romeo,13.0,2023,4,Baku,14.0
19.0,ZHO,24,Alfa Romeo,15.0,2023,4,Baku,16.0
20.0,DEV,21,AlphaTauri,18.0,2023,4,Baku,20.0
1.0,VER,1,Red Bull Racing,9.0,2023,5,Miami,9.0
2.0,PER,11,Red Bull Racing,1.0,2023,5,Miami,1.0
3.0,ALO,14,Aston Martin,2.0,2023,5,Miami,2.0
4.0,RUS,63,Mercedes,6.0,2023,5,Miami,6.0
5.0,SAI,55,Ferrari,3.0,2023,5,Miami,3.0
6.0,HAM,44,Mercedes,13.0,2023,5,Miami,13.0
7.0,LEC,16,Ferrari,7.0,2023,5,Miami,7.0
8.0,GAS,10,Alpine,5.0,2023,5,Miami,5.0
9.0,OCO,31,Alpine,8.0,2023,5,Miami,8.0
10.0,MAG,20,Haas F1 Team,4.0,2023,5,Miami,4.0
11.0,TSU,22,AlphaTauri,17.0,2023,5,Miami,17.0
12.0,STR,18,Aston Martin,18.0,2023,5,Miami,18.0
13.0,BOT,77,Alfa Romeo,10.0,2023,5,Miami,10.0
14.0,ALB,23,Williams,11.0,2023,5,Miami,11.0
15.0,HUL,27,Haas F1 Team,12.0,2023,5,Miami,12.0
16.0,ZHO,24,Alfa Romeo,14.0,2023,5,Miami,14.0
17.0,NOR,4,McLaren,16.0,2023,5,Miami,16.0
18.0,DEV,21,AlphaTauri,15.0,2023,5,Miami,15.0
19.0,PIA,81,McLaren,19.0,2023,5,Miami,19.0
20.0,SAR,2,Williams,20.0,2023,5,Miami,20.0
1.0,VER,1,Red Bull Racing,1.0,2023,6,Monaco,1.0
2.0,ALO,14,Aston Martin,2.0,2023,6,Monaco,2.0
3.0,OCO,31,Alpine,3.0,2023,6,Monaco,4.0
4.0,HAM,44,Mercedes,5.0,2023,6,Monaco,6.0
5.0,RUS,63,Mercedes,8.0,2023,6,Monaco,8.0
6.0,LEC,16,Ferrari,6.0,2023,6,Monaco,3.0
7.0,GAS,10,Alpine,7.0,2023,6,Monaco,7.0
8.0,SAI,55,Ferrari,4.0,2023,6,Monaco,5.0
9.0,NOR,4,McLaren,10.0,2023,6,Monaco,10.0
10.0,PIA,81,McLaren,11.0,2023,6,Monaco,11.0
11.0,BOT,77,Alfa Romeo,15.0,2023,6,Monaco,15.0
12.0,DEV,21,AlphaTauri,12.0,2023,6,Monaco,12.0
13.0,ZHO,24,Alfa Romeo,19.0,2023,6,Monaco,19.0
14.0,ALB,23,Williams,13.0,2023,6,Monaco,13.0
15.0,TSU,22,AlphaTauri,9.0,2023,6,Monaco,9.0
16.0,PER,11,Red Bull Racing,20.0,2023,6,Monaco,20.0
17.0,HUL,27,Haas F1 Team,18.0,2023,6,Monaco,18.0
18.0,SAR,2,Williams,16.0,2023,6,Monaco,16.0
19.0,MAG,20,Haas F1 Team,17.0,2023,6,Monaco,17.0
20.0,STR,18,Aston Martin,14.0,2023,6,Monaco,14.0
1.0,VER,1,Red Bull Racing,1.0,2023,7,Barcelona,1.0
2.0,HAM,44,Mercedes,4.0,2023,7,Barcelona,5.0
3.0,RUS,63,Mercedes,12.0,2023,7,Barcelona,12.0
4.0,PER,11,Red Bull Racing,11.0,2023,7,Barcelona,11.0
5.0,SAI,55,Ferrari,2.0,2023,7,Barcelona,2.0
6.0,STR,18,Aston Martin,5.0,2023,7,Barcelona,6.0
7.0,ALO,14,Aston Martin,8.0,2023,7,Barcelona,9.0
8.0,OCO,31,Alpine,6.0,2023,7,Barcelona,7.0
9.0,ZHO,24,Alfa Romeo,13.0,2023,7,Barcelona,13.0
10.0,GAS,10,Alpine,10.0,2023,7,Barcelona,4.0
11.0,LEC,16,Ferrari,19.0,2023,7,Barcelona,19.0
12.0,TSU,22,AlphaTauri,15.0,2023,7,Barcelona,15.0
13.0,PIA,81,McLaren,9.0,2023,7,Barcelona,10.0
14.0,DEV,21,AlphaTauri,14.0,2023,7,Barcelona,14.0
15.0,HUL,27,Haas F1 Team,7.0,2023,7,Barcelona,8.0
16.0,ALB,23,Williams,18.0,2023,7,Barcelona,18.0
17.0,NOR,4,McLaren,3.0,2023,7,Barcelona,3.0
18.0,MAG,20,Haas F1 Team,17.0,2023,7,Barcelona,17.0
19.0,BOT,77,Alfa Romeo,16.0,2023,7,Barcelona,16.0
20.0,SAR,2,Williams,20.0,2023,7,Barcelona,20.0
1.0,VER,1,Red Bull Racing,1.0,2023,8,Montréal,1.0
2.0,ALO,14,Aston Martin,2.0,2023,8,Montréal,3.0
3.0,HAM,44,Mercedes,3.0,2023,8,Montréal,4.0
4.0,LEC,16,Ferrari,10.0,2023,8,Montréal,11.0
5.0,SAI,55,Ferrari,11.0,2023,8,Montréal,8.0
6.0,PER,11,Red Bull Racing,12.0,2023,8,Montréal,12.0
7.0,ALB,23,Williams,9.0,2023,8,Montréal,10.0
8.0,OCO,31,Alpine,6.0,2023,8,Montréal,6.0
9.0,STR,18,Aston Martin,16.0,2023,8,Montréal,13.0
10.0,BOT,77,Alfa Romeo,14.0,2023,8,Montréal,15.0
11.0,PIA,81,McLaren,8.0,2023,8,Montréal,9.0
12.0,GAS,10,Alpine,15.0,2023,8,Montréal,17.0
13.0,NOR,4,McLaren,7.0,2023,8,Montréal,7.0
14.0,TSU,22,AlphaTauri,19.0,2023,8,Montréal,16.0
15.0,HUL,27,Haas F1 Team,5.0,2023,8,Montréal,2.0
16.0,ZHO,24,Alfa Romeo,20.0,2023,8,Montréal,20.0
17.0,MAG,20,Haas F1 Team,13.0,2023,8,Montréal,14.0
18.0,DEV,21,AlphaTauri,17.0,2023,8,Montréal,18.0
19.0,RUS,63,Mercedes,4.0,2023,8,Montréal,5.0
20.0,SAR,2,Williams,18.0,2023,8,Montréal,19.0
1.0,VER,1,Red Bull Racing,1.0,2023,9,Spielberg,1.0
2.0,LEC,16,Ferrari,2.0,2023,9,Spielberg,2.0
3.0,PER,11,Red Bull Racing,15.0,2023,9,Spielberg,15.0
4.0,NOR,4,McLaren,4.0,2023,9,Spielberg,4.0
5.0,ALO,14,Aston Martin,7.0,2023,9,Spielberg,7.0
6.0,SAI,55,Ferrari,3.0,2023,9,Spielberg,3.0
7.0,RUS,63,Mercedes,11.0,2023,9,Spielberg,11.0
8.0,HAM,44,Mercedes,5.0,2023,9,Spielberg,5.0
9.0,STR,18,Aston Martin,6.0,2023,9,Spielberg,6.0
10.0,GAS,10,Alpine,9.0,2023,9,Spielberg,9.0
11.0,ALB,23,Williams,10.0,2023,9,Spielberg,10.0
12.0,ZHO,24,Alfa Romeo,17.0,2023,9,Spielberg,17.0
13.0,SAR,2,Williams,18.0,2023,9,Spielberg,18.0
14.0,OCO,31,Alpine,12.0,2023,9,Spielberg,12.0
15.0,BOT,77,Alfa Romeo,14.0,2023,9,Spielberg,14.0
16.0,PIA,81,McLaren,13.0,2023,9,Spielberg,13.0
17.0,DEV,21,AlphaTauri,20.0,2023,9,Spielberg,20.0
18.0,MAG,20,Haas F1 Team,19.0,2023,9,Spielberg,19.0
19.0,TSU,22,AlphaTauri,16.0,2023,9,Spielberg,16.0
20.0,HUL,27,Haas F1 Team,8.0,2023,9,Spielberg,8.0
1.0,VER,1,Red Bull Racing,1.0,2023,10,Silverstone,1.0
2.0,NOR,4,McLaren,2.0,2023,10,Silverstone,2.0
3.0,HAM,44,Mercedes,7.0,2023,10,Silverstone,7.0
4.0,PIA,81,McLaren,3.0,2023,10,Silverstone,3.0
5.0,RUS,63,Mercedes,6.0,2023,10,Silverstone,6.0
6.0,PER,11,Red Bull Racing,15.0,2023,10,Silverstone,15.0
7.0,ALO,14,Aston Martin,9.0,2023,10,Silverstone,9.0
8.0,ALB,23,Williams,8.0,2023,10,Silverstone,8.0
9.0,LEC,16,Ferrari,4.0,2023,10,Silverstone,4.0
10.0,SAI,55,Ferrari,5.0,2023,10,Silverstone,5.0
11.0,SAR,2,Williams,14.0,2023,10,Silverstone,14.0
12.0,BOT,77,Alfa Romeo,20.0,2023,10,Silverstone,15.0
13.0,HUL,27,Haas F1 Team,11.0,2023,10,Silverstone,11.0
14.0,STR,18,Aston Martin,12.0,2023,10,Silverstone,12.0
15.0,ZHO,24,Alfa Romeo,17.0,2023,10,Silverstone,17.0
16.0,TSU,22,AlphaTauri,16.0,2023,10,Silverstone,16.0
17.0,DEV,21,AlphaTauri,18.0,2023,10,Silverstone,18.0
18.0,GAS,10,Alpine,10.0,2023,10,Silverstone,10.0
19.0,MAG,20,Haas F1 Team,19.0,2023,10,Silverstone,19.0
20.0,OCO,31,Alpine,13.0,2023,10,Silverstone,13.0
1.0,VER,1,Red Bull Racing,2.0,2023,11,Budapest,2.0
2.0,NOR,4,McLaren,3.0,2023,11,Budapest,3.0
3.0,PER,11,Red Bull Racing,9.0,2023,11,Budapest,9.0
4.0,HAM,44,Mercedes,1.0,2023,11,Budapest,1.0
5.0,PIA,81,McLaren,4.0,2023,11,Budapest,4.0
6.0,RUS,63,Mercedes,18.0,2023,11,Budapest,18.0
7.0,LEC,16,Ferrari,6.0,2023,11,Budapest,6.0
8.0,SAI,55,Ferrari,11.0,2023,11,Budapest,11.0
9.0,ALO,14,Aston Martin,8.0,2023,11,Budapest,8.0
10.0,STR,18,Aston Martin,14.0,2023,11,Budapest,14.0
11.0,ALB,23,Williams,16.0,2023,11,Budapest,16.0
12.0,BOT,77,Alfa Romeo,7.0,2023,11,Budapest,7.0
13.0,RIC,3,AlphaTauri,13.0,2023,11,Budapest,13.0
14.0,HUL,27,Haas F1 Team,10.0,2023,11,Budapest,10.0
15.0,TSU,22,AlphaTauri,17.0,2023,11,Budapest,17.0
16.0,ZHO,24,Alfa Romeo,5.0,2023,11,Budapest,5.0
17.0,MAG,20,Haas F1 Team,19.0,2023,11,Budapest,19.0
18.0,SAR,2,Williams,20.0,2023,11,Budapest,20.0
19.0,OCO,31,Alpine,12.0,2023,11,Budapest,12.0
20.0,GAS,10,Alpine,15.0,2023,11,Budapest,15.0
1.0,VER,1,Red Bull Racing,6.0,2023,12,Spa-Francorchamps,1.0
2.0,PER,11,Red Bull Racing,2.0,2023,12,Spa-Francorchamps,3.0
3.0,LEC,16,Ferrari,1.0,2023,12,Spa-Francorchamps,2.0
4.0,HAM,44,Mercedes,3.0,2023,12,Spa-Francorchamps,4.0
5.0,ALO,14,Aston Martin,9.0,2023,12,Spa-Francorchamps,9.0
6.0,RUS,63,Mercedes,8.0,2023,12,Spa-Francorchamps,8.0
7.0,NOR,4,McLaren,7.0,2023,12,Spa-Francorchamps,7.0
8.0,OCO,31,Alpine,14.0,2023,12,Spa-Francorchamps,15.0
9.0,STR,18,Aston Martin,10.0,2023,12,Spa-Francorchamps,10.0
10.0,TSU,22,AlphaTauri,11.0,2023,12,Spa-Francorchamps,11.0
11.0,GAS,10,Alpine,12.0,2023,12,Spa-Francorchamps,12.0
12.0,BOT,77,Alfa Romeo,13.0,2023,12,Spa-Francorchamps,14.0
13.0,ZHO,24,Alfa Romeo,17.0,2023,12,Spa-Francorchamps,17.0
14.0,ALB,23,Williams,15.0,2023,12,Spa-Francorchamps,16.0
15.0,MAG,20,Haas F1 Team,16.0,2023,12,Spa-Francorchamps,13.0
16.0,RIC,3,AlphaTauri,19.0,2023,12,Spa-Francorchamps,19.0
17.0,SAR,2,Williams,18.0,2023,12,Spa-Francorchamps,18.0
18.0,HUL,27,Haas F1 Team,20.0,2023,12,Spa-Francorchamps,20.0
19.0,SAI,55,Ferrari,4.0,2023,12,Spa-Francorchamps,5.0
20.0,PIA,81,McLaren,5.0,2023,12,Spa-Francorchamps,6.0
1.0,VER,1,Red Bull Racing,1.0,2023,13,Zandvoort,1.0
2.0,ALO,14,Aston Martin,5.0,2023,13,Zandvoort,5.0
3.0,GAS,10,Alpine,12.0,2023,13,Zandvoort,12.0
4.0,PER,11,Red Bull Racing,7.0,2023,13,Zandvoort,7.0
5.0,SAI,55,Ferrari,6.0,2023,13,Zandvoort,6.0
6.0,HAM,44,Mercedes,13.0,2023,13,Zandvoort,13.0
7.0,NOR,4,McLaren,2.0,2023,13,Zandvoort,2.0
8.0,ALB,23,Williams,4.0,2023,13,Zandvoort,4.0
9.0,PIA,81,McLaren,8.0,2023,13,Zandvoort,8.0
10.0,OCO,31,Alpine,16.0,2023,13,Zandvoort,17.0
11.0,STR,18,Aston Martin,11.0,2023,13,Zandvoort,11.0
12.0,HUL,27,Haas F1 Team,14.0,2023,13,Zandvoort,15.0
13.0,LAW,40,AlphaTauri,19.0,2023,13,Zandvoort,20.0
14.0,BOT,77,Alfa Romeo,18.0,2023,13,Zandvoort,19.0
15.0,TSU,22,AlphaTauri,17.0,2023,13,Zandvoort,14.0
16.0,MAG,20,Haas F1 Team,21.0,2023,13,Zandvoort,18.0
17.0,RUS,63,Mercedes,3.0,2023,13,Zandvoort,3.0
18.0,ZHO,24,Alfa Romeo,15.0,2023,13,Zandvoort,16.0
19.0,LEC,16,Ferrari,9.0,2023,13,Zandvoort,9.0
20.0,SAR,2,Williams,10.0,2023,13,Zandvoort,10.0
1.0,VER,1,Red Bull Racing,2.0,2023,14,Monza,2.0
2.0,PER,11,Red Bull Racing,5.0,2023,14,Monza,5.0
3.0,SAI,55,Ferrari,1.0,2023,14,Monza,1.0
4.0,LEC,16,Ferrari,3.0,2023,14,Monza,3.0
5.0,RUS,63,Mercedes,4.0,2023,14,Monza,4.0
6.0,HAM,44,Mercedes,8.0,2023,14,Monza,8.0
7.0,ALB,23,Williams,6.0,2023,14,Monza,6.0
8.0,NOR,4,McLaren,9.0,2023,14,Monza,9.0
9.0,ALO,14,Aston Martin,10.0,2023,14,Monza,10.0
10.0,BOT,77,Alfa Romeo,14.0,2023,14,Monza,14.0
11.0,LAW,40,AlphaTauri,12.0,2023,14,Monza,12.0
12.0,PIA,81,McLaren,7.0,2023,14,Monza,7.0
13.0,SAR,2,Williams,15.0,2023,14,Monza,15.0
14.0,ZHO,24,Alfa Romeo,16.0,2023,14,Monza,16.0
15.0,GAS,10,Alpine,17.0,2023,14,Monza,17.0
16.0,STR,18,Aston Martin,20.0,2023,14,Monza,20.0
17.0,HUL,27,Haas F1 Team,13.0,2023,14,Monza,13.0
18.0,MAG,20,Haas F1 Team,19.0,2023,14,Monza,19.0
19.0,OCO,31,Alpine,18.0,2023,14,Monza,18.0
20.0,TSU,22,AlphaTauri,11.0,2023,14,Monza,11.0
1.0,SAI,55,Ferrari,1.0,2023,15,Marina Bay,1.0
2.0,NOR,4,McLaren,4.0,2023,15,Marina Bay,4.0
3.0,HAM,44,Mercedes,5.0,2023,15,Marina Bay,5.0
4.0,LEC,16,Ferrari,3.0,2023,15,Marina Bay,3.0
5.0,VER,1,Red Bull Racing,11.0,2023,15,Marina Bay,11.0
6.0,GAS,10,Alpine,12.0,2023,15,Marina Bay,12.0
7.0,PIA,81,McLaren,17.0,2023,15,Marina Bay,17.0
8.0,PER,11,Red Bull Racing,13.0,2023,15,Marina Bay,13.0
9.0,LAW,40,AlphaTauri,10.0,2023,15,Marina Bay,10.0
10.0,MAG,20,Haas F1 Team,6.0,2023,15,Marina Bay,6.0
11.0,ALB,23,Williams,14.0,2023,15,Marina Bay,14.0
12.0,ZHO,24,Alfa Romeo,19.0,2023,15,Marina Bay,19.0
13.0,HUL,27,Haas F1 Team,9.0,2023,15,Marina Bay,9.0
14.0,SAR,2,Williams,18.0,2023,15,Marina Bay,18.0
15.0,ALO,14,Aston Martin,7.0,2023,15,Marina Bay,7.0
16.0,RUS,63,Mercedes,2.0,2023,15,Marina Bay,2.0
17.0,BOT,77,Alfa Romeo,16.0,2023,15,Marina Bay,16.0
18.0,OCO,31,Alpine,8.0,2023,15,Marina Bay,8.0
19.0,TSU,22,AlphaTauri,15.0,2023,15,Marina Bay,15.0
1.0,VER,1,Red Bull Racing,1.0,2023,16,Suzuka,1.0
2.0,NOR,4,McLaren,3.0,2023,16,Suzuka,3.0
3.0,PIA,81,McLaren,2.0,2023,16,Suzuka,2.0
4.0,LEC,16,Ferrari,4.0,2023,16,Suzuka,4.0
5.0,HAM,44,Mercedes,7.0,2023,16,Suzuka,7.0
6.0,SAI,55,Ferrari,6.0,2023,16,Suzuka,6.0
7.0,RUS,63,Mercedes,8.0,2023,16,Suzuka,8.0
8.0,ALO,14,Aston Martin,10.0,2023,16,Suzuka,10.0
9.0,OCO,31,Alpine,14.0,2023,16,Suzuka,14.0
10.0,GAS,10,Alpine,12.0,2023,16,Suzuka,12.0
11.0,LAW,40,AlphaTauri,11.0,2023,16,Suzuka,11.0
12.0,TSU,22,AlphaTauri,9.0,2023,16,Suzuka,9.0
13.0,ZHO,24,Alfa Romeo,19.0,2023,16,Suzuka,19.0
14.0,HUL,27,Haas F1 Team,18.0,2023,16,Suzuka,18.0
15.0,MAG,20,Haas F1 Team,15.0,2023,16,Suzuka,15.0
16.0,ALB,23,Williams,13.0,2023,16,Suzuka,13.0
17.0,SAR,2,Williams,20.0,2023,16,Suzuka,20.0
18.0,STR,18,Aston Martin,17.0,2023,16,Suzuka,17.0
19.0,PER,11,Red Bull Racing,5.0,2023,16,Suzuka,5.0
20.0,BOT,77,Alfa Romeo,16.0,2023,16,Suzuka,16.0
1.0,VER,1,Red Bull Racing,1.0,2023,17,Lusail,1.0
2.0,PIA,81,McLaren,6.0,2023,17,Lusail,6.0
3.0,NOR,4,McLaren,10.0,2023,17,Lusail,10.0
4.0,RUS,63,Mercedes,2.0,2023,17,Lusail,2.0
5.0,LEC,16,Ferrari,5.0,2023,17,Lusail,5.0
6.0,ALO,14,Aston Martin,4.0,2023,17,Lusail,4.0
7.0,OCO,31,Alpine,8.0,2023,17,Lusail,8.0
8.0,BOT,77,Alfa Romeo,9.0,2023,17,Lusail,9.0
9.0,ZHO,24,Alfa Romeo,19.0,2023,17,Lusail,20.0
10.0,PER,11,Red Bull Racing,20.0,2023,17,Lusail,13.0
11.0,STR,18,Aston Martin,16.0,2023,17,Lusail,17.0
12.0,GAS,10,Alpine,7.0,2023,17,Lusail,7.0
13.0,ALB,23,Williams,13.0,2023,17,Lusail,14.0
14.0,MAG,20,Haas F1 Team,18.0,2023,17,Lusail,19.0
15.0,TSU,22,AlphaTauri,11.0,2023,17,Lusail,11.0
16.0,HUL,27,Haas F1 Team,14.0,2023,17,Lusail,15.0
17.0,LAW,40,AlphaTauri,17.0,2023,17,Lusail,18.0
18.0,SAR,2,Williams,15.0,2023,17,Lusail,16.0
19.0,HAM,44,Mercedes,3.0,2023,17,Lusail,3.0
20.0,SAI,55,Ferrari,12.0,2023,17,Lusail,12.0
1.0,VER,1,Red Bull Racing,6.0,2023,18,Austin,6.0
2.0,NOR,4,McLaren,2.0,2023,18,Austin,2.0
3.0,SAI,55,Ferrari,4.0,2023,18,Austin,4.0
4.0,PER,11,Red Bull Racing,9.0,2023,18,Austin,9.0
5.0,RUS,63,Mercedes,5.0,2023,18,Austin,5.0
6.0,GAS,10,Alpine,7.0,2023,18,Austin,7.0
7.0,STR,18,Aston Martin,20.0,2023,18,Austin,19.0
8.0,TSU,22,AlphaTauri,11.0,2023,18,Austin,11.0
9.0,ALB,23,Williams,15.0,2023,18,Austin,18.0
10.0,SAR,2,Williams,16.0,2023,18,Austin,20.0
11.0,HUL,27,Haas F1 Team,18.0,2023,18,Austin,16.0
12.0,BOT,77,Alfa Romeo,13.0,2023,18,Austin,13.0
13.0,ZHO,24,Alfa Romeo,12.0,2023,18,Austin,12.0
14.0,MAG,20,Haas F1 Team,17.0,2023,18,Austin,14.0
15.0,RIC,3,AlphaTauri,14.0,2023,18,Austin,15.0
16.0,ALO,14,Aston Martin,19.0,2023,18,Austin,17.0
17.0,PIA,81,McLaren,10.0,2023,18,Austin,10.0
18.0,OCO,31,Alpine,8.0,2023,18,Austin,8.0
19.0,HAM,44,Mercedes,3.0,2023,18,Austin,3.0
20.0,LEC,16,Ferrari,1.0,2023,18,Austin,1.0
1.0,VER,1,Red Bull Racing,3.0,2023,19,Mexico City,3.0
2.0,HAM,44,Mercedes,6.0,2023,19,Mexico City,6.0
3.0,LEC,16,Ferrari,1.0,2023,19,Mexico City,1.0
4.0,SAI,55,Ferrari,2.0,2023,19,Mexico City,2.0
5.0,NOR,4,McLaren,17.0,2023,19,Mexico City,19.0
6.0,RUS,63,Mercedes,8.0,2023,19,Mexico City,8.0
7.0,RIC,3,AlphaTauri,4.0,2023,19,Mexico City,4.0
8.0,PIA,81,McLaren,7.0,2023,19,Mexico City,7.0
9.0,ALB,23,Williams,14.0,2023,19,Mexico City,14.0
10.0,OCO,31,Alpine,15.0,2023,19,Mexico City,16.0
11.0,GAS,10,Alpine,11.0,2023,19,Mexico City,11.0
12.0,TSU,22,AlphaTauri,18.0,2023,19,Mexico City,15.0
13.0,HUL,27,Haas F1 Team,12.0,2023,19,Mexico City,12.0
14.0,ZHO,24,Alfa Romeo,10.0,2023,19,Mexico City,10.0
15.0,BOT,77,Alfa Romeo,9.0,2023,19,Mexico City,9.0
16.0,SAR,2,Williams,19.0,2023,19,Mexico City,20.0
17.0,STR,18,Aston Martin,21.0,2023,19,Mexico City,18.0
18.0,ALO,14,Aston Martin,13.0,2023,19,Mexico City,13.0
19.0,MAG,20,Haas F1 Team,16.0,2023,19,Mexico City,17.0
20.0,PER,11,Red Bull Racing,5.0,2023,19,Mexico City,5.0
1.0,VER,1,Red Bull Racing,1.0,2023,20,São Paulo,1.0
2.0,NOR,4,McLaren,6.0,2023,20,São Paulo,7.0
3.0,ALO,14,Aston Martin,4.0,2023,20,São Paulo,4.0
4.0,PER,11,Red Bull Racing,9.0,2023,20,São Paulo,9.0
5.0,STR,18,Aston Martin,3.0,2023,20,São Paulo,3.0
6.0,SAI,55,Ferrari,7.0,2023,20,São Paulo,8.0
7.0,GAS,10,Alpine,15.0,2023,20,São Paulo,13.0
8.0,HAM,44,Mercedes,5.0,2023,20,São Paulo,5.0
9.0,TSU,22,AlphaTauri,16.0,2023,20,São Paulo,16.0
10.0,OCO,31,Alpine,14.0,2023,20,São Paulo,12.0
11.0,SAR,2,Williams,19.0,2023,20,São Paulo,19.0
12.0,HUL,27,Haas F1 Team,11.0,2023,20,São Paulo,11.0
13.0,RIC,3,AlphaTauri,17.0,2023,20,São Paulo,17.0
14.0,PIA,81,McLaren,10.0,2023,20,São Paulo,10.0
15.0,RUS,63,Mercedes,8.0,2023,20,São Paulo,6.0
16.0,BOT,77,Alfa Romeo,18.0,2023,20,São Paulo,18.0
17.0,ZHO,24,Alfa Romeo,20.0,2023,20,São Paulo,20.0
18.0,MAG,20,Haas F1 Team,12.0,2023,20,São Paulo,14.0
19.0,ALB,23,Williams,13.0,2023,20,São Paulo,15.0
20.0,LEC,16,Ferrari,2.0,2023,20,São Paulo,2.0
1.0,VER,1,Red Bull Racing,2.0,2023,21,Las Vegas,3.0
2.0,LEC,16,Ferrari,1.0,2023,21,Las Vegas,1.0
3.0,PER,11,Red Bull Racing,11.0,2023,21,Las Vegas,12.0
4.0,OCO,31,Alpine,16.0,2023,21,Las Vegas,17.0
5.0,STR,18,Aston Martin,19.0,2023,21,Las Vegas,14.0
6.0,SAI,55,Ferrari,12.0,2023,21,Las Vegas,2.0
7.0,HAM,44,Mercedes,10.0,2023,21,Las Vegas,11.0
8.0,RUS,63,Mercedes,3.0,2023,21,Las Vegas,4.0
9.0,ALO,14,Aston Martin,9.0,2023,21,Las Vegas,10.0
10.0,PIA,81,McLaren,18.0,2023,21,Las Vegas,19.0
11.0,GAS,10,Alpine,4.0,2023,21,Las Vegas,5.0
12.0,ALB,23,Williams,5.0,2023,21,Las Vegas,6.0
13.0,MAG,20,Haas F1 Team,8.0,2023,21,Las Vegas,9.0
14.0,RIC,3,AlphaTauri,14.0,2023,21,Las Vegas,15.0
15.0,ZHO,24,Alfa Romeo,17.0,2023,21,Las Vegas,18.0
16.0,SAR,2,Williams,6.0,2023,21,Las Vegas,7.0
17.0,BOT,77,Alfa Romeo,7.0,2023,21,Las Vegas,8.0
18.0,TSU,22,AlphaTauri,20.0,2023,21,Las Vegas,20.0
19.0,HUL,27,Haas F1 Team,13.0,2023,21,Las Vegas,13.0
20.0,NOR,4,McLaren,15.0,2023,21,Las Vegas,16.0
1.0,VER,1,Red Bull Racing,1.0,2024,1,Sakhir,1.0
2.0,PER,11,Red Bull Racing,5.0,2024,1,Sakhir,5.0
3.0,SAI,55,Ferrari,4.0,2024,1,Sakhir,4.0
4.0,LEC,16,Ferrari,2.0,2024,1,Sakhir,2.0
5.0,RUS,63,Mercedes,3.0,2024,1,Sakhir,3.0
6.0,NOR,4,McLaren,7.0,2024,1,Sakhir,7.0
7.0,HAM,44,Mercedes,9.0,2024,1,Sakhir,9.0
8.0,PIA,81,McLaren,8.0,2024,1,Sakhir,8.0
9.0,ALO,14,Aston Martin,6.0,2024,1,Sakhir,6.0
10.0,STR,18,Aston Martin,12.0,2024,1,Sakhir,12.0
11.0,ZHO,24,Kick Sauber,17.0,2024,1,Sakhir,17.0
12.0,MAG,20,Haas F1 Team,15.0,2024,1,Sakhir,15.0
13.0,RIC,3,RB,14.0,2024,1,Sakhir,14.0
14.0,TSU,22,RB,11.0,2024,1,Sakhir,11.0
15.0,ALB,23,Williams,13.0,2024,1,Sakhir,13.0
16.0,HUL,27,Haas F1 Team,10.0,2024,1,Sakhir,10.0
17.0,OCO,31,Alpine,19.0,2024,1,Sakhir,19.0
18.0,GAS,10,Alpine,20.0,2024,1,Sakhir,20.0
19.0,BOT,77,Kick Sauber,16.0,2024,1,Sakhir,16.0
20.0,SAR,2,Williams,18.0,2024,1,Sakhir,18.0
1.0,VER,1,Red Bull Racing,1.0,2024,2,Jeddah,1.0
2.0,PER,11,Red Bull Racing,3.0,2024,2,Jeddah,3.0
3.0,LEC,16,Ferrari,2.0,2024,2,Jeddah,2.0
4.0,PIA,81,McLaren,5.0,2024,2,Jeddah,5.0
5.0,ALO,14,Aston Martin,4.0,2024,2,Jeddah,4.0
6.0,RUS,63,Mercedes,7.0,2024,2,Jeddah,7.0
7.0,BEA,38,Ferrari,11.0,2024,2,Jeddah,11.0
8.0,NOR,4,McLaren,6.0,2024,2,Jeddah,6.0
9.0,HAM,44,Mercedes,8.0,2024,2,Jeddah,8.0
10.0,HUL,27,Haas F1 Team,15.0,2024,2,Jeddah,15.0
11.0,ALB,23,Williams,12.0,2024,2,Jeddah,12.0
12.0,MAG,20,Haas F1 Team,13.0,2024,2,Jeddah,13.0
13.0,OCO,31,Alpine,17.0,2024,2,Jeddah,17.0
14.0,SAR,2,Williams,19.0,2024,2,Jeddah,19.0
15.0,TSU,22,RB,9.0,2024,2,Jeddah,9.0
16.0,RIC,3,RB,14.0,2024,2,Jeddah,14.0
17.0,BOT,77,Kick Sauber,16.0,2024,2,Jeddah,16.0
18.0,ZHO,24,Kick Sauber,20.0,2024,2,Jeddah,20.0
19.0,STR,18,Aston Martin,10.0,2024,2,Jeddah,10.0
20.0,GAS,10,Alpine,18.0,2024,2,Jeddah,18.0
1.0,SAI,55,Ferrari,2.0,2024,3,Melbourne,2.0
2.0,LEC,16,Ferrari,4.0,2024,3,Melbourne,5.0
3.0,NOR,4,McLaren,3.0,2024,3,Melbourne,4.0
4.0,PIA,81,McLaren,5.0,2024,3,Melbourne,6.0
5.0,PER,11,Red Bull Racing,6.0,2024,3,Melbourne,3.0
6.0,STR,18,Aston Martin,9.0,2024,3,Melbourne,9.0
7.0,TSU,22,RB,8.0,2024,3,Melbourne,8.0
8.0,ALO,14,Aston Martin,10.0,2024,3,Melbourne,10.0
9.0,HUL,27,Haas F1 Team,16.0,2024,3,Melbourne,16.0
10.0,MAG,20,Haas F1 Team,14.0,2024,3,Melbourne,14.0
11.0,ALB,23,Williams,12.0,2024,3,Melbourne,12.0
12.0,RIC,3,RB,18.0,2024,3,Melbourne,18.0
13.0,GAS,10,Alpine,17.0,2024,3,Melbourne,17.0
14.0,BOT,77,Kick Sauber,13.0,2024,3,Melbourne,13.0
15.0,ZHO,24,Kick Sauber,19.0,2024,3,Melbourne,19.0
16.0,OCO,31,Alpine,15.0,2024,3,Melbourne,15.0
17.0,RUS,63,Mercedes,7.0,2024,3,Melbourne,7.0
18.0,HAM,44,Mercedes,11.0,2024,3,Melbourne,11.0
19.0,VER,1,Red Bull Racing,1.0,2024,3,Melbourne,1.0
1.0,VER,1,Red Bull Racing,1.0,2024,4,Suzuka,1.0
2.0,PER,11,Red Bull Racing,2.0,2024,4,Suzuka,2.0
3.0,SAI,55,Ferrari,4.0,2024,4,Suzuka,4.0
4.0,LEC,16,Ferrari,8.0,2024,4,Suzuka,8.0
5.0,NOR,4,McLaren,3.0,2024,4,Suzuka,3.0
6.0,ALO,14,Aston Martin,5.0,2024,4,Suzuka,5.0
7.0,RUS,63,Mercedes,9.0,2024,4,Suzuka,9.0
8.0,PIA,81,McLaren,6.0,2024,4,Suzuka,6.0
9.0,HAM,44,Mercedes,7.0,2024,4,Suzuka,7.0
10.0,TSU,22,RB,10.0,2024,4,Suzuka,10.0
11.0,HUL,27,Haas F1 Team,12.0,2024,4,Suzuka,12.0
12.0,STR,18,Aston Martin,16.0,2024,4,Suzuka,16.0
13.0,MAG,20,Haas F1 Team,18.0,2024,4,Suzuka,18.0
14.0,BOT,77,Kick Sauber,13.0,2024,4,Suzuka,13.0
15.0,OCO,31,Alpine,15.0,2024,4,Suzuka,15.0
16.0,GAS,10,Alpine,17.0,2024,4,Suzuka,17.0
17.0,SAR,2,Williams,19.0,2024,4,Suzuka,19.0
18.0,ZHO,24,Kick Sauber,20.0,2024,4,Suzuka,20.0
19.0,RIC,3,RB,11.0,2024,4,Suzuka,11.0
20.0,ALB,23,Williams,14.0,2024,4,Suzuka,14.0
1.0,VER,1,Red Bull Racing,1.0,2024,5,Shanghai,1.0
2.0,NOR,4,McLaren,4.0,2024,5,Shanghai,4.0
3.0,PER,11,Red Bull Racing,2.0,2024,5,Shanghai,2.0
4.0,LEC,16,Ferrari,6.0,2024,5,Shanghai,6.0
5.0,SAI,55,Ferrari,7.0,2024,5,Shanghai,7.0
6.0,RUS,63,Mercedes,8.0,2024,5,Shanghai,8.0
7.0,ALO,14,Aston Martin,3.0,2024,5,Shanghai,3.0
8.0,PIA,81,McLaren,5.0,2024,5,Shanghai,5.0
9.0,HAM,44,Mercedes,18.0,2024,5,Shanghai,18.0
10.0,HUL,27,Haas F1 Team,9.0,2024,5,Shanghai,9.0
11.0,OCO,31,Alpine,13.0,2024,5,Shanghai,13.0
12.0,ALB,23,Williams,14.0,2024,5,Shanghai,14.0
13.0,GAS,10,Alpine,15.0,2024,5,Shanghai,15.0
14.0,ZHO,24,Kick Sauber,16.0,2024,5,Shanghai,16.0
15.0,STR,18,Aston Martin,11.0,2024,5,Shanghai,11.0
16.0,MAG,20,Haas F1 Team,17.0,2024,5,Shanghai,17.0
17.0,SAR,2,Williams,20.0,2024,5,Shanghai,20.0
18.0,RIC,3,RB,12.0,2024,5,Shanghai,12.0
19.0,TSU,22,RB,19.0,2024,5,Shanghai,19.0
20.0,BOT,77,Kick Sauber,10.0,2024,5,Shanghai,10.0
1.0,NOR,4,McLaren,5.0,2024,6,Miami,5.0
2.0,VER,1,Red Bull Racing,1.0,2024,6,Miami,1.0
3.0,LEC,16,Ferrari,2.0,2024,6,Miami,2.0
4.0,PER,11,Red Bull Racing,4.0,2024,6,Miami,4.0
5.0,SAI,55,Ferrari,3.0,2024,6,Miami,3.0
6.0,HAM,44,Mercedes,8.0,2024,6,Miami,8.0
7.0,TSU,22,RB,10.0,2024,6,Miami,10.0
8.0,RUS,63,Mercedes,7.0,2024,6,Miami,7.0
9.0,ALO,14,Aston Martin,15.0,2024,6,Miami,15.0
10.0,OCO,31,Alpine,13.0,2024,6,Miami,13.0
11.0,HUL,27,Haas F1 Team,9.0,2024,6,Miami,9.0
12.0,GAS,10,Alpine,12.0,2024,6,Miami,12.0
13.0,PIA,81,McLaren,6.0,2024,6,Miami,6.0
14.0,ZHO,24,Kick Sauber,19.0,2024,6,Miami,20.0
15.0,RIC,3,RB,20.0,2024,6,Miami,18.0
16.0,BOT,77,Kick Sauber,16.0,2024,6,Miami,16.0
17.0,STR,18,Aston Martin,11.0,2024,6,Miami,11.0
18.0,ALB,23,Williams,14.0,2024,6,Miami,14.0
19.0,MAG,20,Haas F1 Team,18.0,2024,6,Miami,19.0
20.0,SAR,2,Williams,17.0,2024,6,Miami,17.0
1.0,VER,1,Red Bull Racing,1.0,2024,7,Imola,1.0
2.0,NOR,4,McLaren,2.0,2024,7,Imola,3.0
3.0,LEC,16,Ferrari,3.0,2024,7,Imola,4.0
4.0,PIA,81,McLaren,5.0,2024,7,Imola,2.0
5.0,SAI,55,Ferrari,4.0,2024,7,Imola,5.0
6.0,HAM,44,Mercedes,8.0,2024,7,Imola,8.0
7.0,RUS,63,Mercedes,6.0,2024,7,Imola,6.0
8.0,PER,11,Red Bull Racing,11.0,2024,7,Imola,11.0
9.0,STR,18,Aston Martin,13.0,2024,7,Imola,13.0
10.0,TSU,22,RB,7.0,2024,7,Imola,7.0
11.0,HUL,27,Haas F1 Team,10.0,2024,7,Imola,10.0
12.0,MAG,20,Haas F1 Team,18.0,2024,7,Imola,18.0
13.0,RIC,3,RB,9.0,2024,7,Imola,9.0
14.0,OCO,31,Alpine,12.0,2024,7,Imola,12.0
15.0,ZHO,24,Kick Sauber,17.0,2024,7,Imola,17.0
16.0,GAS,10,Alpine,15.0,2024,7,Imola,15.0
17.0,SAR,2,Williams,19.0,2024,7,Imola,20.0
18.0,BOT,77,Kick Sauber,16.0,2024,7,Imola,16.0
19.0,ALO,14,Aston Martin,20.0,2024,7,Imola,19.0
20.0,ALB,23,Williams,14.0,2024,7,Imola,14.0
1.0,LEC,16,Ferrari,1.0,2024,8,Monaco,1.0
2.0,PIA,81,McLaren,2.0,2024,8,Monaco,2.0
3.0,SAI,55,Ferrari,3.0,2024,8,Monaco,3.0
4.0,NOR,4,McLaren,4.0,2024,8,Monaco,4.0
5.0,RUS,63,Mercedes,5.0,2024,8,Monaco,5.0
6.0,VER,1,Red Bull Racing,6.0,2024,8,Monaco,6.0
7.0,HAM,44,Mercedes,7.0,2024,8,Monaco,7.0
8.0,TSU,22,RB,8.0,2024,8,Monaco,8.0
9.0,ALB,23,Williams,9.0,2024,8,Monaco,9.0
10.0,GAS,10,Alpine,10.0,2024,8,Monaco,10.0
11.0,ALO,14,Aston Martin,14.0,2024,8,Monaco,14.0
12.0,RIC,3,RB,12.0,2024,8,Monaco,12.0
13.0,BOT,77,Kick Sauber,17.0,2024,8,Monaco,17.0
14.0,STR,18,Aston Martin,13.0,2024,8,Monaco,13.0
15.0,SAR,2,Williams,15.0,2024,8,Monaco,15.0
16.0,ZHO,24,Kick Sauber,18.0,2024,8,Monaco,18.0
17.0,OCO,31,Alpine,11.0,2024,8,Monaco,11.0
18.0,PER,11,Red Bull Racing,16.0,2024,8,Monaco,16.0
19.0,HUL,27,Haas F1 Team,19.0,2024,8,Monaco,14.0
20.0,MAG,20,Haas F1 Team,20.0,2024,8,Monaco,15.0
1.0,VER,1,Red Bull Racing,2.0,2024,9,Montréal,2.0
2.0,NOR,4,McLaren,3.0,2024,9,Montréal,3.0
3.0,RUS,63,Mercedes,1.0,2024,9,Montréal,1.0
4.0,HAM,44,Mercedes,7.0,2024,9,Montréal,7.0
5.0,PIA,81,McLaren,4.0,2024,9,Montréal,4.0
6.0,ALO,14,Aston Martin,6.0,2024,9,Montréal,6.0
7.0,STR,18,Aston Martin,9.0,2024,9,Montréal,9.0
8.0,RIC,3,RB,5.0,2024,9,Montréal,5.0
9.0,GAS,10,Alpine,15.0,2024,9,Montréal,15.0
10.0,OCO,31,Alpine,18.0,2024,9,Montréal,18.0
11.0,HUL,27,Haas F1 Team,17.0,2024,9,Montréal,19.0
12.0,MAG,20,Haas F1 Team,14.0,2024,9,Montréal,14.0
13.0,BOT,77,Kick Sauber,19.0,2024,9,Montréal,17.0
14.0,TSU,22,RB,8.0,2024,9,Montréal,8.0
15.0,ZHO,24,Kick Sauber,20.0,2024,9,Montréal,20.0
16.0,SAI,55,Ferrari,12.0,2024,9,Montréal,12.0
17.0,ALB,23,Williams,10.0,2024,9,Montréal,10.0
18.0,PER,11,Red Bull Racing,16.0,2024,9,Montréal,16.0
19.0,LEC,16,Ferrari,11.0,2024,9,Montréal,11.0
20.0,SAR,2,Williams,13.0,2024,9,Montréal,13.0
1.0,VER,1,Red Bull Racing,2.0,2024,10,Barcelona,2.0
2.0,NOR,4,McLaren,1.0,2024,10,Barcelona,1.0
3.0,HAM,44,Mercedes,3.0,2024,10,Barcelona,3.0
4.0,RUS,63,Mercedes,4.0,2024,10,Barcelona,4.0
5.0,LEC,16,Ferrari,5.0,2024,10,Barcelona,5.0
6.0,SAI,55,Ferrari,6.0,2024,10,Barcelona,6.0
7.0,PIA,81,McLaren,9.0,2024,10,Barcelona,10.0
8.0,PER,11,Red Bull Racing,11.0,2024,10,Barcelona,8.0
9.0,GAS,10,Alpine,7.0,2024,10,Barcelona,7.0
10.0,OCO,31,Alpine,8.0,2024,10,Barcelona,9.0
11.0,HUL,27,Haas F1 Team,13.0,2024,10,Barcelona,13.0
12.0,ALO,14,Aston Martin,10.0,2024,10,Barcelona,11.0
13.0,ZHO,24,Kick Sauber,15.0,2024,10,Barcelona,15.0
14.0,STR,18,Aston Martin,14.0,2024,10,Barcelona,14.0
15.0,RIC,3,RB,18.0,2024,10,Barcelona,18.0
16.0,BOT,77,Kick Sauber,12.0,2024,10,Barcelona,12.0
17.0,MAG,20,Haas F1 Team,16.0,2024,10,Barcelona,16.0
18.0,ALB,23,Williams,20.0,2024,10,Barcelona,19.0
19.0,TSU,22,RB,17.0,2024,10,Barcelona,17.0
20.0,SAR,2,Williams,19.0,2024,10,Barcelona,20.0
1.0,RUS,63,Mercedes,3.0,2024,11,Spielberg,3.0
2.0,PIA,81,McLaren,7.0,2024,11,Spielberg,7.0
3.0,SAI,55,Ferrari,4.0,2024,11,Spielberg,4.0
4.0,HAM,44,Mercedes,5.0,2024,11,Spielberg,5.0
5.0,VER,1,Red Bull Racing,1.0,2024,11,Spielberg,1.0
6.0,HUL,27,Haas F1 Team,9.0,2024,11,Spielberg,9.0
7.0,PER,11,Red Bull Racing,8.0,2024,11,Spielberg,8.0
8.0,MAG,20,Haas F1 Team,12.0,2024,11,Spielberg,12.0
9.0,RIC,3,RB,11.0,2024,11,Spielberg,11.0
10.0,GAS,10,Alpine,13.0,2024,11,Spielberg,13.0
11.0,LEC,16,Ferrari,6.0,2024,11,Spielberg,6.0
12.0,OCO,31,Alpine,10.0,2024,11,Spielberg,10.0
13.0,STR,18,Aston Martin,17.0,2024,11,Spielberg,17.0
14.0,TSU,22,RB,14.0,2024,11,Spielberg,14.0
15.0,ALB,23,Williams,16.0,2024,11,Spielberg,16.0
16.0,BOT,77,Kick Sauber,18.0,2024,11,Spielberg,18.0
17.0,ZHO,24,Kick Sauber,20.0,2024,11,Spielberg,20.0
18.0,ALO,14,Aston Martin,15.0,2024,11,Spielberg,15.0
19.0,SAR,2,Williams,19.0,2024,11,Spielberg,19.0
20.0,NOR,4,McLaren,2.0,2024,11,Spielberg,2.0
1.0,HAM,44,Mercedes,2.0,2024,12,Silverstone,2.0
2.0,VER,1,Red Bull Racing,4.0,2024,12,Silverstone,4.0
3.0,NOR,4,McLaren,3.0,2024,12,Silverstone,3.0
4.0,PIA,81,McLaren,5.0,2024,12,Silverstone,5.0
5.0,SAI,55,Ferrari,7.0,2024,12,Silverstone,7.0
6.0,HUL,27,Haas F1 Team,6.0,2024,12,Silverstone,6.0
7.0,STR,18,Aston Martin,8.0,2024,12,Silverstone,8.0
8.0,ALO,14,Aston Martin,10.0,2024,12,Silverstone,10.0
9.0,ALB,23,Williams,9.0,2024,12,Silverstone,9.0
10.0,TSU,22,RB,13.0,2024,12,Silverstone,13.0
11.0,SAR,2,Williams,12.0,2024,12,Silverstone,12.0
12.0,MAG,20,Haas F1 Team,17.0,2024,12,Silverstone,17.0
13.0,RIC,3,RB,15.0,2024,12,Silverstone,15.0
14.0,LEC,16,Ferrari,11.0,2024,12,Silverstone,11.0
15.0,BOT,77,Kick Sauber,16.0,2024,12,Silverstone,16.0
16.0,OCO,31,Alpine,18.0,2024,12,Silverstone,18.0
17.0,PER,11,Red Bull Racing,20.0,2024,12,Silverstone,19.0
18.0,ZHO,24,Kick Sauber,14.0,2024,12,Silverstone,14.0
19.0,RUS,63,Mercedes,1.0,2024,12,Silverstone,1.0
20.0,GAS,10,Alpine,19.0,2024,12,Silverstone,20.0
1.0,PIA,81,McLaren,2.0,2024,13,Budapest,2.0
2.0,NOR,4,McLaren,1.0,2024,13,Budapest,1.0
3.0,HAM,44,Mercedes,5.0,2024,13,Budapest,5.0
4.0,LEC,16,Ferrari,6.0,2024,13,Budapest,6.0
5.0,VER,1,Red Bull Racing,3.0,2024,13,Budapest,3.0
6.0,SAI,55,Ferrari,4.0,2024,13,Budapest,4.0
7.0,PER,11,Red Bull Racing,16.0,2024,13,Budapest,16.0
8.0,RUS,63,Mercedes,17.0,2024,13,Budapest,17.0
9.0,TSU,22,RB,10.0,2024,13,Budapest,10.0
10.0,STR,18,Aston Martin,8.0,2024,13,Budapest,8.0
11.0,ALO,14,Aston Martin,7.0,2024,13,Budapest,7.0
12.0,RIC,3,RB,9.0,2024,13,Budapest,9.0
13.0,HUL,27,Haas F1 Team,11.0,2024,13,Budapest,11.0
14.0,ALB,23,Williams,13.0,2024,13,Budapest,13.0
15.0,MAG,20,Haas F1 Team,15.0,2024,13,Budapest,15.0
16.0,BOT,77,Kick Sauber,12.0,2024,13,Budapest,12.0
17.0,SAR,2,Williams,14.0,2024,13,Budapest,14.0
18.0,OCO,31,Alpine,19.0,2024,13,Budapest,19.0
19.0,ZHO,24,Kick Sauber,18.0,2024,13,Budapest,18.0
20.0,GAS,10,Alpine,20.0,2024,13,Budapest,20.0
1.0,HAM,44,Mercedes,3.0,2024,14,Spa-Francorchamps,4.0
2.0,PIA,81,McLaren,5.0,2024,14,Spa-Francorchamps,6.0
3.0,LEC,16,Ferrari,1.0,2024,14,Spa-Francorchamps,2.0
4.0,VER,1,Red Bull Racing,11.0,2024,14,Spa-Francorchamps,1.0
5.0,NOR,4,McLaren,4.0,2024,14,Spa-Francorchamps,5.0
6.0,SAI,55,Ferrari,7.0,2024,14,Spa-Francorchamps,8.0
7.0,PER,11,Red Bull Racing,2.0,2024,14,Spa-Francorchamps,3.0
8.0,ALO,14,Aston Martin,8.0,2024,14,Spa-Francorchamps,9.0
9.0,OCO,31,Alpine,9.0,2024,14,Spa-Francorchamps,10.0
10.0,RIC,3,RB,13.0,2024,14,Spa-Francorchamps,13.0
11.0,STR,18,Aston Martin,15.0,2024,14,Spa-Francorchamps,15.0
12.0,ALB,23,Williams,10.0,2024,14,Spa-Francorchamps,11.0
13.0,GAS,10,Alpine,12.0,2024,14,Spa-Francorchamps,12.0
14.0,MAG,20,Haas F1 Team,17.0,2024,14,Spa-Francorchamps,17.0
15.0,BOT,77,Kick Sauber,14.0,2024,14,Spa-Francorchamps,14.0
16.0,TSU,22,RB,20.0,2024,14,Spa-Francorchamps,18.0
17.0,SAR,2,Williams,18.0,2024,14,Spa-Francorchamps,19.0
18.0,HUL,27,Haas F1 Team,16.0,2024,14,Spa-Francorchamps,16.0
19.0,ZHO,24,Kick Sauber,19.0,2024,14,Spa-Francorchamps,20.0
20.0,RUS,63,Mercedes,6.0,2024,14,Spa-Francorchamps,7.0
1.0,NOR,4,McLaren,1.0,2024,15,Zandvoort,1.0
2.0,VER,1,Red Bull Racing,2.0,2024,15,Zandvoort,2.0
3.0,LEC,16,Ferrari,6.0,2024,15,Zandvoort,6.0
4.0,PIA,81,McLaren,3.0,2024,15,Zandvoort,3.0
5.0,SAI,55,Ferrari,10.0,2024,15,Zandvoort,10.0
6.0,PER,11,Red Bull Racing,5.0,2024,15,Zandvoort,5.0
7.0,RUS,63,Mercedes,4.0,2024,15,Zandvoort,4.0
8.0,HAM,44,Mercedes,14.0,2024,15,Zandvoort,11.0
9.0,GAS,10,Alpine,9.0,2024,15,Zandvoort,9.0
10.0,ALO,14,Aston Martin,7.0,2024,15,Zandvoort,7.0
11.0,HUL,27,Haas F1 Team,12.0,2024,15,Zandvoort,13.0
12.0,RIC,3,RB,13.0,2024,15,Zandvoort,15.0
13.0,STR,18,Aston Martin,8.0,2024,15,Zandvoort,8.0
14.0,ALB,23,Williams,19.0,2024,15,Zandvoort,10.0
15.0,OCO,31,Alpine,15.0,2024,15,Zandvoort,16.0
16.0,SAR,2,Williams,18.0,2024,15,Zandvoort,20.0
17.0,TSU,22,RB,11.0,2024,15,Zandvoort,12.0
18.0,MAG,20,Haas F1 Team,20.0,2024,15,Zandvoort,14.0
19.0,BOT,77,Kick Sauber,16.0,2024,15,Zandvoort,17.0
20.0,ZHO,24,Kick Sauber,17.0,2024,15,Zandvoort,18.0
1.0,LEC,16,Ferrari,4.0,2024,16,Monza,4.0
2.0,PIA,81,McLaren,2.0,2024,16,Monza,2.0
3.0,NOR,4,McLaren,1.0,2024,16,Monza,1.0
4.0,SAI,55,Ferrari,5.0,2024,16,Monza,5.0
5.0,HAM,44,Mercedes,6.0,2024,16,Monza,6.0
6.0,VER,1,Red Bull Racing,7.0,2024,16,Monza,7.0
7.0,RUS,63,Mercedes,3.0,2024,16,Monza,3.0
8.0,PER,11,Red Bull Racing,8.0,2024,16,Monza,8.0
9.0,ALB,23,Williams,9.0,2024,16,Monza,9.0
10.0,MAG,20,Haas F1 Team,13.0,2024,16,Monza,13.0
11.0,ALO,14,Aston Martin,11.0,2024,16,Monza,11.0
12.0,COL,43,Williams,18.0,2024,16,Monza,18.0
13.0,RIC,3,RB,12.0,2024,16,Monza,12.0
14.0,OCO,31,Alpine,15.0,2024,16,Monza,15.0
15.0,GAS,10,Alpine,14.0,2024,16,Monza,14.0
16.0,BOT,77,Kick Sauber,19.0,2024,16,Monza,19.0
17.0,HUL,27,Haas F1 Team,10.0,2024,16,Monza,10.0
18.0,ZHO,24,Kick Sauber,20.0,2024,16,Monza,20.0
19.0,STR,18,Aston Martin,17.0,2024,16,Monza,17.0
20.0,TSU,22,RB,16.0,2024,16,Monza,16.0
1.0,PIA,81,McLaren,2.0,2024,17,Baku,2.0
2.0,LEC,16,Ferrari,1.0,2024,17,Baku,1.0
3.0,RUS,63,Mercedes,5.0,2024,17,Baku,5.0
4.0,NOR,4,McLaren,15.0,2024,17,Baku,16.0
5.0,VER,1,Red Bull Racing,6.0,2024,17,Baku,6.0
6.0,ALO,14,Aston Martin,7.0,2024,17,Baku,8.0
7.0,ALB,23,Williams,9.0,2024,17,Baku,10.0
8.0,COL,43,Williams,8.0,2024,17,Baku,9.0
9.0,HAM,44,Mercedes,19.0,2024,17,Baku,7.0
10.0,BEA,50,Haas F1 Team,10.0,2024,17,Baku,11.0
11.0,HUL,27,Haas F1 Team,12.0,2024,17,Baku,13.0
12.0,GAS,10,Alpine,18.0,2024,17,Baku,15.0
13.0,RIC,3,RB,14.0,2024,17,Baku,15.0
14.0,ZHO,24,Kick Sauber,17.0,2024,17,Baku,18.0
15.0,OCO,31,Alpine,20.0,2024,17,Baku,19.0
16.0,BOT,77,Kick Sauber,16.0,2024,17,Baku,17.0
17.0,PER,11,Red Bull Racing,4.0,2024,17,Baku,4.0
18.0,SAI,55,Ferrari,3.0,2024,17,Baku,3.0
19.0,STR,18,Aston Martin,13.0,2024,17,Baku,14.0
20.0,TSU,22,RB,11.0,2024,17,Baku,12.0
1.0,NOR,4,McLaren,1.0,2024,18,Marina Bay,1.0
2.0,VER,1,Red Bull Racing,2.0,2024,18,Marina Bay,2.0
3.0,PIA,81,McLaren,5.0,2024,18,Marina Bay,5.0
4.0,RUS,63,Mercedes,4.0,2024,18,Marina Bay,4.0
5.0,LEC,16,Ferrari,9.0,2024,18,Marina Bay,9.0
6.0,HAM,44,Mercedes,3.0,2024,18,Marina Bay,3.0
7.0,SAI,55,Ferrari,10.0,2024,18,Marina Bay,10.0
8.0,ALO,14,Aston Martin,7.0,2024,18,Marina Bay,7.0
9.0,HUL,27,Haas F1 Team,6.0,2024,18,Marina Bay,6.0
10.0,PER,11,Red Bull Racing,13.0,2024,18,Marina Bay,13.0
11.0,COL,43,Williams,12.0,2024,18,Marina Bay,12.0
12.0,TSU,22,RB,8.0,2024,18,Marina Bay,8.0
13.0,OCO,31,Alpine,15.0,2024,18,Marina Bay,15.0
14.0,STR,18,Aston Martin,17.0,2024,18,Marina Bay,17.0
15.0,ZHO,24,Kick Sauber,20.0,2024,18,Marina Bay,20.0
16.0,BOT,77,Kick Sauber,19.0,2024,18,Marina Bay,19.0
17.0,GAS,10,Alpine,18.0,2024,18,Marina Bay,18.0
18.0,RIC,3,RB,16.0,2024,18,Marina Bay,16.0
19.0,MAG,20,Haas F1 Team,14.0,2024,18,Marina Bay,14.0
20.0,ALB,23,Williams,11.0,2024,18,Marina Bay,11.0
1.0,LEC,16,Ferrari,4.0,2024,19,Austin,4.0
2.0,SAI,55,Ferrari,3.0,2024,19,Austin,3.0
3.0,VER,1,Red Bull Racing,2.0,2024,19,Austin,2.0
4.0,NOR,4,McLaren,1.0,2024,19,Austin,1.0
5.0,PIA,81,McLaren,5.0,2024,19,Austin,5.0
6.0,RUS,63,Mercedes,20.0,2024,19,Austin,6.0
7.0,PER,11,Red Bull Racing,9.0,2024,19,Austin,10.0
8.0,HUL,27,Haas F1 Team,11.0,2024,19,Austin,12.0
9.0,LAW,30,RB,19.0,2024,19,Austin,15.0
10.0,COL,43,Williams,15.0,2024,19,Austin,17.0
11.0,MAG,20,Haas F1 Team,8.0,2024,19,Austin,9.0
12.0,GAS,10,Alpine,6.0,2024,19,Austin,7.0
13.0,ALO,14,Aston Martin,7.0,2024,19,Austin,8.0
14.0,TSU,22,RB,10.0,2024,19,Austin,11.0
15.0,STR,18,Aston Martin,13.0,2024,19,Austin,14.0
16.0,ALB,23,Williams,14.0,2024,19,Austin,16.0
17.0,BOT,77,Kick Sauber,16.0,2024,19,Austin,18.0
18.0,OCO,31,Alpine,12.0,2024,19,Austin,13.0
19.0,ZHO,24,Kick Sauber,18.0,2024,19,Austin,20.0
20.0,HAM,44,Mercedes,17.0,2024,19,Austin,19.0
1.0,SAI,55,Ferrari,1.0,2024,20,Mexico City,1.0
2.0,NOR,4,McLaren,3.0,2024,20,Mexico City,3.0
3.0,LEC,16,Ferrari,4.0,2024,20,Mexico City,4.0
4.0,HAM,44,Mercedes,6.0,2024,20,Mexico City,6.0
5.0,RUS,63,Mercedes,5.0,2024,20,Mexico City,5.0
6.0,VER,1,Red Bull Racing,2.0,2024,20,Mexico City,2.0
7.0,MAG,20,Haas F1 Team,7.0,2024,20,Mexico City,7.0
8.0,PIA,81,McLaren,17.0,2024,20,Mexico City,17.0
9.0,HUL,27,Haas F1 Team,10.0,2024,20,Mexico City,10.0
10.0,GAS,10,Alpine,8.0,2024,20,Mexico City,8.0
11.0,STR,18,Aston Martin,14.0,2024,20,Mexico City,14.0
12.0,COL,43,Williams,16.0,2024,20,Mexico City,16.0
13.0,OCO,31,Alpine,21.0,2024,20,Mexico City,19.0
14.0,BOT,77,Kick Sauber,15.0,2024,20,Mexico City,15.0
15.0,ZHO,24,Kick Sauber,19.0,2024,20,Mexico City,20.0
16.0,LAW,30,RB,12.0,2024,20,Mexico City,12.0
17.0,PER,11,Red Bull Racing,18.0,2024,20,Mexico City,18.0
18.0,ALO,14,Aston Martin,13.0,2024,20,Mexico City,13.0
19.0,ALB,23,Williams,9.0,2024,20,Mexico City,9.0
20.0,TSU,22,RB,11.0,2024,20,Mexico City,11.0
1.0,VER,1,Red Bull Racing,17.0,2024,21,São Paulo,12.0
2.0,OCO,31,Alpine,4.0,2024,21,São Paulo,4.0
3.0,GAS,10,Alpine,13.0,2024,21,São Paulo,15.0
4.0,RUS,63,Mercedes,2.0,2024,21,São Paulo,2.0
5.0,LEC,16,Ferrari,6.0,2024,21,São Paulo,6.0
6.0,NOR,4,McLaren,1.0,2024,21,São Paulo,1.0
7.0,TSU,22,RB,3.0,2024,21,São Paulo,3.0
8.0,PIA,81,McLaren,8.0,2024,21,São Paulo,8.0
9.0,LAW,30,RB,5.0,2024,21,São Paulo,5.0
10.0,HAM,44,Mercedes,14.0,2024,21,São Paulo,16.0
11.0,PER,11,Red Bull Racing,12.0,2024,21,São Paulo,13.0
12.0,BEA,50,Haas F1 Team,15.0,2024,21,São Paulo,17.0
13.0,BOT,77,Kick Sauber,11.0,2024,21,São Paulo,11.0
14.0,ALO,14,Aston Martin,9.0,2024,21,São Paulo,9.0
15.0,ZHO,24,Kick Sauber,19.0,2024,21,São Paulo,20.0
16.0,SAI,55,Ferrari,20.0,2024,21,São Paulo,14.0
17.0,COL,43,Williams,16.0,2024,21,São Paulo,18.0
18.0,ALB,23,Williams,7.0,2024,21,São Paulo,7.0
19.0,STR,18,Aston Martin,10.0,2024,21,São Paulo,10.0
20.0,HUL,27,Haas F1 Team,18.0,2024,21,São Paulo,19.0
1.0,RUS,63,Mercedes,1.0,2024,22,Las Vegas,1.0
2.0,HAM,44,Mercedes,10.0,2024,22,Las Vegas,10.0
3.0,SAI,55,Ferrari,2.0,2024,22,Las Vegas,2.0
4.0,LEC,16,Ferrari,4.0,2024,22,Las Vegas,4.0
5.0,VER,1,Red Bull Racing,5.0,2024,22,Las Vegas,5.0
6.0,NOR,4,McLaren,6.0,2024,22,Las Vegas,6.0
7.0,PIA,81,McLaren,8.0,2024,22,Las Vegas,8.0
8.0,HUL,27,Haas F1 Team,9.0,2024,22,Las Vegas,9.0
9.0,TSU,22,RB,7.0,2024,22,Las Vegas,7.0
10.0,PER,11,Red Bull Racing,15.0,2024,22,Las Vegas,16.0
11.0,ALO,14,Aston Martin,16.0,2024,22,Las Vegas,17.0
12.0,MAG,20,Haas F1 Team,12.0,2024,22,Las Vegas,12.0
13.0,ZHO,24,Kick Sauber,13.0,2024,22,Las Vegas,13.0
14.0,COL,43,Williams,20.0,2024,22,Las Vegas,14.0
15.0,STR,18,Aston Martin,18.0,2024,22,Las Vegas,20.0
16.0,LAW,30,RB,14.0,2024,22,Las Vegas,15.0
17.0,OCO,31,Alpine,11.0,2024,22,Las Vegas,11.0
18.0,BOT,77,Kick Sauber,19.0,2024,22,Las Vegas,19.0
19.0,ALB,23,Williams,17.0,2024,22,Las Vegas,18.0
20.0,GAS,10,Alpine,3.0,2024,22,Las Vegas,3.0
1.0,VER,1,Red Bull Racing,2.0,2024,23,Lusail,1.0
2.0,LEC,16,Ferrari,5.0,2024,23,Lusail,5.0
3.0,PIA,81,McLaren,4.0,2024,23,Lusail,4.0
4.0,RUS,63,Mercedes,1.0,2024,23,Lusail,2.0
5.0,GAS,10,Alpine,11.0,2024,23,Lusail,11.0
6.0,SAI,55,Ferrari,7.0,2024,23,Lusail,7.0
7.0,ALO,14,Aston Martin,8.0,2024,23,Lusail,8.0
8.0,ZHO,24,Kick Sauber,12.0,2024,23,Lusail,12.0
9.0,MAG,20,Haas F1 Team,10.0,2024,23,Lusail,10.0
10.0,NOR,4,McLaren,3.0,2024,23,Lusail,3.0
11.0,BOT,77,Kick Sauber,13.0,2024,23,Lusail,13.0
12.0,HAM,44,Mercedes,6.0,2024,23,Lusail,6.0
13.0,TSU,22,RB,14.0,2024,23,Lusail,14.0
14.0,LAW,30,RB,17.0,2024,23,Lusail,17.0
15.0,ALB,23,Williams,16.0,2024,23,Lusail,16.0
16.0,HUL,27,Haas F1 Team,18.0,2024,23,Lusail,18.0
17.0,PER,11,Red Bull Racing,9.0,2024,23,Lusail,9.0
18.0,STR,18,Aston Martin,15.0,2024,23,Lusail,15.0
19.0,COL,43,Williams,19.0,2024,23,Lusail,19.0
20.0,OCO,31,Alpine,20.0,2024,23,Lusail,20.0
1.0,NOR,4,McLaren,1.0,2024,24,Yas Island,1.0
2.0,SAI,55,Ferrari,3.0,2024,24,Yas Island,3.0
3.0,LEC,16,Ferrari,19.0,2024,24,Yas Island,14.0
4.0,HAM,44,Mercedes,16.0,2024,24,Yas Island,18.0
5.0,RUS,63,Mercedes,6.0,2024,24,Yas Island,7.0
6.0,VER,1,Red Bull Racing,4.0,2024,24,Yas Island,5.0
7.0,GAS,10,Alpine,5.0,2024,24,Yas Island,6.0
8.0,HUL,27,Haas F1 Team,7.0,2024,24,Yas Island,4.0
9.0,ALO,14,Aston Martin,8.0,2024,24,Yas Island,8.0
10.0,PIA,81,McLaren,2.0,2024,24,Yas Island,2.0
11.0,ALB,23,Williams,18.0,2024,24,Yas Island,16.0
12.0,TSU,22,RB,11.0,2024,24,Yas Island,11.0
13.0,ZHO,24,Kick Sauber,15.0,2024,24,Yas Island,17.0
14.0,STR,18,Aston Martin,13.0,2024,24,Yas Island,13.0
15.0,DOO,61,Alpine,17.0,2024,24,Yas Island,20.0
16.0,MAG,20,Haas F1 Team,14.0,2024,24,Yas Island,15.0
17.0,LAW,30,RB,12.0,2024,24,Yas Island,12.0
18.0,BOT,77,Kick Sauber,9.0,2024,24,Yas Island,9.0
19.0,COL,43,Williams,20.0,2024,24,Yas Island,19.0
20.0,PER,11,Red Bull Racing,10.0,2024,24,Yas Island,10.0
1.0,NOR,4,McLaren,1.0,2025,1,Melbourne,1.0
2.0,VER,1,Red Bull Racing,3.0,2025,1,Melbourne,3.0
3.0,RUS,63,Mercedes,4.0,2025,1,Melbourne,4.0
4.0,ANT,12,Mercedes,16.0,2025,1,Melbourne,16.0
5.0,ALB,23,Williams,6.0,2025,1,Melbourne,6.0
6.0,STR,18,Aston Martin,13.0,2025,1,Melbourne,13.0
7.0,HUL,27,Kick Sauber,17.0,2025,1,Melbourne,17.0
8.0,LEC,16,Ferrari,7.0,2025,1,Melbourne,7.0
9.0,PIA,81,McLaren,2.0,2025,1,Melbourne,2.0
10.0,HAM,44,Ferrari,8.0,2025,1,Melbourne,8.0
11.0,GAS,10,Alpine,9.0,2025,1,Melbourne,9.0
12.0,TSU,22,Racing Bulls,5.0,2025,1,Melbourne,5.0
13.0,OCO,31,Haas F1 Team,19.0,2025,1,Melbourne,19.0
14.0,BEA,87,Haas F1 Team,20.0,2025,1,Melbourne,20.0
15.0,LAW,30,Red Bull Racing,18.0,2025,1,Melbourne,18.0
16.0,BOR,5,Kick Sauber,15.0,2025,1,Melbourne,15.0
17.0,ALO,14,Aston Martin,12.0,2025,1,Melbourne,12.0
18.0,SAI,55,Williams,10.0,2025,1,Melbourne,10.0
19.0,DOO,7,Alpine,14.0,2025,1,Melbourne,14.0
20.0,HAD,6,Racing Bulls,11.0,2025,1,Melbourne,11.0
1.0,PIA,81,McLaren,1.0,2025,2,Shanghai,1.0
2.0,NOR,4,McLaren,3.0,2025,2,Shanghai,3.0
3.0,RUS,63,Mercedes,2.0,2025,2,Shanghai,2.0
4.0,VER,1,Red Bull Racing,4.0,2025,2,Shanghai,4.0
5.0,OCO,31,Haas F1 Team,11.0,2025,2,Shanghai,11.0
6.0,ANT,12,Mercedes,8.0,2025,2,Shanghai,8.0
7.0,ALB,23,Williams,10.0,2025,2,Shanghai,10.0
8.0,BEA,87,Haas F1 Team,17.0,2025,2,Shanghai,17.0
9.0,STR,18,Aston Martin,14.0,2025,2,Shanghai,14.0
10.0,SAI,55,Williams,15.0,2025,2,Shanghai,15.0
11.0,HAD,6,Racing Bulls,7.0,2025,2,Shanghai,7.0
12.0,LAW,30,Red Bull Racing,20.0,2025,2,Shanghai,20.0
13.0,DOO,7,Alpine,18.0,2025,2,Shanghai,18.0
14.0,BOR,5,Kick Sauber,19.0,2025,2,Shanghai,19.0
15.0,HUL,27,Kick Sauber,12.0,2025,2,Shanghai,12.0
16.0,TSU,22,Racing Bulls,9.0,2025,2,Shanghai,9.0
17.0,ALO,14,Aston Martin,13.0,2025,2,Shanghai,13.0
18.0,LEC,16,Ferrari,6.0,2025,2,Shanghai,6.0
19.0,HAM,44,Ferrari,5.0,2025,2,Shanghai,5.0
20.0,GAS,10,Alpine,16.0,2025,2,Shanghai,16.0
1.0,VER,1,Red Bull Racing,1.0,2025,3,Suzuka,1.0
2.0,NOR,4,McLaren,2.0,2025,3,Suzuka,2.0
3.0,PIA,81,McLaren,3.0,2025,3,Suzuka,3.0
4.0,LEC,16,Ferrari,4.0,2025,3,Suzuka,4.0
5.0,RUS,63,Mercedes,5.0,2025,3,Suzuka,5.0
6.0,ANT,12,Mercedes,6.0,2025,3,Suzuka,6.0
7.0,HAM,44,Ferrari,8.0,2025,3,Suzuka,8.0
8.0,HAD,6,Racing Bulls,7.0,2025,3,Suzuka,7.0
9.0,ALB,23,Williams,9.0,2025,3,Suzuka,9.0
10.0,BEA,87,Haas F1 Team,10.0,2025,3,Suzuka,10.0
11.0,ALO,14,Aston Martin,12.0,2025,3,Suzuka,13.0
12.0,TSU,22,Red Bull Racing,14.0,2025,3,Suzuka,15.0
13.0,GAS,10,Alpine,11.0,2025,3,Suzuka,11.0
14.0,SAI,55,Williams,15.0,2025,3,Suzuka,12.0
15.0,DOO,7,Alpine,19.0,2025,3,Suzuka,19.0
16.0,HUL,27,Kick Sauber,16.0,2025,3,Suzuka,16.0
17.0,LAW,30,Racing Bulls,13.0,2025,3,Suzuka,14.0
18.0,OCO,31,Haas F1 Team,18.0,2025,3,Suzuka,18.0
19.0,BOR,5,Kick Sauber,17.0,2025,3,Suzuka,17.0
20.0,STR,18,Aston Martin,20.0,2025,3,Suzuka,20.0
1.0,PIA,81,McLaren,1.0,2025,4,Sakhir,1.0
2.0,RUS,63,Mercedes,3.0,2025,4,Sakhir,2.0
3.0,NOR,4,McLaren,6.0,2025,4,Sakhir,6.0
4.0,LEC,16,Ferrari,2.0,2025,4,Sakhir,3.0
5.0,HAM,44,Ferrari,9.0,2025,4,Sakhir,9.0
6.0,VER,1,Red Bull Racing,7.0,2025,4,Sakhir,7.0
7.0,GAS,10,Alpine,4.0,2025,4,Sakhir,5.0
8.0,OCO,31,Haas F1 Team,14.0,2025,4,Sakhir,14.0
9.0,TSU,22,Red Bull Racing,10.0,2025,4,Sakhir,10.0
10.0,BEA,87,Haas F1 Team,20.0,2025,4,Sakhir,20.0
11.0,ANT,12,Mercedes,5.0,2025,4,Sakhir,4.0
12.0,ALB,23,Williams,15.0,2025,4,Sakhir,15.0
13.0,HAD,6,Racing Bulls,12.0,2025,4,Sakhir,12.0
14.0,DOO,7,Alpine,11.0,2025,4,Sakhir,11.0
15.0,ALO,14,Aston Martin,13.0,2025,4,Sakhir,13.0
16.0,LAW,30,Racing Bulls,17.0,2025,4,Sakhir,17.0
17.0,STR,18,Aston Martin,19.0,2025,4,Sakhir,19.0
18.0,BOR,5,Kick Sauber,18.0,2025,4,Sakhir,18.0
19.0,SAI,55,Williams,8.0,2025,4,Sakhir,8.0
20.0,HUL,27,Kick Sauber,16.0,2025,4,Sakhir,16.0
1.0,PIA,81,McLaren,2.0,2025,5,Jeddah,2.0
2.0,VER,1,Red Bull Racing,1.0,2025,5,Jeddah,1.0
3.0,LEC,16,Ferrari,4.0,2025,5,Jeddah,4.0
4.0,NOR,4,McLaren,10.0,2025,5,Jeddah,10.0
5.0,RUS,63,Mercedes,3.0,2025,5,Jeddah,3.0
6.0,ANT,12,Mercedes,5.0,2025,5,Jeddah,5.0
7.0,HAM,44,Ferrari,7.0,2025,5,Jeddah,7.0
8.0,SAI,55,Williams,6.0,2025,5,Jeddah,6.0
9.0,ALB,23,Williams,11.0,2025,5,Jeddah,11.0
10.0,HAD,6,Racing Bulls,14.0,2025,5,Jeddah,14.0
11.0,ALO,14,Aston Martin,13.0,2025,5,Jeddah,13.0
12.0,LAW,30,Racing Bulls,12.0,2025,5,Jeddah,12.0
13.0,BEA,87,Haas F1 Team,15.0,2025,5,Jeddah,15.0
14.0,OCO,31,Haas F1 Team,19.0,2025,5,Jeddah,19.0
15.0,HUL,27,Kick Sauber,18.0,2025,5,Jeddah,18.0
16.0,STR,18,Aston Martin,16.0,2025,5,Jeddah,16.0
17.0,DOO,7,Alpine,17.0,2025,5,Jeddah,17.0
18.0,BOR,5,Kick Sauber,20.0,2025,5,Jeddah,20.0
19.0,TSU,22,Red Bull Racing,8.0,2025,5,Jeddah,8.0
20.0,GAS,10,Alpine,9.0,2025,5,Jeddah,9.0
1.0,PIA,81,McLaren,4.0,2025,6,Miami,4.0
2.0,NOR,4,McLaren,2.0,2025,6,Miami,2.0
3.0,RUS,63,Mercedes,5.0,2025,6,Miami,5.0
4.0,VER,1,Red Bull Racing,1.0,2025,6,Miami,1.0
5.0,ALB,23,Williams,7.0,2025,6,Miami,7.0
6.0,ANT,12,Mercedes,3.0,2025,6,Miami,3.0
7.0,LEC,16,Ferrari,8.0,2025,6,Miami,8.0
8.0,HAM,44,Ferrari,12.0,2025,6,Miami,12.0
9.0,SAI,55,Williams,6.0,2025,6,Miami,6.0
10.0,TSU,22,Red Bull Racing,10.0,2025,6,Miami,10.0
11.0,HAD,6,Racing Bulls,11.0,2025,6,Miami,11.0
12.0,OCO,31,Haas F1 Team,9.0,2025,6,Miami,9.0
13.0,GAS,10,Alpine,20.0,2025,6,Miami,18.0
14.0,HUL,27,Kick Sauber,16.0,2025,6,Miami,16.0
15.0,ALO,14,Aston Martin,17.0,2025,6,Miami,17.0
16.0,STR,18,Aston Martin,18.0,2025,6,Miami,19.0
17.0,LAW,30,Racing Bulls,15.0,2025,6,Miami,15.0
18.0,BOR,5,Kick Sauber,13.0,2025,6,Miami,13.0
19.0,BEA,87,Haas F1 Team,19.0,2025,6,Miami,20.0
20.0,DOO,7,Alpine,14.0,2025,6,Miami,14.0
1.0,VER,1,Red Bull Racing,2.0,2025,7,Imola,2.0
2.0,NOR,4,McLaren,4.0,2025,7,Imola,4.0
3.0,PIA,81,McLaren,1.0,2025,7,Imola,1.0
4.0,HAM,44,Ferrari,12.0,2025,7,Imola,12.0
5.0,ALB,23,Williams,7.0,2025,7,Imola,7.0
6.0,LEC,16,Ferrari,11.0,2025,7,Imola,11.0
7.0,RUS,63,Mercedes,3.0,2025,7,Imola,3.0
8.0,SAI,55,Williams,6.0,2025,7,Imola,6.0
9.0,HAD,6,Racing Bulls,9.0,2025,7,Imola,9.0
10.0,TSU,22,Red Bull Racing,20.0,2025,7,Imola,20.0
11.0,ALO,14,Aston Martin,5.0,2025,7,Imola,5.0
12.0,HUL,27,Kick Sauber,17.0,2025,7,Imola,17.0
13.0,GAS,10,Alpine,10.0,2025,7,Imola,10.0
14.0,LAW,30,Racing Bulls,15.0,2025,7,Imola,16.0
15.0,STR,18,Aston Martin,8.0,2025,7,Imola,8.0
16.0,COL,43,Alpine,16.0,2025,7,Imola,15.0
17.0,BEA,87,Haas F1 Team,19.0,2025,7,Imola,19.0
18.0,BOR,5,Kick Sauber,14.0,2025,7,Imola,14.0
19.0,ANT,12,Mercedes,13.0,2025,7,Imola,13.0
20.0,OCO,31,Haas F1 Team,18.0,2025,7,Imola,18.0
1.0,NOR,4,McLaren,1.0,2025,8,Monaco,1.0
2.0,LEC,16,Ferrari,2.0,2025,8,Monaco,2.0
3.0,PIA,81,McLaren,3.0,2025,8,Monaco,3.0
4.0,VER,1,Red Bull Racing,4.0,2025,8,Monaco,5.0
5.0,HAM,44,Ferrari,7.0,2025,8,Monaco,4.0
6.0,HAD,6,Racing Bulls,5.0,2025,8,Monaco,6.0
7.0,OCO,31,Haas F1 Team,8.0,2025,8,Monaco,8.0
8.0,LAW,30,Racing Bulls,9.0,2025,8,Monaco,9.0
9.0,ALB,23,Williams,10.0,2025,8,Monaco,10.0
10.0,SAI,55,Williams,11.0,2025,8,Monaco,11.0
11.0,RUS,63,Mercedes,14.0,2025,8,Monaco,14.0
12.0,BEA,87,Haas F1 Team,20.0,2025,8,Monaco,17.0
13.0,COL,43,Alpine,18.0,2025,8,Monaco,20.0
14.0,BOR,5,Kick Sauber,16.0,2025,8,Monaco,16.0
15.0,STR,18,Aston Martin,19.0,2025,8,Monaco,19.0
16.0,HUL,27,Kick Sauber,13.0,2025,8,Monaco,13.0
17.0,TSU,22,Red Bull Racing,12.0,2025,8,Monaco,12.0
18.0,ANT,12,Mercedes,15.0,2025,8,Monaco,15.0
19.0,ALO,14,Aston Martin,6.0,2025,8,Monaco,7.0
20.0,GAS,10,Alpine,17.0,2025,8,Monaco,18.0
1.0,PIA,81,McLaren,1.0,2025,9,Barcelona,1.0
2.0,NOR,4,McLaren,2.0,2025,9,Barcelona,2.0
3.0,LEC,16,Ferrari,7.0,2025,9,Barcelona,7.0
4.0,RUS,63,Mercedes,4.0,2025,9,Barcelona,4.0
5.0,HUL,27,Kick Sauber,15.0,2025,9,Barcelona,16.0
6.0,HAM,44,Ferrari,5.0,2025,9,Barcelona,5.0
7.0,HAD,6,Racing Bulls,9.0,2025,9,Barcelona,9.0
8.0,GAS,10,Alpine,8.0,2025,9,Barcelona,8.0
9.0,ALO,14,Aston Martin,10.0,2025,9,Barcelona,10.0
10.0,VER,1,Red Bull Racing,3.0,2025,9,Barcelona,3.0
11.0,LAW,30,Racing Bulls,13.0,2025,9,Barcelona,13.0
12.0,BOR,5,Kick Sauber,12.0,2025,9,Barcelona,12.0
13.0,TSU,22,Red Bull Racing,19.0,2025,9,Barcelona,20.0
14.0,SAI,55,Williams,17.0,2025,9,Barcelona,18.0
15.0,COL,43,Alpine,18.0,2025,9,Barcelona,19.0
16.0,OCO,31,Haas F1 Team,16.0,2025,9,Barcelona,17.0
17.0,BEA,87,Haas F1 Team,14.0,2025,9,Barcelona,15.0
18.0,ANT,12,Mercedes,6.0,2025,9,Barcelona,6.0
19.0,ALB,23,Williams,11.0,2025,9,Barcelona,11.0
1.0,RUS,63,Mercedes,1.0,2025,10,Montréal,1.0
2.0,VER,1,Red Bull Racing,2.0,2025,10,Montréal,2.0
3.0,ANT,12,Mercedes,4.0,2025,10,Montréal,4.0
4.0,PIA,81,McLaren,3.0,2025,10,Montréal,3.0
5.0,LEC,16,Ferrari,8.0,2025,10,Montréal,8.0
6.0,HAM,44,Ferrari,5.0,2025,10,Montréal,5.0
7.0,ALO,14,Aston Martin,6.0,2025,10,Montréal,6.0
8.0,HUL,27,Kick Sauber,11.0,2025,10,Montréal,13.0
9.0,OCO,31,Haas F1 Team,14.0,2025,10,Montréal,15.0
10.0,SAI,55,Williams,16.0,2025,10,Montréal,17.0
11.0,BEA,87,Haas F1 Team,13.0,2025,10,Montréal,14.0
12.0,TSU,22,Red Bull Racing,18.0,2025,10,Montréal,11.0
13.0,COL,43,Alpine,10.0,2025,10,Montréal,12.0
14.0,BOR,5,Kick Sauber,15.0,2025,10,Montréal,16.0
15.0,GAS,10,Alpine,20.0,2025,10,Montréal,20.0
16.0,HAD,6,Racing Bulls,12.0,2025,10,Montréal,9.0
17.0,STR,18,Aston Martin,17.0,2025,10,Montréal,18.0
18.0,NOR,4,McLaren,7.0,2025,10,Montréal,7.0
19.0,LAW,30,Racing Bulls,19.0,2025,10,Montréal,19.0
20.0,ALB,23,Williams,9.0,2025,10,Montréal,10.0
1.0,NOR,4,McLaren,1.0,2025,11,Spielberg,1.0
2.0,PIA,81,McLaren,3.0,2025,11,Spielberg,3.0
3.0,LEC,16,Ferrari,2.0,2025,11,Spielberg,2.0
4.0,HAM,44,Ferrari,4.0,2025,11,Spielberg,4.0
5.0,RUS,63,Mercedes,5.0,2025,11,Spielberg,5.0
6.0,LAW,30,Racing Bulls,6.0,2025,11,Spielberg,6.0
7.0,ALO,14,Aston Martin,11.0,2025,11,Spielberg,11.0
8.0,BOR,5,Kick Sauber,8.0,2025,11,Spielberg,8.0
9.0,HUL,27,Kick Sauber,20.0,2025,11,Spielberg,20.0
10.0,OCO,31,Haas F1 Team,17.0,2025,11,Spielberg,17.0
11.0,BEA,87,Haas F1 Team,15.0,2025,11,Spielberg,15.0
12.0,HAD,6,Racing Bulls,13.0,2025,11,Spielberg,13.0
13.0,GAS,10,Alpine,10.0,2025,11,Spielberg,10.0
14.0,STR,18,Aston Martin,16.0,2025,11,Spielberg,16.0
15.0,COL,43,Alpine,14.0,2025,11,Spielberg,14.0
16.0,TSU,22,Red Bull Racing,18.0,2025,11,Spielberg,18.0
17.0,ALB,23,Williams,12.0,2025,11,Spielberg,12.0
18.0,VER,1,Red Bull Racing,7.0,2025,11,Spielberg,7.0
19.0,ANT,12,Mercedes,9.0,2025,11,Spielberg,9.0
20.0,SAI,55,Williams,19.0,2025,11,Spielberg,19.0
1.0,NOR,4,McLaren,3.0,2025,12,Silverstone,3.0
2.0,PIA,81,McLaren,2.0,2025,12,Silverstone,2.0
3.0,HUL,27,Kick Sauber,19.0,2025,12,Silverstone,19.0
4.0,HAM,44,Ferrari,5.0,2025,12,Silverstone,5.0
5.0,VER,1,Red Bull Racing,1.0,2025,12,Silverstone,1.0
6.0,GAS,10,Alpine,8.0,2025,12,Silverstone,10.0
7.0,STR,18,Aston Martin,17.0,2025,12,Silverstone,18.0
8.0,ALB,23,Williams,13.0,2025,12,Silverstone,14.0
9.0,ALO,14,Aston Martin,7.0,2025,12,Silverstone,9.0
10.0,RUS,63,Mercedes,4.0,2025,12,Silverstone,4.0
11.0,BEA,87,Haas F1 Team,18.0,2025,12,Silverstone,8.0
12.0,SAI,55,Williams,9.0,2025,12,Silverstone,11.0
13.0,OCO,31,Haas F1 Team,14.0,2025,12,Silverstone,15.0
14.0,LEC,16,Ferrari,6.0,2025,12,Silverstone,6.0
15.0,TSU,22,Red Bull Racing,11.0,2025,12,Silverstone,12.0
16.0,ANT,12,Mercedes,10.0,2025,12,Silverstone,7.0
17.0,HAD,6,Racing Bulls,12.0,2025,12,Silverstone,13.0
18.0,BOR,5,Kick Sauber,16.0,2025,12,Silverstone,17.0
19.0,LAW,30,Racing Bulls,15.0,2025,12,Silverstone,16.0
20.0,COL,43,Alpine,20.0,2025,12,Silverstone,20.0
1.0,PIA,81,McLaren,2.0,2025,13,Spa-Francorchamps,2.0
2.0,NOR,4,McLaren,1.0,2025,13,Spa-Francorchamps,1.0
3.0,LEC,16,Ferrari,3.0,2025,13,Spa-Francorchamps,3.0
4.0,VER,1,Red Bull Racing,4.0,2025,13,Spa-Francorchamps,4.0
5.0,RUS,63,Mercedes,6.0,2025,13,Spa-Francorchamps,6.0
6.0,ALB,23,Williams,5.0,2025,13,Spa-Francorchamps,5.0
7.0,HAM,44,Ferrari,18.0,2025,13,Spa-Francorchamps,16.0
8.0,LAW,30,Racing Bulls,9.0,2025,13,Spa-Francorchamps,9.0
9.0,BOR,5,Kick Sauber,10.0,2025,13,Spa-Francorchamps,10.0
10.0,GAS,10,Alpine,13.0,2025,13,Spa-Francorchamps,13.0
11.0,BEA,87,Haas F1 Team,12.0,2025,13,Spa-Francorchamps,12.0
12.0,HUL,27,Kick Sauber,14.0,2025,13,Spa-Francorchamps,14.0
13.0,TSU,22,Red Bull Racing,7.0,2025,13,Spa-Francorchamps,7.0
14.0,STR,18,Aston Martin,16.0,2025,13,Spa-Francorchamps,20.0
15.0,OCO,31,Haas F1 Team,11.0,2025,13,Spa-Francorchamps,11.0
16.0,ANT,12,Mercedes,19.0,2025,13,Spa-Francorchamps,18.0
17.0,ALO,14,Aston Martin,20.0,2025,13,Spa-Francorchamps,19.0
18.0,SAI,55,Williams,17.0,2025,13,Spa-Francorchamps,15.0
19.0,COL,43,Alpine,15.0,2025,13,Spa-Francorchamps,17.0
20.0,HAD,6,Racing Bulls,8.0,2025,13,Spa-Francorchamps,8.0
1.0,NOR,4,McLaren,3.0,2025,14,Budapest,3.0
2.0,PIA,81,McLaren,2.0,2025,14,Budapest,2.0
3.0,RUS,63,Mercedes,4.0,2025,14,Budapest,4.0
4.0,LEC,16,Ferrari,1.0,2025,14,Budapest,1.0
5.0,ALO,14,Aston Martin,5.0,2025,14,Budapest,5.0
6.0,BOR,5,Kick Sauber,7.0,2025,14,Budapest,7.0
7.0,STR,18,Aston Martin,6.0,2025,14,Budapest,6.0
8.0,LAW,30,Racing Bulls,9.0,2025,14,Budapest,9.0
9.0,VER,1,Red Bull Racing,8.0,2025,14,Budapest,8.0
10.0,ANT,12,Mercedes,15.0,2025,14,Budapest,15.0
11.0,HAD,6,Racing Bulls,10.0,2025,14,Budapest,10.0
12.0,HAM,44,Ferrari,12.0,2025,14,Budapest,12.0
13.0,HUL,27,Kick Sauber,18.0,2025,14,Budapest,19.0
14.0,SAI,55,Williams,13.0,2025,14,Budapest,13.0
15.0,ALB,23,Williams,19.0,2025,14,Budapest,20.0
16.0,OCO,31,Haas F1 Team,17.0,2025,14,Budapest,18.0
17.0,TSU,22,Red Bull Racing,20.0,2025,14,Budapest,16.0
18.0,COL,43,Alpine,14.0,2025,14,Budapest,14.0
19.0,GAS,10,Alpine,16.0,2025,14,Budapest,17.0
20.0,BEA,87,Haas F1 Team,11.0,2025,14,Budapest,11.0
