Position_race,Abbreviation,DriverNumber_race,TeamName_race,GridPosition,Year,Round,Circuit_race,Position_quali,DriverNumber_quali,TeamName_quali,Circuit_quali
1.0,VET,5,Ferrari,3.0,2018,1,Melbourne,3.0,5,Ferrari,Melbourne
2.0,HAM,44,Mercedes,1.0,2018,1,Melbourne,1.0,44,Mercedes,Melbourne
3.0,RAI,7,Ferrari,2.0,2018,1,Melbourne,2.0,7,Ferrari,Melbourne
4.0,RIC,3,Red Bull Racing,8.0,2018,1,Melbourne,5.0,3,Red Bull Racing,Melbourne
5.0,ALO,14,McLaren,10.0,2018,1,Melbourne,11.0,14,McLaren,Melbourne
6.0,VER,33,Red Bull Racing,4.0,2018,1,Melbourne,4.0,33,Red Bull Racing,Melbourne
7.0,HUL,27,Renault,7.0,2018,1,Melbourne,8.0,27,Renault,Melbourne
8.0,BOT,77,Mercedes,15.0,2018,1,Melbourne,10.0,77,Mercedes,Melbourne
9.0,VAN,2,McLaren,11.0,2018,1,Melbourne,12.0,2,McLaren,Melbourne
10.0,SAI,55,Renault,9.0,2018,1,Melbourne,9.0,55,Renault,Melbourne
11.0,PER,11,Force India,12.0,2018,1,Melbourne,13.0,11,Force India,Melbourne
12.0,OCO,31,Force India,14.0,2018,1,Melbourne,15.0,31,Force India,Melbourne
13.0,LEC,16,Sauber,18.0,2018,1,Melbourne,18.0,16,Sauber,Melbourne
14.0,STR,18,Williams,13.0,2018,1,Melbourne,14.0,18,Williams,Melbourne
15.0,HAR,28,Toro Rosso,16.0,2018,1,Melbourne,16.0,28,Toro Rosso,Melbourne
16.0,GRO,8,Haas F1 Team,6.0,2018,1,Melbourne,7.0,8,Haas F1 Team,Melbourne
17.0,MAG,20,Haas F1 Team,5.0,2018,1,Melbourne,6.0,20,Haas F1 Team,Melbourne
18.0,GAS,10,Toro Rosso,20.0,2018,1,Melbourne,20.0,10,Toro Rosso,Melbourne
19.0,ERI,9,Sauber,17.0,2018,1,Melbourne,17.0,9,Sauber,Melbourne
20.0,SIR,35,Williams,19.0,2018,1,Melbourne,19.0,35,Williams,Melbourne
1.0,VET,5,Ferrari,1.0,2018,2,Sakhir,1.0,5,Ferrari,Sakhir
2.0,BOT,77,Mercedes,3.0,2018,2,Sakhir,3.0,77,Mercedes,Sakhir
3.0,HAM,44,Mercedes,9.0,2018,2,Sakhir,4.0,44,Mercedes,Sakhir
4.0,GAS,10,Toro Rosso,5.0,2018,2,Sakhir,6.0,10,Toro Rosso,Sakhir
5.0,MAG,20,Haas F1 Team,6.0,2018,2,Sakhir,7.0,20,Haas F1 Team,Sakhir
6.0,HUL,27,Renault,7.0,2018,2,Sakhir,8.0,27,Renault,Sakhir
7.0,ALO,14,McLaren,13.0,2018,2,Sakhir,13.0,14,McLaren,Sakhir
8.0,VAN,2,McLaren,14.0,2018,2,Sakhir,14.0,2,McLaren,Sakhir
9.0,ERI,9,Sauber,17.0,2018,2,Sakhir,17.0,9,Sauber,Sakhir
10.0,OCO,31,Force India,8.0,2018,2,Sakhir,9.0,31,Force India,Sakhir
11.0,SAI,55,Renault,10.0,2018,2,Sakhir,10.0,55,Renault,Sakhir
12.0,LEC,16,Sauber,19.0,2018,2,Sakhir,19.0,16,Sauber,Sakhir
13.0,GRO,8,Haas F1 Team,16.0,2018,2,Sakhir,16.0,8,Haas F1 Team,Sakhir
14.0,STR,18,Williams,20.0,2018,2,Sakhir,20.0,18,Williams,Sakhir
15.0,SIR,35,Williams,18.0,2018,2,Sakhir,18.0,35,Williams,Sakhir
16.0,PER,11,Force India,12.0,2018,2,Sakhir,12.0,11,Force India,Sakhir
17.0,HAR,28,Toro Rosso,11.0,2018,2,Sakhir,11.0,28,Toro Rosso,Sakhir
18.0,RAI,7,Ferrari,2.0,2018,2,Sakhir,2.0,7,Ferrari,Sakhir
19.0,VER,33,Red Bull Racing,15.0,2018,2,Sakhir,15.0,33,Red Bull Racing,Sakhir
20.0,RIC,3,Red Bull Racing,4.0,2018,2,Sakhir,5.0,3,Red Bull Racing,Sakhir
1.0,RIC,3,Red Bull Racing,6.0,2018,3,Shanghai,6.0,3,Red Bull Racing,Shanghai
2.0,BOT,77,Mercedes,3.0,2018,3,Shanghai,3.0,77,Mercedes,Shanghai
3.0,RAI,7,Ferrari,2.0,2018,3,Shanghai,2.0,7,Ferrari,Shanghai
4.0,HAM,44,Mercedes,4.0,2018,3,Shanghai,4.0,44,Mercedes,Shanghai
5.0,VER,33,Red Bull Racing,5.0,2018,3,Shanghai,5.0,33,Red Bull Racing,Shanghai
6.0,HUL,27,Renault,7.0,2018,3,Shanghai,7.0,27,Renault,Shanghai
7.0,ALO,14,McLaren,13.0,2018,3,Shanghai,13.0,14,McLaren,Shanghai
8.0,VET,5,Ferrari,1.0,2018,3,Shanghai,1.0,5,Ferrari,Shanghai
9.0,SAI,55,Renault,9.0,2018,3,Shanghai,9.0,55,Renault,Shanghai
10.0,MAG,20,Haas F1 Team,11.0,2018,3,Shanghai,11.0,20,Haas F1 Team,Shanghai
11.0,OCO,31,Force India,12.0,2018,3,Shanghai,12.0,31,Force India,Shanghai
12.0,PER,11,Force India,8.0,2018,3,Shanghai,8.0,11,Force India,Shanghai
13.0,VAN,2,McLaren,14.0,2018,3,Shanghai,14.0,2,McLaren,Shanghai
14.0,STR,18,Williams,18.0,2018,3,Shanghai,18.0,18,Williams,Shanghai
15.0,SIR,35,Williams,16.0,2018,3,Shanghai,16.0,35,Williams,Shanghai
16.0,ERI,9,Sauber,20.0,2018,3,Shanghai,20.0,9,Sauber,Shanghai
17.0,GRO,8,Haas F1 Team,10.0,2018,3,Shanghai,10.0,8,Haas F1 Team,Shanghai
18.0,GAS,10,Toro Rosso,17.0,2018,3,Shanghai,17.0,10,Toro Rosso,Shanghai
19.0,LEC,16,Sauber,19.0,2018,3,Shanghai,19.0,16,Sauber,Shanghai
20.0,HAR,28,Toro Rosso,15.0,2018,3,Shanghai,15.0,28,Toro Rosso,Shanghai
1.0,HAM,44,Mercedes,2.0,2018,4,Baku,2.0,44,Mercedes,Baku
2.0,RAI,7,Ferrari,6.0,2018,4,Baku,6.0,7,Ferrari,Baku
3.0,PER,11,Force India,8.0,2018,4,Baku,8.0,11,Force India,Baku
4.0,VET,5,Ferrari,1.0,2018,4,Baku,1.0,5,Ferrari,Baku
5.0,SAI,55,Renault,9.0,2018,4,Baku,10.0,55,Renault,Baku
6.0,LEC,16,Sauber,13.0,2018,4,Baku,14.0,16,Sauber,Baku
7.0,ALO,14,McLaren,12.0,2018,4,Baku,13.0,14,McLaren,Baku
8.0,STR,18,Williams,10.0,2018,4,Baku,11.0,18,Williams,Baku
9.0,VAN,2,McLaren,16.0,2018,4,Baku,16.0,2,McLaren,Baku
10.0,HAR,28,Toro Rosso,19.0,2018,4,Baku,19.0,28,Toro Rosso,Baku
11.0,ERI,9,Sauber,18.0,2018,4,Baku,18.0,9,Sauber,Baku
12.0,GAS,10,Toro Rosso,17.0,2018,4,Baku,17.0,10,Toro Rosso,Baku
13.0,MAG,20,Haas F1 Team,15.0,2018,4,Baku,15.0,20,Haas F1 Team,Baku
14.0,BOT,77,Mercedes,3.0,2018,4,Baku,3.0,77,Mercedes,Baku
15.0,GRO,8,Haas F1 Team,20.0,2018,4,Baku,20.0,8,Haas F1 Team,Baku
16.0,VER,33,Red Bull Racing,5.0,2018,4,Baku,5.0,33,Red Bull Racing,Baku
17.0,RIC,3,Red Bull Racing,4.0,2018,4,Baku,4.0,3,Red Bull Racing,Baku
18.0,HUL,27,Renault,14.0,2018,4,Baku,9.0,27,Renault,Baku
19.0,OCO,31,Force India,7.0,2018,4,Baku,7.0,31,Force India,Baku
20.0,SIR,35,Williams,11.0,2018,4,Baku,12.0,35,Williams,Baku
1.0,HAM,44,Mercedes,1.0,2018,5,Barcelona,1.0,44,Mercedes,Barcelona
2.0,BOT,77,Mercedes,2.0,2018,5,Barcelona,2.0,77,Mercedes,Barcelona
3.0,VER,33,Red Bull Racing,5.0,2018,5,Barcelona,5.0,33,Red Bull Racing,Barcelona
4.0,VET,5,Ferrari,3.0,2018,5,Barcelona,3.0,5,Ferrari,Barcelona
5.0,RIC,3,Red Bull Racing,6.0,2018,5,Barcelona,6.0,3,Red Bull Racing,Barcelona
6.0,MAG,20,Haas F1 Team,7.0,2018,5,Barcelona,7.0,20,Haas F1 Team,Barcelona
7.0,SAI,55,Renault,9.0,2018,5,Barcelona,9.0,55,Renault,Barcelona
8.0,ALO,14,McLaren,8.0,2018,5,Barcelona,8.0,14,McLaren,Barcelona
9.0,PER,11,Force India,15.0,2018,5,Barcelona,15.0,11,Force India,Barcelona
10.0,LEC,16,Sauber,14.0,2018,5,Barcelona,14.0,16,Sauber,Barcelona
11.0,STR,18,Williams,18.0,2018,5,Barcelona,19.0,18,Williams,Barcelona
12.0,HAR,28,Toro Rosso,20.0,2018,5,Barcelona,20.0,28,Toro Rosso,Barcelona
13.0,ERI,9,Sauber,17.0,2018,5,Barcelona,17.0,9,Sauber,Barcelona
14.0,SIR,35,Williams,19.0,2018,5,Barcelona,18.0,35,Williams,Barcelona
15.0,VAN,2,McLaren,11.0,2018,5,Barcelona,11.0,2,McLaren,Barcelona
16.0,OCO,31,Force India,13.0,2018,5,Barcelona,13.0,31,Force India,Barcelona
17.0,RAI,7,Ferrari,4.0,2018,5,Barcelona,4.0,7,Ferrari,Barcelona
18.0,GRO,8,Haas F1 Team,10.0,2018,5,Barcelona,10.0,8,Haas F1 Team,Barcelona
19.0,GAS,10,Toro Rosso,12.0,2018,5,Barcelona,12.0,10,Toro Rosso,Barcelona
20.0,HUL,27,Renault,16.0,2018,5,Barcelona,16.0,27,Renault,Barcelona
1.0,RIC,3,Red Bull Racing,1.0,2018,6,Monte Carlo,1.0,3,Red Bull Racing,Monte Carlo
2.0,VET,5,Ferrari,2.0,2018,6,Monte Carlo,2.0,5,Ferrari,Monte Carlo
3.0,HAM,44,Mercedes,3.0,2018,6,Monte Carlo,3.0,44,Mercedes,Monte Carlo
4.0,RAI,7,Ferrari,4.0,2018,6,Monte Carlo,4.0,7,Ferrari,Monte Carlo
5.0,BOT,77,Mercedes,5.0,2018,6,Monte Carlo,5.0,77,Mercedes,Monte Carlo
6.0,OCO,31,Force India,6.0,2018,6,Monte Carlo,6.0,31,Force India,Monte Carlo
7.0,GAS,10,Toro Rosso,10.0,2018,6,Monte Carlo,10.0,10,Toro Rosso,Monte Carlo
8.0,HUL,27,Renault,11.0,2018,6,Monte Carlo,11.0,27,Renault,Monte Carlo
9.0,VER,33,Red Bull Racing,20.0,2018,6,Monte Carlo,20.0,33,Red Bull Racing,Monte Carlo
10.0,SAI,55,Renault,8.0,2018,6,Monte Carlo,8.0,55,Renault,Monte Carlo
11.0,ERI,9,Sauber,16.0,2018,6,Monte Carlo,17.0,9,Sauber,Monte Carlo
12.0,PER,11,Force India,9.0,2018,6,Monte Carlo,9.0,11,Force India,Monte Carlo
13.0,MAG,20,Haas F1 Team,19.0,2018,6,Monte Carlo,19.0,20,Haas F1 Team,Monte Carlo
14.0,VAN,2,McLaren,12.0,2018,6,Monte Carlo,12.0,2,McLaren,Monte Carlo
15.0,GRO,8,Haas F1 Team,18.0,2018,6,Monte Carlo,15.0,8,Haas F1 Team,Monte Carlo
16.0,SIR,35,Williams,13.0,2018,6,Monte Carlo,13.0,35,Williams,Monte Carlo
17.0,STR,18,Williams,17.0,2018,6,Monte Carlo,18.0,18,Williams,Monte Carlo
18.0,LEC,16,Sauber,14.0,2018,6,Monte Carlo,14.0,16,Sauber,Monte Carlo
19.0,HAR,28,Toro Rosso,15.0,2018,6,Monte Carlo,16.0,28,Toro Rosso,Monte Carlo
20.0,ALO,14,McLaren,7.0,2018,6,Monte Carlo,7.0,14,McLaren,Monte Carlo
1.0,VET,5,Ferrari,1.0,2018,7,Montréal,1.0,5,Ferrari,Montréal
2.0,BOT,77,Mercedes,2.0,2018,7,Montréal,2.0,77,Mercedes,Montréal
3.0,VER,33,Red Bull Racing,3.0,2018,7,Montréal,3.0,33,Red Bull Racing,Montréal
4.0,RIC,3,Red Bull Racing,6.0,2018,7,Montréal,6.0,3,Red Bull Racing,Montréal
5.0,HAM,44,Mercedes,4.0,2018,7,Montréal,4.0,44,Mercedes,Montréal
6.0,RAI,7,Ferrari,5.0,2018,7,Montréal,5.0,7,Ferrari,Montréal
7.0,HUL,27,Renault,7.0,2018,7,Montréal,7.0,27,Renault,Montréal
8.0,SAI,55,Renault,9.0,2018,7,Montréal,9.0,55,Renault,Montréal
9.0,OCO,31,Force India,8.0,2018,7,Montréal,8.0,31,Force India,Montréal
10.0,LEC,16,Sauber,13.0,2018,7,Montréal,13.0,16,Sauber,Montréal
11.0,GAS,10,Toro Rosso,16.0,2018,7,Montréal,16.0,10,Toro Rosso,Montréal
12.0,GRO,8,Haas F1 Team,20.0,2018,7,Montréal,20.0,8,Haas F1 Team,Montréal
13.0,MAG,20,Haas F1 Team,11.0,2018,7,Montréal,11.0,20,Haas F1 Team,Montréal
14.0,PER,11,Force India,10.0,2018,7,Montréal,10.0,11,Force India,Montréal
15.0,ERI,9,Sauber,19.0,2018,7,Montréal,19.0,9,Sauber,Montréal
16.0,VAN,2,McLaren,15.0,2018,7,Montréal,15.0,2,McLaren,Montréal
17.0,SIR,35,Williams,18.0,2018,7,Montréal,18.0,35,Williams,Montréal
18.0,ALO,14,McLaren,14.0,2018,7,Montréal,14.0,14,McLaren,Montréal
19.0,HAR,28,Toro Rosso,12.0,2018,7,Montréal,12.0,28,Toro Rosso,Montréal
20.0,STR,18,Williams,17.0,2018,7,Montréal,17.0,18,Williams,Montréal
1.0,HAM,44,Mercedes,1.0,2018,8,Le Castellet,1.0,44,Mercedes,Le Castellet
2.0,VER,33,Red Bull Racing,4.0,2018,8,Le Castellet,4.0,33,Red Bull Racing,Le Castellet
3.0,RAI,7,Ferrari,6.0,2018,8,Le Castellet,6.0,7,Ferrari,Le Castellet
4.0,RIC,3,Red Bull Racing,5.0,2018,8,Le Castellet,5.0,3,Red Bull Racing,Le Castellet
5.0,VET,5,Ferrari,3.0,2018,8,Le Castellet,3.0,5,Ferrari,Le Castellet
6.0,MAG,20,Haas F1 Team,9.0,2018,8,Le Castellet,9.0,20,Haas F1 Team,Le Castellet
7.0,BOT,77,Mercedes,2.0,2018,8,Le Castellet,2.0,77,Mercedes,Le Castellet
8.0,SAI,55,Renault,7.0,2018,8,Le Castellet,7.0,55,Renault,Le Castellet
9.0,HUL,27,Renault,12.0,2018,8,Le Castellet,12.0,27,Renault,Le Castellet
10.0,LEC,16,Sauber,8.0,2018,8,Le Castellet,8.0,16,Sauber,Le Castellet
11.0,GRO,8,Haas F1 Team,10.0,2018,8,Le Castellet,10.0,8,Haas F1 Team,Le Castellet
12.0,VAN,2,McLaren,17.0,2018,8,Le Castellet,18.0,2,McLaren,Le Castellet
13.0,ERI,9,Sauber,15.0,2018,8,Le Castellet,15.0,9,Sauber,Le Castellet
14.0,HAR,28,Toro Rosso,20.0,2018,8,Le Castellet,17.0,28,Toro Rosso,Le Castellet
15.0,SIR,35,Williams,18.0,2018,8,Le Castellet,19.0,35,Williams,Le Castellet
16.0,ALO,14,McLaren,16.0,2018,8,Le Castellet,16.0,14,McLaren,Le Castellet
17.0,STR,18,Williams,19.0,2018,8,Le Castellet,20.0,18,Williams,Le Castellet
18.0,PER,11,Force India,13.0,2018,8,Le Castellet,13.0,11,Force India,Le Castellet
19.0,OCO,31,Force India,11.0,2018,8,Le Castellet,11.0,31,Force India,Le Castellet
20.0,GAS,10,Toro Rosso,14.0,2018,8,Le Castellet,14.0,10,Toro Rosso,Le Castellet
1.0,VER,33,Red Bull Racing,4.0,2018,9,Spielberg,5.0,33,Red Bull Racing,Spielberg
2.0,RAI,7,Ferrari,3.0,2018,9,Spielberg,4.0,7,Ferrari,Spielberg
3.0,VET,5,Ferrari,6.0,2018,9,Spielberg,3.0,5,Ferrari,Spielberg
4.0,GRO,8,Haas F1 Team,5.0,2018,9,Spielberg,6.0,8,Haas F1 Team,Spielberg
5.0,MAG,20,Haas F1 Team,8.0,2018,9,Spielberg,8.0,20,Haas F1 Team,Spielberg
6.0,OCO,31,Force India,11.0,2018,9,Spielberg,11.0,31,Force India,Spielberg
7.0,PER,11,Force India,16.0,2018,9,Spielberg,17.0,11,Force India,Spielberg
8.0,ALO,14,McLaren,13.0,2018,9,Spielberg,14.0,14,McLaren,Spielberg
9.0,LEC,16,Sauber,18.0,2018,9,Spielberg,13.0,16,Sauber,Spielberg
10.0,ERI,9,Sauber,20.0,2018,9,Spielberg,20.0,9,Sauber,Spielberg
11.0,GAS,10,Toro Rosso,12.0,2018,9,Spielberg,12.0,10,Toro Rosso,Spielberg
12.0,SAI,55,Renault,9.0,2018,9,Spielberg,9.0,55,Renault,Spielberg
13.0,SIR,35,Williams,17.0,2018,9,Spielberg,18.0,35,Williams,Spielberg
14.0,STR,18,Williams,14.0,2018,9,Spielberg,15.0,18,Williams,Spielberg
15.0,VAN,2,McLaren,15.0,2018,9,Spielberg,16.0,2,McLaren,Spielberg
16.0,HAM,44,Mercedes,2.0,2018,9,Spielberg,2.0,44,Mercedes,Spielberg
17.0,HAR,28,Toro Rosso,19.0,2018,9,Spielberg,19.0,28,Toro Rosso,Spielberg
18.0,RIC,3,Red Bull Racing,7.0,2018,9,Spielberg,7.0,3,Red Bull Racing,Spielberg
19.0,BOT,77,Mercedes,1.0,2018,9,Spielberg,1.0,77,Mercedes,Spielberg
20.0,HUL,27,Renault,10.0,2018,9,Spielberg,10.0,27,Renault,Spielberg
1.0,VET,5,Ferrari,2.0,2018,10,Silverstone,2.0,5,Ferrari,Silverstone
2.0,HAM,44,Mercedes,1.0,2018,10,Silverstone,1.0,44,Mercedes,Silverstone
3.0,RAI,7,Ferrari,3.0,2018,10,Silverstone,3.0,7,Ferrari,Silverstone
4.0,BOT,77,Mercedes,4.0,2018,10,Silverstone,4.0,77,Mercedes,Silverstone
5.0,RIC,3,Red Bull Racing,6.0,2018,10,Silverstone,6.0,3,Red Bull Racing,Silverstone
6.0,HUL,27,Renault,11.0,2018,10,Silverstone,11.0,27,Renault,Silverstone
7.0,OCO,31,Force India,10.0,2018,10,Silverstone,10.0,31,Force India,Silverstone
8.0,ALO,14,McLaren,13.0,2018,10,Silverstone,13.0,14,McLaren,Silverstone
9.0,MAG,20,Haas F1 Team,7.0,2018,10,Silverstone,7.0,20,Haas F1 Team,Silverstone
10.0,PER,11,Force India,12.0,2018,10,Silverstone,12.0,11,Force India,Silverstone
11.0,VAN,2,McLaren,17.0,2018,10,Silverstone,17.0,2,McLaren,Silverstone
12.0,STR,18,Williams,19.0,2018,10,Silverstone,19.0,18,Williams,Silverstone
13.0,GAS,10,Toro Rosso,14.0,2018,10,Silverstone,14.0,10,Toro Rosso,Silverstone
14.0,SIR,35,Williams,18.0,2018,10,Silverstone,18.0,35,Williams,Silverstone
15.0,VER,33,Red Bull Racing,5.0,2018,10,Silverstone,5.0,33,Red Bull Racing,Silverstone
16.0,GRO,8,Haas F1 Team,8.0,2018,10,Silverstone,8.0,8,Haas F1 Team,Silverstone
17.0,SAI,55,Renault,16.0,2018,10,Silverstone,16.0,55,Renault,Silverstone
18.0,ERI,9,Sauber,15.0,2018,10,Silverstone,15.0,9,Sauber,Silverstone
19.0,LEC,16,Sauber,9.0,2018,10,Silverstone,9.0,16,Sauber,Silverstone
20.0,HAR,28,Toro Rosso,0.0,2018,10,Silverstone,20.0,28,Toro Rosso,Silverstone
1.0,HAM,44,Mercedes,14.0,2018,11,Hockenheim,14.0,44,Mercedes,Hockenheim
2.0,BOT,77,Mercedes,2.0,2018,11,Hockenheim,2.0,77,Mercedes,Hockenheim
3.0,RAI,7,Ferrari,3.0,2018,11,Hockenheim,3.0,7,Ferrari,Hockenheim
4.0,VER,33,Red Bull Racing,4.0,2018,11,Hockenheim,4.0,33,Red Bull Racing,Hockenheim
5.0,HUL,27,Renault,7.0,2018,11,Hockenheim,7.0,27,Renault,Hockenheim
6.0,GRO,8,Haas F1 Team,6.0,2018,11,Hockenheim,6.0,8,Haas F1 Team,Hockenheim
7.0,PER,11,Force India,10.0,2018,11,Hockenheim,10.0,11,Force India,Hockenheim
8.0,OCO,31,Force India,15.0,2018,11,Hockenheim,16.0,31,Force India,Hockenheim
9.0,ERI,9,Sauber,13.0,2018,11,Hockenheim,13.0,9,Sauber,Hockenheim
10.0,HAR,28,Toro Rosso,17.0,2018,11,Hockenheim,18.0,28,Toro Rosso,Hockenheim
11.0,MAG,20,Haas F1 Team,5.0,2018,11,Hockenheim,5.0,20,Haas F1 Team,Hockenheim
12.0,SAI,55,Renault,8.0,2018,11,Hockenheim,8.0,55,Renault,Hockenheim
13.0,VAN,2,McLaren,19.0,2018,11,Hockenheim,20.0,2,McLaren,Hockenheim
14.0,GAS,10,Toro Rosso,16.0,2018,11,Hockenheim,17.0,10,Toro Rosso,Hockenheim
15.0,LEC,16,Sauber,9.0,2018,11,Hockenheim,9.0,16,Sauber,Hockenheim
16.0,ALO,14,McLaren,11.0,2018,11,Hockenheim,11.0,14,McLaren,Hockenheim
17.0,STR,18,Williams,18.0,2018,11,Hockenheim,19.0,18,Williams,Hockenheim
18.0,VET,5,Ferrari,1.0,2018,11,Hockenheim,1.0,5,Ferrari,Hockenheim
19.0,SIR,35,Williams,12.0,2018,11,Hockenheim,12.0,35,Williams,Hockenheim
20.0,RIC,3,Red Bull Racing,20.0,2018,11,Hockenheim,15.0,3,Red Bull Racing,Hockenheim
1.0,HAM,44,Mercedes,1.0,2018,12,Budapest,1.0,44,Mercedes,Budapest
2.0,VET,5,Ferrari,4.0,2018,12,Budapest,4.0,5,Ferrari,Budapest
3.0,RAI,7,Ferrari,3.0,2018,12,Budapest,3.0,7,Ferrari,Budapest
4.0,RIC,3,Red Bull Racing,12.0,2018,12,Budapest,12.0,3,Red Bull Racing,Budapest
5.0,BOT,77,Mercedes,2.0,2018,12,Budapest,2.0,77,Mercedes,Budapest
6.0,GAS,10,Toro Rosso,6.0,2018,12,Budapest,6.0,10,Toro Rosso,Budapest
7.0,MAG,20,Haas F1 Team,9.0,2018,12,Budapest,9.0,20,Haas F1 Team,Budapest
8.0,ALO,14,McLaren,11.0,2018,12,Budapest,11.0,14,McLaren,Budapest
9.0,SAI,55,Renault,5.0,2018,12,Budapest,5.0,55,Renault,Budapest
10.0,GRO,8,Haas F1 Team,10.0,2018,12,Budapest,10.0,8,Haas F1 Team,Budapest
11.0,HAR,28,Toro Rosso,8.0,2018,12,Budapest,8.0,28,Toro Rosso,Budapest
12.0,HUL,27,Renault,13.0,2018,12,Budapest,13.0,27,Renault,Budapest
13.0,OCO,31,Force India,18.0,2018,12,Budapest,18.0,31,Force India,Budapest
14.0,PER,11,Force India,19.0,2018,12,Budapest,19.0,11,Force India,Budapest
15.0,ERI,9,Sauber,14.0,2018,12,Budapest,14.0,9,Sauber,Budapest
16.0,SIR,35,Williams,20.0,2018,12,Budapest,20.0,35,Williams,Budapest
17.0,STR,18,Williams,15.0,2018,12,Budapest,15.0,18,Williams,Budapest
18.0,VAN,2,McLaren,16.0,2018,12,Budapest,16.0,2,McLaren,Budapest
19.0,VER,33,Red Bull Racing,7.0,2018,12,Budapest,7.0,33,Red Bull Racing,Budapest
20.0,LEC,16,Sauber,17.0,2018,12,Budapest,17.0,16,Sauber,Budapest
1.0,VET,5,Ferrari,2.0,2018,13,Spa-Francorchamps,2.0,5,Ferrari,Spa-Francorchamps
2.0,HAM,44,Mercedes,1.0,2018,13,Spa-Francorchamps,1.0,44,Mercedes,Spa-Francorchamps
3.0,VER,33,Red Bull Racing,7.0,2018,13,Spa-Francorchamps,7.0,33,Red Bull Racing,Spa-Francorchamps
4.0,BOT,77,Mercedes,19.0,2018,13,Spa-Francorchamps,10.0,77,Mercedes,Spa-Francorchamps
5.0,PER,11,Racing Point,4.0,2018,13,Spa-Francorchamps,4.0,11,Racing Point,Spa-Francorchamps
6.0,OCO,31,Racing Point,3.0,2018,13,Spa-Francorchamps,3.0,31,Racing Point,Spa-Francorchamps
7.0,GRO,8,Haas F1 Team,5.0,2018,13,Spa-Francorchamps,5.0,8,Haas F1 Team,Spa-Francorchamps
8.0,MAG,20,Haas F1 Team,9.0,2018,13,Spa-Francorchamps,9.0,20,Haas F1 Team,Spa-Francorchamps
9.0,GAS,10,Toro Rosso,10.0,2018,13,Spa-Francorchamps,11.0,10,Toro Rosso,Spa-Francorchamps
10.0,ERI,9,Sauber,13.0,2018,13,Spa-Francorchamps,14.0,9,Sauber,Spa-Francorchamps
11.0,SAI,55,Renault,14.0,2018,13,Spa-Francorchamps,16.0,55,Renault,Spa-Francorchamps
12.0,SIR,35,Williams,16.0,2018,13,Spa-Francorchamps,18.0,35,Williams,Spa-Francorchamps
13.0,STR,18,Williams,17.0,2018,13,Spa-Francorchamps,19.0,18,Williams,Spa-Francorchamps
14.0,HAR,28,Toro Rosso,11.0,2018,13,Spa-Francorchamps,12.0,28,Toro Rosso,Spa-Francorchamps
15.0,VAN,2,McLaren,18.0,2018,13,Spa-Francorchamps,20.0,2,McLaren,Spa-Francorchamps
16.0,RIC,3,Red Bull Racing,8.0,2018,13,Spa-Francorchamps,8.0,3,Red Bull Racing,Spa-Francorchamps
17.0,RAI,7,Ferrari,6.0,2018,13,Spa-Francorchamps,6.0,7,Ferrari,Spa-Francorchamps
18.0,LEC,16,Sauber,12.0,2018,13,Spa-Francorchamps,13.0,16,Sauber,Spa-Francorchamps
19.0,ALO,14,McLaren,15.0,2018,13,Spa-Francorchamps,17.0,14,McLaren,Spa-Francorchamps
20.0,HUL,27,Renault,20.0,2018,13,Spa-Francorchamps,15.0,27,Renault,Spa-Francorchamps
1.0,HAM,44,Mercedes,3.0,2018,14,Monza,3.0,44,Mercedes,Monza
2.0,RAI,7,Ferrari,1.0,2018,14,Monza,1.0,7,Ferrari,Monza
3.0,BOT,77,Mercedes,4.0,2018,14,Monza,4.0,77,Mercedes,Monza
4.0,VET,5,Ferrari,2.0,2018,14,Monza,2.0,5,Ferrari,Monza
5.0,VER,33,Red Bull Racing,5.0,2018,14,Monza,5.0,33,Red Bull Racing,Monza
6.0,OCO,31,Racing Point,8.0,2018,14,Monza,8.0,31,Racing Point,Monza
7.0,PER,11,Racing Point,14.0,2018,14,Monza,16.0,11,Racing Point,Monza
8.0,SAI,55,Renault,7.0,2018,14,Monza,7.0,55,Renault,Monza
9.0,STR,18,Williams,10.0,2018,14,Monza,10.0,18,Williams,Monza
10.0,SIR,35,Williams,12.0,2018,14,Monza,12.0,35,Williams,Monza
11.0,LEC,16,Sauber,15.0,2018,14,Monza,17.0,16,Sauber,Monza
12.0,VAN,2,McLaren,17.0,2018,14,Monza,20.0,2,McLaren,Monza
13.0,HUL,27,Renault,20.0,2018,14,Monza,14.0,27,Renault,Monza
14.0,GAS,10,Toro Rosso,9.0,2018,14,Monza,9.0,10,Toro Rosso,Monza
15.0,ERI,9,Sauber,18.0,2018,14,Monza,19.0,9,Sauber,Monza
16.0,MAG,20,Haas F1 Team,11.0,2018,14,Monza,11.0,20,Haas F1 Team,Monza
17.0,RIC,3,Red Bull Racing,19.0,2018,14,Monza,15.0,3,Red Bull Racing,Monza
18.0,ALO,14,McLaren,13.0,2018,14,Monza,13.0,14,McLaren,Monza
19.0,HAR,28,Toro Rosso,16.0,2018,14,Monza,18.0,28,Toro Rosso,Monza
20.0,GRO,8,Haas F1 Team,6.0,2018,14,Monza,6.0,8,Haas F1 Team,Monza
1.0,HAM,44,Mercedes,1.0,2018,15,Singapore,1.0,44,Mercedes,Singapore
2.0,VER,33,Red Bull Racing,2.0,2018,15,Singapore,2.0,33,Red Bull Racing,Singapore
3.0,VET,5,Ferrari,3.0,2018,15,Singapore,3.0,5,Ferrari,Singapore
4.0,BOT,77,Mercedes,4.0,2018,15,Singapore,4.0,77,Mercedes,Singapore
5.0,RAI,7,Ferrari,5.0,2018,15,Singapore,5.0,7,Ferrari,Singapore
6.0,RIC,3,Red Bull Racing,6.0,2018,15,Singapore,6.0,3,Red Bull Racing,Singapore
7.0,ALO,14,McLaren,11.0,2018,15,Singapore,11.0,14,McLaren,Singapore
8.0,SAI,55,Renault,12.0,2018,15,Singapore,12.0,55,Renault,Singapore
9.0,LEC,16,Sauber,13.0,2018,15,Singapore,13.0,16,Sauber,Singapore
10.0,HUL,27,Renault,10.0,2018,15,Singapore,10.0,27,Renault,Singapore
11.0,ERI,9,Sauber,14.0,2018,15,Singapore,14.0,9,Sauber,Singapore
12.0,VAN,2,McLaren,18.0,2018,15,Singapore,18.0,2,McLaren,Singapore
13.0,GAS,10,Toro Rosso,15.0,2018,15,Singapore,15.0,10,Toro Rosso,Singapore
14.0,STR,18,Williams,20.0,2018,15,Singapore,20.0,18,Williams,Singapore
15.0,GRO,8,Haas F1 Team,8.0,2018,15,Singapore,8.0,8,Haas F1 Team,Singapore
16.0,PER,11,Racing Point,7.0,2018,15,Singapore,7.0,11,Racing Point,Singapore
17.0,HAR,28,Toro Rosso,17.0,2018,15,Singapore,17.0,28,Toro Rosso,Singapore
18.0,MAG,20,Haas F1 Team,16.0,2018,15,Singapore,16.0,20,Haas F1 Team,Singapore
19.0,SIR,35,Williams,19.0,2018,15,Singapore,19.0,35,Williams,Singapore
20.0,OCO,31,Racing Point,9.0,2018,15,Singapore,9.0,31,Racing Point,Singapore
1.0,HAM,44,Mercedes,2.0,2018,16,Sochi,2.0,44,Mercedes,Sochi
2.0,BOT,77,Mercedes,1.0,2018,16,Sochi,1.0,77,Mercedes,Sochi
3.0,VET,5,Ferrari,3.0,2018,16,Sochi,3.0,5,Ferrari,Sochi
4.0,RAI,7,Ferrari,4.0,2018,16,Sochi,4.0,7,Ferrari,Sochi
5.0,VER,33,Red Bull Racing,19.0,2018,16,Sochi,11.0,33,Red Bull Racing,Sochi
6.0,RIC,3,Red Bull Racing,18.0,2018,16,Sochi,12.0,3,Red Bull Racing,Sochi
7.0,LEC,16,Sauber,7.0,2018,16,Sochi,7.0,16,Sauber,Sochi
8.0,MAG,20,Haas F1 Team,5.0,2018,16,Sochi,5.0,20,Haas F1 Team,Sochi
9.0,OCO,31,Racing Point,6.0,2018,16,Sochi,6.0,31,Racing Point,Sochi
10.0,PER,11,Racing Point,8.0,2018,16,Sochi,8.0,11,Racing Point,Sochi
11.0,GRO,8,Haas F1 Team,9.0,2018,16,Sochi,9.0,8,Haas F1 Team,Sochi
12.0,HUL,27,Renault,12.0,2018,16,Sochi,15.0,27,Renault,Sochi
13.0,ERI,9,Sauber,10.0,2018,16,Sochi,10.0,9,Sauber,Sochi
14.0,ALO,14,McLaren,16.0,2018,16,Sochi,17.0,14,McLaren,Sochi
15.0,STR,18,Williams,14.0,2018,16,Sochi,20.0,18,Williams,Sochi
16.0,VAN,2,McLaren,15.0,2018,16,Sochi,19.0,2,McLaren,Sochi
17.0,SAI,55,Renault,11.0,2018,16,Sochi,14.0,55,Renault,Sochi
18.0,SIR,35,Williams,13.0,2018,16,Sochi,18.0,35,Williams,Sochi
19.0,GAS,10,Toro Rosso,17.0,2018,16,Sochi,13.0,10,Toro Rosso,Sochi
20.0,HAR,28,Toro Rosso,20.0,2018,16,Sochi,16.0,28,Toro Rosso,Sochi
1.0,HAM,44,Mercedes,1.0,2018,17,Suzuka,1.0,44,Mercedes,Suzuka
2.0,BOT,77,Mercedes,2.0,2018,17,Suzuka,2.0,77,Mercedes,Suzuka
3.0,VER,33,Red Bull Racing,3.0,2018,17,Suzuka,3.0,33,Red Bull Racing,Suzuka
4.0,RIC,3,Red Bull Racing,15.0,2018,17,Suzuka,15.0,3,Red Bull Racing,Suzuka
5.0,RAI,7,Ferrari,4.0,2018,17,Suzuka,4.0,7,Ferrari,Suzuka
6.0,VET,5,Ferrari,8.0,2018,17,Suzuka,9.0,5,Ferrari,Suzuka
7.0,PER,11,Racing Point,9.0,2018,17,Suzuka,10.0,11,Racing Point,Suzuka
8.0,GRO,8,Haas F1 Team,5.0,2018,17,Suzuka,5.0,8,Haas F1 Team,Suzuka
9.0,OCO,31,Racing Point,11.0,2018,17,Suzuka,8.0,31,Racing Point,Suzuka
10.0,SAI,55,Renault,13.0,2018,17,Suzuka,13.0,55,Renault,Suzuka
11.0,GAS,10,Toro Rosso,7.0,2018,17,Suzuka,7.0,10,Toro Rosso,Suzuka
12.0,ERI,9,Sauber,20.0,2018,17,Suzuka,20.0,9,Sauber,Suzuka
13.0,HAR,28,Toro Rosso,6.0,2018,17,Suzuka,6.0,28,Toro Rosso,Suzuka
14.0,ALO,14,McLaren,18.0,2018,17,Suzuka,18.0,14,McLaren,Suzuka
15.0,VAN,2,McLaren,19.0,2018,17,Suzuka,19.0,2,McLaren,Suzuka
16.0,SIR,35,Williams,17.0,2018,17,Suzuka,17.0,35,Williams,Suzuka
17.0,STR,18,Williams,14.0,2018,17,Suzuka,14.0,18,Williams,Suzuka
18.0,LEC,16,Sauber,10.0,2018,17,Suzuka,11.0,16,Sauber,Suzuka
19.0,HUL,27,Renault,16.0,2018,17,Suzuka,16.0,27,Renault,Suzuka
20.0,MAG,20,Haas F1 Team,12.0,2018,17,Suzuka,12.0,20,Haas F1 Team,Suzuka
1.0,RAI,7,Ferrari,2.0,2018,18,Austin,3.0,7,Ferrari,Austin
2.0,VER,33,Red Bull Racing,18.0,2018,18,Austin,15.0,33,Red Bull Racing,Austin
3.0,HAM,44,Mercedes,1.0,2018,18,Austin,1.0,44,Mercedes,Austin
4.0,VET,5,Ferrari,5.0,2018,18,Austin,2.0,5,Ferrari,Austin
5.0,BOT,77,Mercedes,3.0,2018,18,Austin,4.0,77,Mercedes,Austin
6.0,HUL,27,Renault,7.0,2018,18,Austin,7.0,27,Renault,Austin
7.0,SAI,55,Renault,11.0,2018,18,Austin,11.0,55,Renault,Austin
8.0,PER,11,Racing Point,10.0,2018,18,Austin,10.0,11,Racing Point,Austin
9.0,HAR,28,Toro Rosso,20.0,2018,18,Austin,14.0,28,Toro Rosso,Austin
10.0,ERI,9,Sauber,16.0,2018,18,Austin,19.0,9,Sauber,Austin
11.0,VAN,2,McLaren,17.0,2018,18,Austin,20.0,2,McLaren,Austin
12.0,GAS,10,Toro Rosso,19.0,2018,18,Austin,13.0,10,Toro Rosso,Austin
13.0,SIR,35,Williams,14.0,2018,18,Austin,17.0,35,Williams,Austin
14.0,STR,18,Williams,15.0,2018,18,Austin,18.0,18,Williams,Austin
15.0,LEC,16,Sauber,9.0,2018,18,Austin,9.0,16,Sauber,Austin
16.0,RIC,3,Red Bull Racing,4.0,2018,18,Austin,5.0,3,Red Bull Racing,Austin
17.0,GRO,8,Haas F1 Team,8.0,2018,18,Austin,8.0,8,Haas F1 Team,Austin
18.0,ALO,14,McLaren,13.0,2018,18,Austin,16.0,14,McLaren,Austin
19.0,OCO,31,Racing Point,6.0,2018,18,Austin,6.0,31,Racing Point,Austin
20.0,MAG,20,Haas F1 Team,12.0,2018,18,Austin,12.0,20,Haas F1 Team,Austin
1.0,VER,33,Red Bull Racing,2.0,2018,19,Mexico City,2.0,33,Red Bull Racing,Mexico City
2.0,VET,5,Ferrari,4.0,2018,19,Mexico City,4.0,5,Ferrari,Mexico City
3.0,RAI,7,Ferrari,6.0,2018,19,Mexico City,6.0,7,Ferrari,Mexico City
4.0,HAM,44,Mercedes,3.0,2018,19,Mexico City,3.0,44,Mercedes,Mexico City
5.0,BOT,77,Mercedes,5.0,2018,19,Mexico City,5.0,77,Mercedes,Mexico City
6.0,HUL,27,Renault,7.0,2018,19,Mexico City,7.0,27,Renault,Mexico City
7.0,LEC,16,Sauber,9.0,2018,19,Mexico City,9.0,16,Sauber,Mexico City
8.0,VAN,2,McLaren,15.0,2018,19,Mexico City,17.0,2,McLaren,Mexico City
9.0,ERI,9,Sauber,10.0,2018,19,Mexico City,10.0,9,Sauber,Mexico City
10.0,GAS,10,Toro Rosso,20.0,2018,19,Mexico City,15.0,10,Toro Rosso,Mexico City
11.0,OCO,31,Racing Point,11.0,2018,19,Mexico City,11.0,31,Racing Point,Mexico City
12.0,STR,18,Williams,17.0,2018,19,Mexico City,19.0,18,Williams,Mexico City
13.0,SIR,35,Williams,19.0,2018,19,Mexico City,20.0,35,Williams,Mexico City
14.0,HAR,28,Toro Rosso,14.0,2018,19,Mexico City,14.0,28,Toro Rosso,Mexico City
15.0,MAG,20,Haas F1 Team,16.0,2018,19,Mexico City,18.0,20,Haas F1 Team,Mexico City
16.0,GRO,8,Haas F1 Team,18.0,2018,19,Mexico City,16.0,8,Haas F1 Team,Mexico City
17.0,RIC,3,Red Bull Racing,1.0,2018,19,Mexico City,1.0,3,Red Bull Racing,Mexico City
18.0,PER,11,Racing Point,13.0,2018,19,Mexico City,13.0,11,Racing Point,Mexico City
19.0,SAI,55,Renault,8.0,2018,19,Mexico City,8.0,55,Renault,Mexico City
20.0,ALO,14,McLaren,12.0,2018,19,Mexico City,12.0,14,McLaren,Mexico City
1.0,HAM,44,Mercedes,1.0,2018,20,São Paulo,1.0,44,Mercedes,São Paulo
2.0,VER,33,Red Bull Racing,5.0,2018,20,São Paulo,5.0,33,Red Bull Racing,São Paulo
3.0,RAI,7,Ferrari,4.0,2018,20,São Paulo,4.0,7,Ferrari,São Paulo
4.0,RIC,3,Red Bull Racing,11.0,2018,20,São Paulo,6.0,3,Red Bull Racing,São Paulo
5.0,BOT,77,Mercedes,3.0,2018,20,São Paulo,3.0,77,Mercedes,São Paulo
6.0,VET,5,Ferrari,2.0,2018,20,São Paulo,2.0,5,Ferrari,São Paulo
7.0,LEC,16,Sauber,7.0,2018,20,São Paulo,8.0,16,Sauber,São Paulo
8.0,GRO,8,Haas F1 Team,8.0,2018,20,São Paulo,9.0,8,Haas F1 Team,São Paulo
9.0,MAG,20,Haas F1 Team,10.0,2018,20,São Paulo,11.0,20,Haas F1 Team,São Paulo
10.0,PER,11,Racing Point,12.0,2018,20,São Paulo,12.0,11,Racing Point,São Paulo
11.0,HAR,28,Toro Rosso,16.0,2018,20,São Paulo,17.0,28,Toro Rosso,São Paulo
12.0,SAI,55,Renault,15.0,2018,20,São Paulo,16.0,55,Renault,São Paulo
13.0,GAS,10,Toro Rosso,9.0,2018,20,São Paulo,10.0,10,Toro Rosso,São Paulo
14.0,VAN,2,McLaren,20.0,2018,20,São Paulo,20.0,2,McLaren,São Paulo
15.0,OCO,31,Racing Point,18.0,2018,20,São Paulo,13.0,31,Racing Point,São Paulo
16.0,SIR,35,Williams,14.0,2018,20,São Paulo,15.0,35,Williams,São Paulo
17.0,ALO,14,McLaren,17.0,2018,20,São Paulo,18.0,14,McLaren,São Paulo
18.0,STR,18,Williams,19.0,2018,20,São Paulo,19.0,18,Williams,São Paulo
19.0,HUL,27,Renault,13.0,2018,20,São Paulo,14.0,27,Renault,São Paulo
20.0,ERI,9,Sauber,6.0,2018,20,São Paulo,7.0,9,Sauber,São Paulo
1.0,HAM,44,Mercedes,1.0,2018,21,Yas Marina,1.0,44,Mercedes,Yas Marina
2.0,VET,5,Ferrari,3.0,2018,21,Yas Marina,3.0,5,Ferrari,Yas Marina
3.0,VER,33,Red Bull Racing,6.0,2018,21,Yas Marina,6.0,33,Red Bull Racing,Yas Marina
4.0,RIC,3,Red Bull Racing,5.0,2018,21,Yas Marina,5.0,3,Red Bull Racing,Yas Marina
5.0,BOT,77,Mercedes,2.0,2018,21,Yas Marina,2.0,77,Mercedes,Yas Marina
6.0,SAI,55,Renault,11.0,2018,21,Yas Marina,11.0,55,Renault,Yas Marina
7.0,LEC,16,Sauber,8.0,2018,21,Yas Marina,8.0,16,Sauber,Yas Marina
8.0,PER,11,Racing Point,14.0,2018,21,Yas Marina,14.0,11,Racing Point,Yas Marina
9.0,GRO,8,Haas F1 Team,7.0,2018,21,Yas Marina,7.0,8,Haas F1 Team,Yas Marina
10.0,MAG,20,Haas F1 Team,13.0,2018,21,Yas Marina,13.0,20,Haas F1 Team,Yas Marina
11.0,ALO,14,McLaren,15.0,2018,21,Yas Marina,15.0,14,McLaren,Yas Marina
12.0,HAR,28,Toro Rosso,16.0,2018,21,Yas Marina,16.0,28,Toro Rosso,Yas Marina
13.0,STR,18,Williams,20.0,2018,21,Yas Marina,20.0,18,Williams,Yas Marina
14.0,VAN,2,McLaren,18.0,2018,21,Yas Marina,18.0,2,McLaren,Yas Marina
15.0,SIR,35,Williams,19.0,2018,21,Yas Marina,19.0,35,Williams,Yas Marina
16.0,GAS,10,Toro Rosso,17.0,2018,21,Yas Marina,17.0,10,Toro Rosso,Yas Marina
17.0,OCO,31,Racing Point,9.0,2018,21,Yas Marina,9.0,31,Racing Point,Yas Marina
18.0,ERI,9,Sauber,12.0,2018,21,Yas Marina,12.0,9,Sauber,Yas Marina
19.0,RAI,7,Ferrari,4.0,2018,21,Yas Marina,4.0,7,Ferrari,Yas Marina
20.0,HUL,27,Renault,10.0,2018,21,Yas Marina,10.0,27,Renault,Yas Marina
1.0,BOT,77,Mercedes,2.0,2019,1,Melbourne,2.0,77,Mercedes,Melbourne
2.0,HAM,44,Mercedes,1.0,2019,1,Melbourne,1.0,44,Mercedes,Melbourne
3.0,VER,33,Red Bull Racing,4.0,2019,1,Melbourne,4.0,33,Red Bull Racing,Melbourne
4.0,VET,5,Ferrari,3.0,2019,1,Melbourne,3.0,5,Ferrari,Melbourne
5.0,LEC,16,Ferrari,5.0,2019,1,Melbourne,5.0,16,Ferrari,Melbourne
6.0,MAG,20,Haas F1 Team,7.0,2019,1,Melbourne,7.0,20,Haas F1 Team,Melbourne
7.0,HUL,27,Renault,11.0,2019,1,Melbourne,11.0,27,Renault,Melbourne
8.0,RAI,7,Alfa Romeo Racing,9.0,2019,1,Melbourne,9.0,7,Alfa Romeo Racing,Melbourne
9.0,STR,18,Racing Point,16.0,2019,1,Melbourne,16.0,18,Racing Point,Melbourne
10.0,KVY,26,Toro Rosso,15.0,2019,1,Melbourne,15.0,26,Toro Rosso,Melbourne
11.0,GAS,10,Red Bull Racing,17.0,2019,1,Melbourne,17.0,10,Red Bull Racing,Melbourne
12.0,NOR,4,McLaren,8.0,2019,1,Melbourne,8.0,4,McLaren,Melbourne
13.0,PER,11,Racing Point,10.0,2019,1,Melbourne,10.0,11,Racing Point,Melbourne
14.0,ALB,23,Toro Rosso,13.0,2019,1,Melbourne,13.0,23,Toro Rosso,Melbourne
15.0,GIO,99,Alfa Romeo Racing,14.0,2019,1,Melbourne,14.0,99,Alfa Romeo Racing,Melbourne
16.0,RUS,63,Williams,19.0,2019,1,Melbourne,19.0,63,Williams,Melbourne
17.0,KUB,88,Williams,20.0,2019,1,Melbourne,20.0,88,Williams,Melbourne
18.0,GRO,8,Haas F1 Team,6.0,2019,1,Melbourne,6.0,8,Haas F1 Team,Melbourne
19.0,RIC,3,Renault,12.0,2019,1,Melbourne,12.0,3,Renault,Melbourne
20.0,SAI,55,McLaren,18.0,2019,1,Melbourne,18.0,55,McLaren,Melbourne
1.0,HAM,44,Mercedes,3.0,2019,2,Sakhir,3.0,44,Mercedes,Sakhir
2.0,BOT,77,Mercedes,4.0,2019,2,Sakhir,4.0,77,Mercedes,Sakhir
3.0,LEC,16,Ferrari,1.0,2019,2,Sakhir,1.0,16,Ferrari,Sakhir
4.0,VER,33,Red Bull Racing,5.0,2019,2,Sakhir,5.0,33,Red Bull Racing,Sakhir
5.0,VET,5,Ferrari,2.0,2019,2,Sakhir,2.0,5,Ferrari,Sakhir
6.0,NOR,4,McLaren,9.0,2019,2,Sakhir,10.0,4,McLaren,Sakhir
7.0,RAI,7,Alfa Romeo Racing,8.0,2019,2,Sakhir,9.0,7,Alfa Romeo Racing,Sakhir
8.0,GAS,10,Red Bull Racing,13.0,2019,2,Sakhir,13.0,10,Red Bull Racing,Sakhir
9.0,ALB,23,Toro Rosso,12.0,2019,2,Sakhir,12.0,23,Toro Rosso,Sakhir
10.0,PER,11,Racing Point,14.0,2019,2,Sakhir,14.0,11,Racing Point,Sakhir
11.0,GIO,99,Alfa Romeo Racing,16.0,2019,2,Sakhir,16.0,99,Alfa Romeo Racing,Sakhir
12.0,KVY,26,Toro Rosso,15.0,2019,2,Sakhir,15.0,26,Toro Rosso,Sakhir
13.0,MAG,20,Haas F1 Team,6.0,2019,2,Sakhir,6.0,20,Haas F1 Team,Sakhir
14.0,STR,18,Racing Point,18.0,2019,2,Sakhir,18.0,18,Racing Point,Sakhir
15.0,RUS,63,Williams,19.0,2019,2,Sakhir,19.0,63,Williams,Sakhir
16.0,KUB,88,Williams,20.0,2019,2,Sakhir,20.0,88,Williams,Sakhir
17.0,HUL,27,Renault,17.0,2019,2,Sakhir,17.0,27,Renault,Sakhir
18.0,RIC,3,Renault,10.0,2019,2,Sakhir,11.0,3,Renault,Sakhir
19.0,SAI,55,McLaren,7.0,2019,2,Sakhir,7.0,55,McLaren,Sakhir
20.0,GRO,8,Haas F1 Team,11.0,2019,2,Sakhir,8.0,8,Haas F1 Team,Sakhir
1.0,HAM,44,Mercedes,2.0,2019,3,Shanghai,2.0,44,Mercedes,Shanghai
2.0,BOT,77,Mercedes,1.0,2019,3,Shanghai,1.0,77,Mercedes,Shanghai
3.0,VET,5,Ferrari,3.0,2019,3,Shanghai,3.0,5,Ferrari,Shanghai
4.0,VER,33,Red Bull Racing,5.0,2019,3,Shanghai,5.0,33,Red Bull Racing,Shanghai
5.0,LEC,16,Ferrari,4.0,2019,3,Shanghai,4.0,16,Ferrari,Shanghai
6.0,GAS,10,Red Bull Racing,6.0,2019,3,Shanghai,6.0,10,Red Bull Racing,Shanghai
7.0,RIC,3,Renault,7.0,2019,3,Shanghai,7.0,3,Renault,Shanghai
8.0,PER,11,Racing Point,12.0,2019,3,Shanghai,12.0,11,Racing Point,Shanghai
9.0,RAI,7,Alfa Romeo Racing,13.0,2019,3,Shanghai,13.0,7,Alfa Romeo Racing,Shanghai
10.0,ALB,23,Toro Rosso,0.0,2019,3,Shanghai,,23,Toro Rosso,Shanghai
11.0,GRO,8,Haas F1 Team,10.0,2019,3,Shanghai,10.0,8,Haas F1 Team,Shanghai
12.0,STR,18,Racing Point,16.0,2019,3,Shanghai,16.0,18,Racing Point,Shanghai
13.0,MAG,20,Haas F1 Team,9.0,2019,3,Shanghai,9.0,20,Haas F1 Team,Shanghai
14.0,SAI,55,McLaren,14.0,2019,3,Shanghai,14.0,55,McLaren,Shanghai
15.0,GIO,99,Alfa Romeo Racing,19.0,2019,3,Shanghai,,99,Alfa Romeo Racing,Shanghai
16.0,RUS,63,Williams,17.0,2019,3,Shanghai,17.0,63,Williams,Shanghai
17.0,KUB,88,Williams,18.0,2019,3,Shanghai,18.0,88,Williams,Shanghai
18.0,NOR,4,McLaren,15.0,2019,3,Shanghai,15.0,4,McLaren,Shanghai
19.0,KVY,26,Toro Rosso,11.0,2019,3,Shanghai,11.0,26,Toro Rosso,Shanghai
20.0,HUL,27,Renault,8.0,2019,3,Shanghai,8.0,27,Renault,Shanghai
1.0,BOT,77,Mercedes,1.0,2019,4,Baku,1.0,77,Mercedes,Baku
2.0,HAM,44,Mercedes,2.0,2019,4,Baku,2.0,44,Mercedes,Baku
3.0,VET,5,Ferrari,3.0,2019,4,Baku,3.0,5,Ferrari,Baku
4.0,VER,33,Red Bull Racing,4.0,2019,4,Baku,4.0,33,Red Bull Racing,Baku
5.0,LEC,16,Ferrari,8.0,2019,4,Baku,9.0,16,Ferrari,Baku
6.0,PER,11,Racing Point,5.0,2019,4,Baku,5.0,11,Racing Point,Baku
7.0,SAI,55,McLaren,9.0,2019,4,Baku,10.0,55,McLaren,Baku
8.0,NOR,4,McLaren,7.0,2019,4,Baku,7.0,4,McLaren,Baku
9.0,STR,18,Racing Point,13.0,2019,4,Baku,14.0,18,Racing Point,Baku
10.0,RAI,7,Alfa Romeo Racing,0.0,2019,4,Baku,19.0,7,Alfa Romeo Racing,Baku
11.0,ALB,23,Toro Rosso,11.0,2019,4,Baku,12.0,23,Toro Rosso,Baku
12.0,GIO,99,Alfa Romeo Racing,17.0,2019,4,Baku,8.0,99,Alfa Romeo Racing,Baku
13.0,MAG,20,Haas F1 Team,12.0,2019,4,Baku,13.0,20,Haas F1 Team,Baku
14.0,HUL,27,Renault,15.0,2019,4,Baku,16.0,27,Renault,Baku
15.0,RUS,63,Williams,16.0,2019,4,Baku,17.0,63,Williams,Baku
16.0,KUB,88,Williams,0.0,2019,4,Baku,18.0,88,Williams,Baku
17.0,GAS,10,Red Bull Racing,0.0,2019,4,Baku,20.0,10,Red Bull Racing,Baku
18.0,GRO,8,Haas F1 Team,14.0,2019,4,Baku,15.0,8,Haas F1 Team,Baku
19.0,KVY,26,Toro Rosso,6.0,2019,4,Baku,6.0,26,Toro Rosso,Baku
20.0,RIC,3,Renault,10.0,2019,4,Baku,11.0,3,Renault,Baku
1.0,HAM,44,Mercedes,2.0,2019,5,Barcelona,2.0,44,Mercedes,Barcelona
2.0,BOT,77,Mercedes,1.0,2019,5,Barcelona,1.0,77,Mercedes,Barcelona
3.0,VER,33,Red Bull Racing,4.0,2019,5,Barcelona,4.0,33,Red Bull Racing,Barcelona
4.0,VET,5,Ferrari,3.0,2019,5,Barcelona,3.0,5,Ferrari,Barcelona
5.0,LEC,16,Ferrari,5.0,2019,5,Barcelona,5.0,16,Ferrari,Barcelona
6.0,GAS,10,Red Bull Racing,6.0,2019,5,Barcelona,6.0,10,Red Bull Racing,Barcelona
7.0,MAG,20,Haas F1 Team,8.0,2019,5,Barcelona,8.0,20,Haas F1 Team,Barcelona
8.0,SAI,55,McLaren,12.0,2019,5,Barcelona,13.0,55,McLaren,Barcelona
9.0,KVY,26,Toro Rosso,9.0,2019,5,Barcelona,9.0,26,Toro Rosso,Barcelona
10.0,GRO,8,Haas F1 Team,7.0,2019,5,Barcelona,7.0,8,Haas F1 Team,Barcelona
11.0,ALB,23,Toro Rosso,11.0,2019,5,Barcelona,12.0,23,Toro Rosso,Barcelona
12.0,RIC,3,Renault,13.0,2019,5,Barcelona,10.0,3,Renault,Barcelona
13.0,HUL,27,Renault,0.0,2019,5,Barcelona,16.0,27,Renault,Barcelona
14.0,RAI,7,Alfa Romeo Racing,14.0,2019,5,Barcelona,14.0,7,Alfa Romeo Racing,Barcelona
15.0,PER,11,Racing Point,15.0,2019,5,Barcelona,15.0,11,Racing Point,Barcelona
16.0,GIO,99,Alfa Romeo Racing,18.0,2019,5,Barcelona,18.0,99,Alfa Romeo Racing,Barcelona
17.0,RUS,63,Williams,19.0,2019,5,Barcelona,19.0,63,Williams,Barcelona
18.0,KUB,88,Williams,17.0,2019,5,Barcelona,20.0,88,Williams,Barcelona
19.0,STR,18,Racing Point,16.0,2019,5,Barcelona,17.0,18,Racing Point,Barcelona
20.0,NOR,4,McLaren,10.0,2019,5,Barcelona,11.0,4,McLaren,Barcelona
1.0,HAM,44,Mercedes,1.0,2019,6,Monte Carlo,1.0,44,Mercedes,Monte Carlo
2.0,VET,5,Ferrari,4.0,2019,6,Monte Carlo,4.0,5,Ferrari,Monte Carlo
3.0,BOT,77,Mercedes,2.0,2019,6,Monte Carlo,2.0,77,Mercedes,Monte Carlo
4.0,VER,33,Red Bull Racing,3.0,2019,6,Monte Carlo,3.0,33,Red Bull Racing,Monte Carlo
5.0,GAS,10,Red Bull Racing,8.0,2019,6,Monte Carlo,5.0,10,Red Bull Racing,Monte Carlo
6.0,SAI,55,McLaren,9.0,2019,6,Monte Carlo,9.0,55,McLaren,Monte Carlo
7.0,KVY,26,Toro Rosso,7.0,2019,6,Monte Carlo,8.0,26,Toro Rosso,Monte Carlo
8.0,ALB,23,Toro Rosso,10.0,2019,6,Monte Carlo,10.0,23,Toro Rosso,Monte Carlo
9.0,RIC,3,Renault,6.0,2019,6,Monte Carlo,7.0,3,Renault,Monte Carlo
10.0,GRO,8,Haas F1 Team,13.0,2019,6,Monte Carlo,13.0,8,Haas F1 Team,Monte Carlo
11.0,NOR,4,McLaren,12.0,2019,6,Monte Carlo,12.0,4,McLaren,Monte Carlo
12.0,PER,11,Racing Point,16.0,2019,6,Monte Carlo,17.0,11,Racing Point,Monte Carlo
13.0,HUL,27,Renault,11.0,2019,6,Monte Carlo,11.0,27,Renault,Monte Carlo
14.0,MAG,20,Haas F1 Team,5.0,2019,6,Monte Carlo,6.0,20,Haas F1 Team,Monte Carlo
15.0,RUS,63,Williams,19.0,2019,6,Monte Carlo,19.0,63,Williams,Monte Carlo
16.0,STR,18,Racing Point,17.0,2019,6,Monte Carlo,18.0,18,Racing Point,Monte Carlo
17.0,RAI,7,Alfa Romeo Racing,14.0,2019,6,Monte Carlo,14.0,7,Alfa Romeo Racing,Monte Carlo
18.0,KUB,88,Williams,20.0,2019,6,Monte Carlo,20.0,88,Williams,Monte Carlo
19.0,GIO,99,Alfa Romeo Racing,18.0,2019,6,Monte Carlo,15.0,99,Alfa Romeo Racing,Monte Carlo
20.0,LEC,16,Ferrari,15.0,2019,6,Monte Carlo,16.0,16,Ferrari,Monte Carlo
1.0,HAM,44,Mercedes,2.0,2019,7,Montréal,2.0,44,Mercedes,Montréal
2.0,VET,5,Ferrari,1.0,2019,7,Montréal,1.0,5,Ferrari,Montréal
3.0,LEC,16,Ferrari,3.0,2019,7,Montréal,3.0,16,Ferrari,Montréal
4.0,BOT,77,Mercedes,6.0,2019,7,Montréal,6.0,77,Mercedes,Montréal
5.0,VER,33,Red Bull Racing,9.0,2019,7,Montréal,11.0,33,Red Bull Racing,Montréal
6.0,RIC,3,Renault,4.0,2019,7,Montréal,4.0,3,Renault,Montréal
7.0,HUL,27,Renault,7.0,2019,7,Montréal,7.0,27,Renault,Montréal
8.0,GAS,10,Red Bull Racing,5.0,2019,7,Montréal,5.0,10,Red Bull Racing,Montréal
9.0,STR,18,Racing Point,17.0,2019,7,Montréal,18.0,18,Racing Point,Montréal
10.0,KVY,26,Toro Rosso,10.0,2019,7,Montréal,12.0,26,Toro Rosso,Montréal
11.0,SAI,55,McLaren,11.0,2019,7,Montréal,9.0,55,McLaren,Montréal
12.0,PER,11,Racing Point,15.0,2019,7,Montréal,16.0,11,Racing Point,Montréal
13.0,GIO,99,Alfa Romeo Racing,12.0,2019,7,Montréal,13.0,99,Alfa Romeo Racing,Montréal
14.0,GRO,8,Haas F1 Team,14.0,2019,7,Montréal,15.0,8,Haas F1 Team,Montréal
15.0,RAI,7,Alfa Romeo Racing,16.0,2019,7,Montréal,17.0,7,Alfa Romeo Racing,Montréal
16.0,RUS,63,Williams,18.0,2019,7,Montréal,19.0,63,Williams,Montréal
17.0,MAG,20,Haas F1 Team,0.0,2019,7,Montréal,10.0,20,Haas F1 Team,Montréal
18.0,KUB,88,Williams,19.0,2019,7,Montréal,20.0,88,Williams,Montréal
19.0,ALB,23,Toro Rosso,13.0,2019,7,Montréal,14.0,23,Toro Rosso,Montréal
20.0,NOR,4,McLaren,8.0,2019,7,Montréal,8.0,4,McLaren,Montréal
1.0,HAM,44,Mercedes,1.0,2019,8,Le Castellet,1.0,44,Mercedes,Le Castellet
2.0,BOT,77,Mercedes,2.0,2019,8,Le Castellet,2.0,77,Mercedes,Le Castellet
3.0,LEC,16,Ferrari,3.0,2019,8,Le Castellet,3.0,16,Ferrari,Le Castellet
4.0,VER,33,Red Bull Racing,4.0,2019,8,Le Castellet,4.0,33,Red Bull Racing,Le Castellet
5.0,VET,5,Ferrari,7.0,2019,8,Le Castellet,7.0,5,Ferrari,Le Castellet
6.0,SAI,55,McLaren,6.0,2019,8,Le Castellet,6.0,55,McLaren,Le Castellet
7.0,RAI,7,Alfa Romeo Racing,12.0,2019,8,Le Castellet,12.0,7,Alfa Romeo Racing,Le Castellet
8.0,HUL,27,Renault,13.0,2019,8,Le Castellet,13.0,27,Renault,Le Castellet
9.0,NOR,4,McLaren,5.0,2019,8,Le Castellet,5.0,4,McLaren,Le Castellet
10.0,GAS,10,Red Bull Racing,9.0,2019,8,Le Castellet,9.0,10,Red Bull Racing,Le Castellet
11.0,RIC,3,Renault,8.0,2019,8,Le Castellet,8.0,3,Renault,Le Castellet
12.0,PER,11,Racing Point,14.0,2019,8,Le Castellet,14.0,11,Racing Point,Le Castellet
13.0,STR,18,Racing Point,17.0,2019,8,Le Castellet,18.0,18,Racing Point,Le Castellet
14.0,KVY,26,Toro Rosso,19.0,2019,8,Le Castellet,16.0,26,Toro Rosso,Le Castellet
15.0,ALB,23,Toro Rosso,11.0,2019,8,Le Castellet,11.0,23,Toro Rosso,Le Castellet
16.0,GIO,99,Alfa Romeo Racing,10.0,2019,8,Le Castellet,10.0,99,Alfa Romeo Racing,Le Castellet
17.0,MAG,20,Haas F1 Team,15.0,2019,8,Le Castellet,15.0,20,Haas F1 Team,Le Castellet
18.0,KUB,88,Williams,18.0,2019,8,Le Castellet,20.0,88,Williams,Le Castellet
19.0,RUS,63,Williams,20.0,2019,8,Le Castellet,19.0,63,Williams,Le Castellet
20.0,GRO,8,Haas F1 Team,16.0,2019,8,Le Castellet,17.0,8,Haas F1 Team,Le Castellet
1.0,VER,33,Red Bull Racing,2.0,2019,9,Spielberg,3.0,33,Red Bull Racing,Spielberg
2.0,LEC,16,Ferrari,1.0,2019,9,Spielberg,1.0,16,Ferrari,Spielberg
3.0,BOT,77,Mercedes,3.0,2019,9,Spielberg,4.0,77,Mercedes,Spielberg
4.0,VET,5,Ferrari,9.0,2019,9,Spielberg,10.0,5,Ferrari,Spielberg
5.0,HAM,44,Mercedes,4.0,2019,9,Spielberg,2.0,44,Mercedes,Spielberg
6.0,NOR,4,McLaren,5.0,2019,9,Spielberg,6.0,4,McLaren,Spielberg
7.0,GAS,10,Red Bull Racing,8.0,2019,9,Spielberg,9.0,10,Red Bull Racing,Spielberg
8.0,SAI,55,McLaren,19.0,2019,9,Spielberg,15.0,55,McLaren,Spielberg
9.0,RAI,7,Alfa Romeo Racing,6.0,2019,9,Spielberg,7.0,7,Alfa Romeo Racing,Spielberg
10.0,GIO,99,Alfa Romeo Racing,7.0,2019,9,Spielberg,8.0,99,Alfa Romeo Racing,Spielberg
11.0,PER,11,Racing Point,13.0,2019,9,Spielberg,16.0,11,Racing Point,Spielberg
12.0,RIC,3,Renault,12.0,2019,9,Spielberg,14.0,3,Renault,Spielberg
13.0,HUL,27,Renault,15.0,2019,9,Spielberg,12.0,27,Renault,Spielberg
14.0,STR,18,Racing Point,14.0,2019,9,Spielberg,17.0,18,Racing Point,Spielberg
15.0,ALB,23,Toro Rosso,18.0,2019,9,Spielberg,13.0,23,Toro Rosso,Spielberg
16.0,GRO,8,Haas F1 Team,11.0,2019,9,Spielberg,11.0,8,Haas F1 Team,Spielberg
17.0,KVY,26,Toro Rosso,16.0,2019,9,Spielberg,18.0,26,Toro Rosso,Spielberg
18.0,RUS,63,Williams,0.0,2019,9,Spielberg,19.0,63,Williams,Spielberg
19.0,MAG,20,Haas F1 Team,10.0,2019,9,Spielberg,5.0,20,Haas F1 Team,Spielberg
20.0,KUB,88,Williams,17.0,2019,9,Spielberg,20.0,88,Williams,Spielberg
1.0,HAM,44,Mercedes,2.0,2019,10,Silverstone,2.0,44,Mercedes,Silverstone
2.0,BOT,77,Mercedes,1.0,2019,10,Silverstone,1.0,77,Mercedes,Silverstone
3.0,LEC,16,Ferrari,3.0,2019,10,Silverstone,3.0,16,Ferrari,Silverstone
4.0,GAS,10,Red Bull Racing,5.0,2019,10,Silverstone,5.0,10,Red Bull Racing,Silverstone
5.0,VER,33,Red Bull Racing,4.0,2019,10,Silverstone,4.0,33,Red Bull Racing,Silverstone
6.0,SAI,55,McLaren,13.0,2019,10,Silverstone,13.0,55,McLaren,Silverstone
7.0,RIC,3,Renault,7.0,2019,10,Silverstone,7.0,3,Renault,Silverstone
8.0,RAI,7,Alfa Romeo Racing,12.0,2019,10,Silverstone,12.0,7,Alfa Romeo Racing,Silverstone
9.0,KVY,26,Toro Rosso,17.0,2019,10,Silverstone,17.0,26,Toro Rosso,Silverstone
10.0,HUL,27,Renault,10.0,2019,10,Silverstone,10.0,27,Renault,Silverstone
11.0,NOR,4,McLaren,8.0,2019,10,Silverstone,8.0,4,McLaren,Silverstone
12.0,ALB,23,Toro Rosso,9.0,2019,10,Silverstone,9.0,23,Toro Rosso,Silverstone
13.0,STR,18,Racing Point,18.0,2019,10,Silverstone,18.0,18,Racing Point,Silverstone
14.0,RUS,63,Williams,19.0,2019,10,Silverstone,19.0,63,Williams,Silverstone
15.0,KUB,88,Williams,20.0,2019,10,Silverstone,20.0,88,Williams,Silverstone
16.0,VET,5,Ferrari,6.0,2019,10,Silverstone,6.0,5,Ferrari,Silverstone
17.0,PER,11,Racing Point,15.0,2019,10,Silverstone,15.0,11,Racing Point,Silverstone
18.0,GIO,99,Alfa Romeo Racing,11.0,2019,10,Silverstone,11.0,99,Alfa Romeo Racing,Silverstone
19.0,GRO,8,Haas F1 Team,14.0,2019,10,Silverstone,14.0,8,Haas F1 Team,Silverstone
20.0,MAG,20,Haas F1 Team,16.0,2019,10,Silverstone,16.0,20,Haas F1 Team,Silverstone
1.0,VER,33,Red Bull Racing,2.0,2019,11,Hockenheim,2.0,33,Red Bull Racing,Hockenheim
2.0,VET,5,Ferrari,20.0,2019,11,Hockenheim,20.0,5,Ferrari,Hockenheim
3.0,KVY,26,Toro Rosso,14.0,2019,11,Hockenheim,14.0,26,Toro Rosso,Hockenheim
4.0,STR,18,Racing Point,15.0,2019,11,Hockenheim,15.0,18,Racing Point,Hockenheim
5.0,SAI,55,McLaren,7.0,2019,11,Hockenheim,7.0,55,McLaren,Hockenheim
6.0,ALB,23,Toro Rosso,16.0,2019,11,Hockenheim,17.0,23,Toro Rosso,Hockenheim
7.0,GRO,8,Haas F1 Team,6.0,2019,11,Hockenheim,6.0,8,Haas F1 Team,Hockenheim
8.0,MAG,20,Haas F1 Team,12.0,2019,11,Hockenheim,12.0,20,Haas F1 Team,Hockenheim
9.0,HAM,44,Mercedes,1.0,2019,11,Hockenheim,1.0,44,Mercedes,Hockenheim
10.0,KUB,88,Williams,18.0,2019,11,Hockenheim,19.0,88,Williams,Hockenheim
11.0,RUS,63,Williams,17.0,2019,11,Hockenheim,18.0,63,Williams,Hockenheim
12.0,RAI,7,Alfa Romeo Racing,5.0,2019,11,Hockenheim,5.0,7,Alfa Romeo Racing,Hockenheim
13.0,GIO,99,Alfa Romeo Racing,11.0,2019,11,Hockenheim,11.0,99,Alfa Romeo Racing,Hockenheim
14.0,GAS,10,Red Bull Racing,4.0,2019,11,Hockenheim,4.0,10,Red Bull Racing,Hockenheim
15.0,BOT,77,Mercedes,3.0,2019,11,Hockenheim,3.0,77,Mercedes,Hockenheim
16.0,HUL,27,Renault,9.0,2019,11,Hockenheim,9.0,27,Renault,Hockenheim
17.0,LEC,16,Ferrari,10.0,2019,11,Hockenheim,10.0,16,Ferrari,Hockenheim
18.0,NOR,4,McLaren,19.0,2019,11,Hockenheim,16.0,4,McLaren,Hockenheim
19.0,RIC,3,Renault,13.0,2019,11,Hockenheim,13.0,3,Renault,Hockenheim
20.0,PER,11,Racing Point,8.0,2019,11,Hockenheim,8.0,11,Racing Point,Hockenheim
1.0,HAM,44,Mercedes,3.0,2019,12,Budapest,3.0,44,Mercedes,Budapest
2.0,VER,33,Red Bull Racing,1.0,2019,12,Budapest,1.0,33,Red Bull Racing,Budapest
3.0,VET,5,Ferrari,5.0,2019,12,Budapest,5.0,5,Ferrari,Budapest
4.0,LEC,16,Ferrari,4.0,2019,12,Budapest,4.0,16,Ferrari,Budapest
5.0,SAI,55,McLaren,8.0,2019,12,Budapest,8.0,55,McLaren,Budapest
6.0,GAS,10,Red Bull Racing,6.0,2019,12,Budapest,6.0,10,Red Bull Racing,Budapest
7.0,RAI,7,Alfa Romeo Racing,10.0,2019,12,Budapest,10.0,7,Alfa Romeo Racing,Budapest
8.0,BOT,77,Mercedes,2.0,2019,12,Budapest,2.0,77,Mercedes,Budapest
9.0,NOR,4,McLaren,7.0,2019,12,Budapest,7.0,4,McLaren,Budapest
10.0,ALB,23,Toro Rosso,12.0,2019,12,Budapest,12.0,23,Toro Rosso,Budapest
11.0,PER,11,Racing Point,16.0,2019,12,Budapest,17.0,11,Racing Point,Budapest
12.0,HUL,27,Renault,11.0,2019,12,Budapest,11.0,27,Renault,Budapest
13.0,MAG,20,Haas F1 Team,14.0,2019,12,Budapest,15.0,20,Haas F1 Team,Budapest
14.0,RIC,3,Renault,20.0,2019,12,Budapest,18.0,3,Renault,Budapest
15.0,KVY,26,Toro Rosso,13.0,2019,12,Budapest,13.0,26,Toro Rosso,Budapest
16.0,RUS,63,Williams,15.0,2019,12,Budapest,16.0,63,Williams,Budapest
17.0,STR,18,Racing Point,18.0,2019,12,Budapest,19.0,18,Racing Point,Budapest
18.0,GIO,99,Alfa Romeo Racing,17.0,2019,12,Budapest,14.0,99,Alfa Romeo Racing,Budapest
19.0,KUB,88,Williams,19.0,2019,12,Budapest,20.0,88,Williams,Budapest
20.0,GRO,8,Haas F1 Team,9.0,2019,12,Budapest,9.0,8,Haas F1 Team,Budapest
1.0,LEC,16,Ferrari,1.0,2019,13,Spa-Francorchamps,1.0,16,Ferrari,Spa-Francorchamps
2.0,HAM,44,Mercedes,3.0,2019,13,Spa-Francorchamps,3.0,44,Mercedes,Spa-Francorchamps
3.0,BOT,77,Mercedes,4.0,2019,13,Spa-Francorchamps,4.0,77,Mercedes,Spa-Francorchamps
4.0,VET,5,Ferrari,2.0,2019,13,Spa-Francorchamps,2.0,5,Ferrari,Spa-Francorchamps
5.0,ALB,23,Red Bull Racing,17.0,2019,13,Spa-Francorchamps,14.0,23,Red Bull Racing,Spa-Francorchamps
6.0,PER,11,Racing Point,7.0,2019,13,Spa-Francorchamps,9.0,11,Racing Point,Spa-Francorchamps
7.0,KVY,26,Toro Rosso,19.0,2019,13,Spa-Francorchamps,18.0,26,Toro Rosso,Spa-Francorchamps
8.0,HUL,27,Renault,12.0,2019,13,Spa-Francorchamps,7.0,27,Renault,Spa-Francorchamps
9.0,GAS,10,Toro Rosso,13.0,2019,13,Spa-Francorchamps,16.0,10,Toro Rosso,Spa-Francorchamps
10.0,STR,18,Racing Point,16.0,2019,13,Spa-Francorchamps,13.0,18,Racing Point,Spa-Francorchamps
11.0,NOR,4,McLaren,11.0,2019,13,Spa-Francorchamps,12.0,4,McLaren,Spa-Francorchamps
12.0,MAG,20,Haas F1 Team,8.0,2019,13,Spa-Francorchamps,10.0,20,Haas F1 Team,Spa-Francorchamps
13.0,GRO,8,Haas F1 Team,9.0,2019,13,Spa-Francorchamps,11.0,8,Haas F1 Team,Spa-Francorchamps
14.0,RIC,3,Renault,10.0,2019,13,Spa-Francorchamps,6.0,3,Renault,Spa-Francorchamps
15.0,RUS,63,Williams,14.0,2019,13,Spa-Francorchamps,19.0,63,Williams,Spa-Francorchamps
16.0,RAI,7,Alfa Romeo Racing,6.0,2019,13,Spa-Francorchamps,8.0,7,Alfa Romeo Racing,Spa-Francorchamps
17.0,KUB,88,Williams,0.0,2019,13,Spa-Francorchamps,20.0,88,Williams,Spa-Francorchamps
18.0,GIO,99,Alfa Romeo Racing,18.0,2019,13,Spa-Francorchamps,15.0,99,Alfa Romeo Racing,Spa-Francorchamps
19.0,SAI,55,McLaren,15.0,2019,13,Spa-Francorchamps,17.0,55,McLaren,Spa-Francorchamps
20.0,VER,33,Red Bull Racing,5.0,2019,13,Spa-Francorchamps,5.0,33,Red Bull Racing,Spa-Francorchamps
1.0,LEC,16,Ferrari,1.0,2019,14,Monza,1.0,16,Ferrari,Monza
2.0,BOT,77,Mercedes,3.0,2019,14,Monza,3.0,77,Mercedes,Monza
3.0,HAM,44,Mercedes,2.0,2019,14,Monza,2.0,44,Mercedes,Monza
4.0,RIC,3,Renault,5.0,2019,14,Monza,5.0,3,Renault,Monza
5.0,HUL,27,Renault,6.0,2019,14,Monza,6.0,27,Renault,Monza
6.0,ALB,23,Red Bull Racing,8.0,2019,14,Monza,8.0,23,Red Bull Racing,Monza
7.0,PER,11,Racing Point,18.0,2019,14,Monza,17.0,11,Racing Point,Monza
8.0,VER,33,Red Bull Racing,19.0,2019,14,Monza,20.0,33,Red Bull Racing,Monza
9.0,GIO,99,Alfa Romeo Racing,10.0,2019,14,Monza,11.0,99,Alfa Romeo Racing,Monza
10.0,NOR,4,McLaren,16.0,2019,14,Monza,14.0,4,McLaren,Monza
11.0,GAS,10,Toro Rosso,17.0,2019,14,Monza,15.0,10,Toro Rosso,Monza
12.0,STR,18,Racing Point,9.0,2019,14,Monza,9.0,18,Racing Point,Monza
13.0,VET,5,Ferrari,4.0,2019,14,Monza,4.0,5,Ferrari,Monza
14.0,RUS,63,Williams,14.0,2019,14,Monza,18.0,63,Williams,Monza
15.0,RAI,7,Alfa Romeo Racing,0.0,2019,14,Monza,10.0,7,Alfa Romeo Racing,Monza
16.0,GRO,8,Haas F1 Team,13.0,2019,14,Monza,16.0,8,Haas F1 Team,Monza
17.0,KUB,88,Williams,15.0,2019,14,Monza,19.0,88,Williams,Monza
18.0,MAG,20,Haas F1 Team,11.0,2019,14,Monza,12.0,20,Haas F1 Team,Monza
19.0,KVY,26,Toro Rosso,12.0,2019,14,Monza,13.0,26,Toro Rosso,Monza
20.0,SAI,55,McLaren,7.0,2019,14,Monza,7.0,55,McLaren,Monza
1.0,VET,5,Ferrari,3.0,2019,15,Singapore,3.0,5,Ferrari,Singapore
2.0,LEC,16,Ferrari,1.0,2019,15,Singapore,1.0,16,Ferrari,Singapore
3.0,VER,33,Red Bull Racing,4.0,2019,15,Singapore,4.0,33,Red Bull Racing,Singapore
4.0,HAM,44,Mercedes,2.0,2019,15,Singapore,2.0,44,Mercedes,Singapore
5.0,BOT,77,Mercedes,5.0,2019,15,Singapore,5.0,77,Mercedes,Singapore
6.0,ALB,23,Red Bull Racing,6.0,2019,15,Singapore,6.0,23,Red Bull Racing,Singapore
7.0,NOR,4,McLaren,9.0,2019,15,Singapore,9.0,4,McLaren,Singapore
8.0,GAS,10,Toro Rosso,11.0,2019,15,Singapore,12.0,10,Toro Rosso,Singapore
9.0,HUL,27,Renault,8.0,2019,15,Singapore,8.0,27,Renault,Singapore
10.0,GIO,99,Alfa Romeo Racing,10.0,2019,15,Singapore,11.0,99,Alfa Romeo Racing,Singapore
11.0,GRO,8,Haas F1 Team,17.0,2019,15,Singapore,17.0,8,Haas F1 Team,Singapore
12.0,SAI,55,McLaren,7.0,2019,15,Singapore,7.0,55,McLaren,Singapore
13.0,STR,18,Racing Point,16.0,2019,15,Singapore,16.0,18,Racing Point,Singapore
14.0,RIC,3,Renault,20.0,2019,15,Singapore,20.0,3,Renault,Singapore
15.0,KVY,26,Toro Rosso,14.0,2019,15,Singapore,15.0,26,Toro Rosso,Singapore
16.0,KUB,88,Williams,19.0,2019,15,Singapore,19.0,88,Williams,Singapore
17.0,MAG,20,Haas F1 Team,13.0,2019,15,Singapore,14.0,20,Haas F1 Team,Singapore
18.0,RAI,7,Alfa Romeo Racing,12.0,2019,15,Singapore,13.0,7,Alfa Romeo Racing,Singapore
19.0,PER,11,Racing Point,15.0,2019,15,Singapore,10.0,11,Racing Point,Singapore
20.0,RUS,63,Williams,18.0,2019,15,Singapore,18.0,63,Williams,Singapore
1.0,HAM,44,Mercedes,2.0,2019,16,Sochi,2.0,44,Mercedes,Sochi
2.0,BOT,77,Mercedes,4.0,2019,16,Sochi,5.0,77,Mercedes,Sochi
3.0,LEC,16,Ferrari,1.0,2019,16,Sochi,1.0,16,Ferrari,Sochi
4.0,VER,33,Red Bull Racing,9.0,2019,16,Sochi,4.0,33,Red Bull Racing,Sochi
5.0,ALB,23,Red Bull Racing,0.0,2019,16,Sochi,19.0,23,Red Bull Racing,Sochi
6.0,SAI,55,McLaren,5.0,2019,16,Sochi,6.0,55,McLaren,Sochi
7.0,PER,11,Racing Point,11.0,2019,16,Sochi,12.0,11,Racing Point,Sochi
8.0,NOR,4,McLaren,7.0,2019,16,Sochi,8.0,4,McLaren,Sochi
9.0,MAG,20,Haas F1 Team,13.0,2019,16,Sochi,14.0,20,Haas F1 Team,Sochi
10.0,HUL,27,Renault,6.0,2019,16,Sochi,7.0,27,Renault,Sochi
11.0,STR,18,Racing Point,14.0,2019,16,Sochi,15.0,18,Racing Point,Sochi
12.0,KVY,26,Toro Rosso,19.0,2019,16,Sochi,20.0,26,Toro Rosso,Sochi
13.0,RAI,7,Alfa Romeo Racing,15.0,2019,16,Sochi,16.0,7,Alfa Romeo Racing,Sochi
14.0,GAS,10,Toro Rosso,16.0,2019,16,Sochi,11.0,10,Toro Rosso,Sochi
15.0,GIO,99,Alfa Romeo Racing,12.0,2019,16,Sochi,13.0,99,Alfa Romeo Racing,Sochi
16.0,KUB,88,Williams,18.0,2019,16,Sochi,18.0,88,Williams,Sochi
17.0,RUS,63,Williams,17.0,2019,16,Sochi,17.0,63,Williams,Sochi
18.0,VET,5,Ferrari,3.0,2019,16,Sochi,3.0,5,Ferrari,Sochi
19.0,RIC,3,Renault,10.0,2019,16,Sochi,10.0,3,Renault,Sochi
20.0,GRO,8,Haas F1 Team,8.0,2019,16,Sochi,9.0,8,Haas F1 Team,Sochi
1.0,BOT,77,Mercedes,3.0,2019,17,Suzuka,3.0,77,Mercedes,Suzuka
2.0,VET,5,Ferrari,1.0,2019,17,Suzuka,1.0,5,Ferrari,Suzuka
3.0,HAM,44,Mercedes,4.0,2019,17,Suzuka,4.0,44,Mercedes,Suzuka
4.0,ALB,23,Red Bull Racing,6.0,2019,17,Suzuka,6.0,23,Red Bull Racing,Suzuka
5.0,SAI,55,McLaren,7.0,2019,17,Suzuka,7.0,55,McLaren,Suzuka
6.0,LEC,16,Ferrari,2.0,2019,17,Suzuka,2.0,16,Ferrari,Suzuka
7.0,GAS,10,Toro Rosso,9.0,2019,17,Suzuka,9.0,10,Toro Rosso,Suzuka
8.0,PER,11,Racing Point,17.0,2019,17,Suzuka,17.0,11,Racing Point,Suzuka
9.0,STR,18,Racing Point,12.0,2019,17,Suzuka,12.0,18,Racing Point,Suzuka
10.0,KVY,26,Toro Rosso,14.0,2019,17,Suzuka,14.0,26,Toro Rosso,Suzuka
11.0,NOR,4,McLaren,8.0,2019,17,Suzuka,8.0,4,McLaren,Suzuka
12.0,RAI,7,Alfa Romeo Racing,13.0,2019,17,Suzuka,13.0,7,Alfa Romeo Racing,Suzuka
13.0,GRO,8,Haas F1 Team,10.0,2019,17,Suzuka,10.0,8,Haas F1 Team,Suzuka
14.0,GIO,99,Alfa Romeo Racing,11.0,2019,17,Suzuka,11.0,99,Alfa Romeo Racing,Suzuka
15.0,MAG,20,Haas F1 Team,19.0,2019,17,Suzuka,19.0,20,Haas F1 Team,Suzuka
16.0,RUS,63,Williams,18.0,2019,17,Suzuka,18.0,63,Williams,Suzuka
17.0,KUB,88,Williams,0.0,2019,17,Suzuka,20.0,88,Williams,Suzuka
18.0,VER,33,Red Bull Racing,5.0,2019,17,Suzuka,5.0,33,Red Bull Racing,Suzuka
19.0,RIC,3,Renault,16.0,2019,17,Suzuka,16.0,3,Renault,Suzuka
20.0,HUL,27,Renault,15.0,2019,17,Suzuka,15.0,27,Renault,Suzuka
1.0,HAM,44,Mercedes,3.0,2019,18,Mexico City,4.0,44,Mercedes,Mexico City
2.0,VET,5,Ferrari,2.0,2019,18,Mexico City,3.0,5,Ferrari,Mexico City
3.0,BOT,77,Mercedes,6.0,2019,18,Mexico City,6.0,77,Mercedes,Mexico City
4.0,LEC,16,Ferrari,1.0,2019,18,Mexico City,2.0,16,Ferrari,Mexico City
5.0,ALB,23,Red Bull Racing,5.0,2019,18,Mexico City,5.0,23,Red Bull Racing,Mexico City
6.0,VER,33,Red Bull Racing,4.0,2019,18,Mexico City,1.0,33,Red Bull Racing,Mexico City
7.0,PER,11,Racing Point,11.0,2019,18,Mexico City,11.0,11,Racing Point,Mexico City
8.0,RIC,3,Renault,13.0,2019,18,Mexico City,13.0,3,Renault,Mexico City
9.0,GAS,10,Toro Rosso,10.0,2019,18,Mexico City,10.0,10,Toro Rosso,Mexico City
10.0,HUL,27,Renault,12.0,2019,18,Mexico City,12.0,27,Renault,Mexico City
11.0,KVY,26,Toro Rosso,9.0,2019,18,Mexico City,9.0,26,Toro Rosso,Mexico City
12.0,STR,18,Racing Point,16.0,2019,18,Mexico City,16.0,18,Racing Point,Mexico City
13.0,SAI,55,McLaren,7.0,2019,18,Mexico City,7.0,55,McLaren,Mexico City
14.0,GIO,99,Alfa Romeo Racing,15.0,2019,18,Mexico City,15.0,99,Alfa Romeo Racing,Mexico City
15.0,MAG,20,Haas F1 Team,17.0,2019,18,Mexico City,17.0,20,Haas F1 Team,Mexico City
16.0,RUS,63,Williams,19.0,2019,18,Mexico City,19.0,63,Williams,Mexico City
17.0,GRO,8,Haas F1 Team,18.0,2019,18,Mexico City,18.0,8,Haas F1 Team,Mexico City
18.0,KUB,88,Williams,20.0,2019,18,Mexico City,20.0,88,Williams,Mexico City
19.0,RAI,7,Alfa Romeo Racing,14.0,2019,18,Mexico City,14.0,7,Alfa Romeo Racing,Mexico City
20.0,NOR,4,McLaren,8.0,2019,18,Mexico City,8.0,4,McLaren,Mexico City
1.0,BOT,77,Mercedes,1.0,2019,19,Austin,1.0,77,Mercedes,Austin
2.0,HAM,44,Mercedes,5.0,2019,19,Austin,5.0,44,Mercedes,Austin
3.0,VER,33,Red Bull Racing,3.0,2019,19,Austin,3.0,33,Red Bull Racing,Austin
4.0,LEC,16,Ferrari,4.0,2019,19,Austin,4.0,16,Ferrari,Austin
5.0,ALB,23,Red Bull Racing,6.0,2019,19,Austin,6.0,23,Red Bull Racing,Austin
6.0,RIC,3,Renault,9.0,2019,19,Austin,9.0,3,Renault,Austin
7.0,NOR,4,McLaren,8.0,2019,19,Austin,8.0,4,McLaren,Austin
8.0,SAI,55,McLaren,7.0,2019,19,Austin,7.0,55,McLaren,Austin
9.0,HUL,27,Renault,11.0,2019,19,Austin,11.0,27,Renault,Austin
10.0,PER,11,Racing Point,0.0,2019,19,Austin,19.0,11,Racing Point,Austin
11.0,RAI,7,Alfa Romeo Racing,17.0,2019,19,Austin,17.0,7,Alfa Romeo Racing,Austin
12.0,KVY,26,Toro Rosso,13.0,2019,19,Austin,13.0,26,Toro Rosso,Austin
13.0,STR,18,Racing Point,14.0,2019,19,Austin,14.0,18,Racing Point,Austin
14.0,GIO,99,Alfa Romeo Racing,16.0,2019,19,Austin,16.0,99,Alfa Romeo Racing,Austin
15.0,GRO,8,Haas F1 Team,15.0,2019,19,Austin,15.0,8,Haas F1 Team,Austin
16.0,GAS,10,Toro Rosso,10.0,2019,19,Austin,10.0,10,Toro Rosso,Austin
17.0,RUS,63,Williams,18.0,2019,19,Austin,18.0,63,Williams,Austin
18.0,MAG,20,Haas F1 Team,12.0,2019,19,Austin,12.0,20,Haas F1 Team,Austin
19.0,KUB,88,Williams,19.0,2019,19,Austin,20.0,88,Williams,Austin
20.0,VET,5,Ferrari,2.0,2019,19,Austin,2.0,5,Ferrari,Austin
1.0,VER,33,Red Bull Racing,1.0,2019,20,São Paulo,1.0,33,Red Bull Racing,São Paulo
2.0,GAS,10,Toro Rosso,6.0,2019,20,São Paulo,7.0,10,Toro Rosso,São Paulo
3.0,SAI,55,McLaren,20.0,2019,20,São Paulo,20.0,55,McLaren,São Paulo
4.0,RAI,7,Alfa Romeo Racing,8.0,2019,20,São Paulo,9.0,7,Alfa Romeo Racing,São Paulo
5.0,GIO,99,Alfa Romeo Racing,12.0,2019,20,São Paulo,13.0,99,Alfa Romeo Racing,São Paulo
6.0,RIC,3,Renault,11.0,2019,20,São Paulo,12.0,3,Renault,São Paulo
7.0,HAM,44,Mercedes,3.0,2019,20,São Paulo,3.0,44,Mercedes,São Paulo
8.0,NOR,4,McLaren,10.0,2019,20,São Paulo,11.0,4,McLaren,São Paulo
9.0,PER,11,Racing Point,15.0,2019,20,São Paulo,15.0,11,Racing Point,São Paulo
10.0,KVY,26,Toro Rosso,16.0,2019,20,São Paulo,16.0,26,Toro Rosso,São Paulo
11.0,MAG,20,Haas F1 Team,9.0,2019,20,São Paulo,10.0,20,Haas F1 Team,São Paulo
12.0,RUS,63,Williams,18.0,2019,20,São Paulo,18.0,63,Williams,São Paulo
13.0,GRO,8,Haas F1 Team,7.0,2019,20,São Paulo,8.0,8,Haas F1 Team,São Paulo
14.0,ALB,23,Red Bull Racing,5.0,2019,20,São Paulo,6.0,23,Red Bull Racing,São Paulo
15.0,HUL,27,Renault,13.0,2019,20,São Paulo,14.0,27,Renault,São Paulo
16.0,KUB,88,Williams,19.0,2019,20,São Paulo,19.0,88,Williams,São Paulo
17.0,VET,5,Ferrari,2.0,2019,20,São Paulo,2.0,5,Ferrari,São Paulo
18.0,LEC,16,Ferrari,14.0,2019,20,São Paulo,4.0,16,Ferrari,São Paulo
19.0,STR,18,Racing Point,17.0,2019,20,São Paulo,17.0,18,Racing Point,São Paulo
20.0,BOT,77,Mercedes,4.0,2019,20,São Paulo,5.0,77,Mercedes,São Paulo
1.0,HAM,44,Mercedes,1.0,2019,21,Yas Island,1.0,44,Mercedes,Yas Island
2.0,VER,33,Red Bull Racing,2.0,2019,21,Yas Island,3.0,33,Red Bull Racing,Yas Island
3.0,LEC,16,Ferrari,3.0,2019,21,Yas Island,4.0,16,Ferrari,Yas Island
4.0,BOT,77,Mercedes,20.0,2019,21,Yas Island,2.0,77,Mercedes,Yas Island
5.0,VET,5,Ferrari,4.0,2019,21,Yas Island,5.0,5,Ferrari,Yas Island
6.0,ALB,23,Red Bull Racing,5.0,2019,21,Yas Island,6.0,23,Red Bull Racing,Yas Island
7.0,PER,11,Racing Point,10.0,2019,21,Yas Island,11.0,11,Racing Point,Yas Island
8.0,NOR,4,McLaren,6.0,2019,21,Yas Island,7.0,4,McLaren,Yas Island
9.0,KVY,26,Toro Rosso,13.0,2019,21,Yas Island,14.0,26,Toro Rosso,Yas Island
10.0,SAI,55,McLaren,8.0,2019,21,Yas Island,9.0,55,McLaren,Yas Island
11.0,RIC,3,Renault,7.0,2019,21,Yas Island,8.0,3,Renault,Yas Island
12.0,HUL,27,Renault,9.0,2019,21,Yas Island,10.0,27,Renault,Yas Island
13.0,RAI,7,Alfa Romeo Racing,17.0,2019,21,Yas Island,18.0,7,Alfa Romeo Racing,Yas Island
14.0,MAG,20,Haas F1 Team,14.0,2019,21,Yas Island,15.0,20,Haas F1 Team,Yas Island
15.0,GRO,8,Haas F1 Team,15.0,2019,21,Yas Island,16.0,8,Haas F1 Team,Yas Island
16.0,GIO,99,Alfa Romeo Racing,16.0,2019,21,Yas Island,17.0,99,Alfa Romeo Racing,Yas Island
17.0,RUS,63,Williams,18.0,2019,21,Yas Island,19.0,63,Williams,Yas Island
18.0,GAS,10,Toro Rosso,11.0,2019,21,Yas Island,12.0,10,Toro Rosso,Yas Island
19.0,KUB,88,Williams,19.0,2019,21,Yas Island,20.0,88,Williams,Yas Island
20.0,STR,18,Racing Point,12.0,2019,21,Yas Island,13.0,18,Racing Point,Yas Island
1.0,BOT,77,Mercedes,1.0,2020,1,Spielberg,1.0,77,Mercedes,Spielberg
2.0,LEC,16,Ferrari,7.0,2020,1,Spielberg,7.0,16,Ferrari,Spielberg
3.0,NOR,4,McLaren,3.0,2020,1,Spielberg,4.0,4,McLaren,Spielberg
4.0,HAM,44,Mercedes,5.0,2020,1,Spielberg,2.0,44,Mercedes,Spielberg
5.0,SAI,55,McLaren,8.0,2020,1,Spielberg,8.0,55,McLaren,Spielberg
6.0,PER,11,Racing Point,6.0,2020,1,Spielberg,6.0,11,Racing Point,Spielberg
7.0,GAS,10,AlphaTauri,12.0,2020,1,Spielberg,12.0,10,AlphaTauri,Spielberg
8.0,OCO,31,Renault,14.0,2020,1,Spielberg,14.0,31,Renault,Spielberg
9.0,GIO,99,Alfa Romeo Racing,18.0,2020,1,Spielberg,18.0,99,Alfa Romeo Racing,Spielberg
10.0,VET,5,Ferrari,11.0,2020,1,Spielberg,11.0,5,Ferrari,Spielberg
11.0,LAT,6,Williams,20.0,2020,1,Spielberg,20.0,6,Williams,Spielberg
12.0,KVY,26,AlphaTauri,13.0,2020,1,Spielberg,13.0,26,AlphaTauri,Spielberg
13.0,ALB,23,Red Bull Racing,4.0,2020,1,Spielberg,5.0,23,Red Bull Racing,Spielberg
14.0,RAI,7,Alfa Romeo Racing,19.0,2020,1,Spielberg,19.0,7,Alfa Romeo Racing,Spielberg
15.0,RUS,63,Williams,17.0,2020,1,Spielberg,17.0,63,Williams,Spielberg
16.0,GRO,8,Haas F1 Team,15.0,2020,1,Spielberg,15.0,8,Haas F1 Team,Spielberg
17.0,MAG,20,Haas F1 Team,16.0,2020,1,Spielberg,16.0,20,Haas F1 Team,Spielberg
18.0,STR,18,Racing Point,9.0,2020,1,Spielberg,9.0,18,Racing Point,Spielberg
19.0,RIC,3,Renault,10.0,2020,1,Spielberg,10.0,3,Renault,Spielberg
20.0,VER,33,Red Bull Racing,2.0,2020,1,Spielberg,3.0,33,Red Bull Racing,Spielberg
1.0,HAM,44,Mercedes,1.0,2020,2,Spielberg,1.0,44,Mercedes,Spielberg
2.0,BOT,77,Mercedes,4.0,2020,2,Spielberg,4.0,77,Mercedes,Spielberg
3.0,VER,33,Red Bull Racing,2.0,2020,2,Spielberg,2.0,33,Red Bull Racing,Spielberg
4.0,ALB,23,Red Bull Racing,6.0,2020,2,Spielberg,7.0,23,Red Bull Racing,Spielberg
5.0,NOR,4,McLaren,9.0,2020,2,Spielberg,6.0,4,McLaren,Spielberg
6.0,PER,11,Racing Point,17.0,2020,2,Spielberg,17.0,11,Racing Point,Spielberg
7.0,STR,18,Racing Point,12.0,2020,2,Spielberg,13.0,18,Racing Point,Spielberg
8.0,RIC,3,Renault,8.0,2020,2,Spielberg,9.0,3,Renault,Spielberg
9.0,SAI,55,McLaren,3.0,2020,2,Spielberg,3.0,55,McLaren,Spielberg
10.0,KVY,26,AlphaTauri,13.0,2020,2,Spielberg,14.0,26,AlphaTauri,Spielberg
11.0,RAI,7,Alfa Romeo Racing,16.0,2020,2,Spielberg,16.0,7,Alfa Romeo Racing,Spielberg
12.0,MAG,20,Haas F1 Team,15.0,2020,2,Spielberg,15.0,20,Haas F1 Team,Spielberg
13.0,GRO,8,Haas F1 Team,0.0,2020,2,Spielberg,20.0,8,Haas F1 Team,Spielberg
14.0,GIO,99,Alfa Romeo Racing,19.0,2020,2,Spielberg,19.0,99,Alfa Romeo Racing,Spielberg
15.0,GAS,10,AlphaTauri,7.0,2020,2,Spielberg,8.0,10,AlphaTauri,Spielberg
16.0,RUS,63,Williams,11.0,2020,2,Spielberg,12.0,63,Williams,Spielberg
17.0,LAT,6,Williams,18.0,2020,2,Spielberg,18.0,6,Williams,Spielberg
18.0,OCO,31,Renault,5.0,2020,2,Spielberg,5.0,31,Renault,Spielberg
19.0,LEC,16,Ferrari,14.0,2020,2,Spielberg,11.0,16,Ferrari,Spielberg
20.0,VET,5,Ferrari,10.0,2020,2,Spielberg,10.0,5,Ferrari,Spielberg
1.0,HAM,44,Mercedes,1.0,2020,3,Budapest,1.0,44,Mercedes,Budapest
2.0,VER,33,Red Bull Racing,7.0,2020,3,Budapest,7.0,33,Red Bull Racing,Budapest
3.0,BOT,77,Mercedes,2.0,2020,3,Budapest,2.0,77,Mercedes,Budapest
4.0,STR,18,Racing Point,3.0,2020,3,Budapest,3.0,18,Racing Point,Budapest
5.0,ALB,23,Red Bull Racing,13.0,2020,3,Budapest,13.0,23,Red Bull Racing,Budapest
6.0,VET,5,Ferrari,5.0,2020,3,Budapest,5.0,5,Ferrari,Budapest
7.0,PER,11,Racing Point,4.0,2020,3,Budapest,4.0,11,Racing Point,Budapest
8.0,RIC,3,Renault,11.0,2020,3,Budapest,11.0,3,Renault,Budapest
9.0,SAI,55,McLaren,9.0,2020,3,Budapest,9.0,55,McLaren,Budapest
10.0,MAG,20,Haas F1 Team,0.0,2020,3,Budapest,16.0,20,Haas F1 Team,Budapest
11.0,LEC,16,Ferrari,6.0,2020,3,Budapest,6.0,16,Ferrari,Budapest
12.0,KVY,26,AlphaTauri,17.0,2020,3,Budapest,17.0,26,AlphaTauri,Budapest
13.0,NOR,4,McLaren,8.0,2020,3,Budapest,8.0,4,McLaren,Budapest
14.0,OCO,31,Renault,14.0,2020,3,Budapest,14.0,31,Renault,Budapest
15.0,RAI,7,Alfa Romeo Racing,20.0,2020,3,Budapest,20.0,7,Alfa Romeo Racing,Budapest
16.0,GRO,8,Haas F1 Team,0.0,2020,3,Budapest,18.0,8,Haas F1 Team,Budapest
17.0,GIO,99,Alfa Romeo Racing,19.0,2020,3,Budapest,19.0,99,Alfa Romeo Racing,Budapest
18.0,RUS,63,Williams,12.0,2020,3,Budapest,12.0,63,Williams,Budapest
19.0,LAT,6,Williams,15.0,2020,3,Budapest,15.0,6,Williams,Budapest
20.0,GAS,10,AlphaTauri,10.0,2020,3,Budapest,10.0,10,AlphaTauri,Budapest
1.0,HAM,44,Mercedes,1.0,2020,4,Silverstone,1.0,44,Mercedes,Silverstone
2.0,VER,33,Red Bull Racing,3.0,2020,4,Silverstone,3.0,33,Red Bull Racing,Silverstone
3.0,LEC,16,Ferrari,4.0,2020,4,Silverstone,4.0,16,Ferrari,Silverstone
4.0,RIC,3,Renault,8.0,2020,4,Silverstone,8.0,3,Renault,Silverstone
5.0,NOR,4,McLaren,5.0,2020,4,Silverstone,5.0,4,McLaren,Silverstone
6.0,OCO,31,Renault,9.0,2020,4,Silverstone,9.0,31,Renault,Silverstone
7.0,GAS,10,AlphaTauri,11.0,2020,4,Silverstone,11.0,10,AlphaTauri,Silverstone
8.0,ALB,23,Red Bull Racing,12.0,2020,4,Silverstone,12.0,23,Red Bull Racing,Silverstone
9.0,STR,18,Racing Point,6.0,2020,4,Silverstone,6.0,18,Racing Point,Silverstone
10.0,VET,5,Ferrari,10.0,2020,4,Silverstone,10.0,5,Ferrari,Silverstone
11.0,BOT,77,Mercedes,2.0,2020,4,Silverstone,2.0,77,Mercedes,Silverstone
12.0,RUS,63,Williams,20.0,2020,4,Silverstone,15.0,63,Williams,Silverstone
13.0,SAI,55,McLaren,7.0,2020,4,Silverstone,7.0,55,McLaren,Silverstone
14.0,GIO,99,Alfa Romeo Racing,15.0,2020,4,Silverstone,17.0,99,Alfa Romeo Racing,Silverstone
15.0,LAT,6,Williams,18.0,2020,4,Silverstone,20.0,6,Williams,Silverstone
16.0,GRO,8,Haas F1 Team,17.0,2020,4,Silverstone,19.0,8,Haas F1 Team,Silverstone
17.0,RAI,7,Alfa Romeo Racing,16.0,2020,4,Silverstone,18.0,7,Alfa Romeo Racing,Silverstone
18.0,KVY,26,AlphaTauri,19.0,2020,4,Silverstone,14.0,26,AlphaTauri,Silverstone
19.0,MAG,20,Haas F1 Team,14.0,2020,4,Silverstone,16.0,20,Haas F1 Team,Silverstone
20.0,HUL,27,Racing Point,13.0,2020,4,Silverstone,13.0,27,Racing Point,Silverstone
1.0,VER,33,Red Bull Racing,4.0,2020,5,Silverstone,4.0,33,Red Bull Racing,Silverstone
2.0,HAM,44,Mercedes,2.0,2020,5,Silverstone,2.0,44,Mercedes,Silverstone
3.0,BOT,77,Mercedes,1.0,2020,5,Silverstone,1.0,77,Mercedes,Silverstone
4.0,LEC,16,Ferrari,8.0,2020,5,Silverstone,8.0,16,Ferrari,Silverstone
5.0,ALB,23,Red Bull Racing,9.0,2020,5,Silverstone,9.0,23,Red Bull Racing,Silverstone
6.0,STR,18,Racing Point,6.0,2020,5,Silverstone,6.0,18,Racing Point,Silverstone
7.0,HUL,27,Racing Point,3.0,2020,5,Silverstone,3.0,27,Racing Point,Silverstone
8.0,OCO,31,Renault,14.0,2020,5,Silverstone,11.0,31,Renault,Silverstone
9.0,NOR,4,McLaren,10.0,2020,5,Silverstone,10.0,4,McLaren,Silverstone
10.0,KVY,26,AlphaTauri,16.0,2020,5,Silverstone,16.0,26,AlphaTauri,Silverstone
11.0,GAS,10,AlphaTauri,7.0,2020,5,Silverstone,7.0,10,AlphaTauri,Silverstone
12.0,VET,5,Ferrari,11.0,2020,5,Silverstone,12.0,5,Ferrari,Silverstone
13.0,SAI,55,McLaren,12.0,2020,5,Silverstone,13.0,55,McLaren,Silverstone
14.0,RIC,3,Renault,5.0,2020,5,Silverstone,5.0,3,Renault,Silverstone
15.0,RAI,7,Alfa Romeo Racing,20.0,2020,5,Silverstone,20.0,7,Alfa Romeo Racing,Silverstone
16.0,GRO,8,Haas F1 Team,13.0,2020,5,Silverstone,14.0,8,Haas F1 Team,Silverstone
17.0,GIO,99,Alfa Romeo Racing,19.0,2020,5,Silverstone,19.0,99,Alfa Romeo Racing,Silverstone
18.0,RUS,63,Williams,15.0,2020,5,Silverstone,15.0,63,Williams,Silverstone
19.0,LAT,6,Williams,18.0,2020,5,Silverstone,18.0,6,Williams,Silverstone
20.0,MAG,20,Haas F1 Team,17.0,2020,5,Silverstone,17.0,20,Haas F1 Team,Silverstone
1.0,HAM,44,Mercedes,1.0,2020,6,Barcelona,1.0,44,Mercedes,Barcelona
2.0,VER,33,Red Bull Racing,3.0,2020,6,Barcelona,3.0,33,Red Bull Racing,Barcelona
3.0,BOT,77,Mercedes,2.0,2020,6,Barcelona,2.0,77,Mercedes,Barcelona
4.0,STR,18,Racing Point,5.0,2020,6,Barcelona,5.0,18,Racing Point,Barcelona
5.0,PER,11,Racing Point,4.0,2020,6,Barcelona,4.0,11,Racing Point,Barcelona
6.0,SAI,55,McLaren,7.0,2020,6,Barcelona,7.0,55,McLaren,Barcelona
7.0,VET,5,Ferrari,11.0,2020,6,Barcelona,11.0,5,Ferrari,Barcelona
8.0,ALB,23,Red Bull Racing,6.0,2020,6,Barcelona,6.0,23,Red Bull Racing,Barcelona
9.0,GAS,10,AlphaTauri,10.0,2020,6,Barcelona,10.0,10,AlphaTauri,Barcelona
10.0,NOR,4,McLaren,8.0,2020,6,Barcelona,8.0,4,McLaren,Barcelona
11.0,RIC,3,Renault,13.0,2020,6,Barcelona,13.0,3,Renault,Barcelona
12.0,KVY,26,AlphaTauri,12.0,2020,6,Barcelona,12.0,26,AlphaTauri,Barcelona
13.0,OCO,31,Renault,15.0,2020,6,Barcelona,15.0,31,Renault,Barcelona
14.0,RAI,7,Alfa Romeo Racing,14.0,2020,6,Barcelona,14.0,7,Alfa Romeo Racing,Barcelona
15.0,MAG,20,Haas F1 Team,16.0,2020,6,Barcelona,16.0,20,Haas F1 Team,Barcelona
16.0,GIO,99,Alfa Romeo Racing,20.0,2020,6,Barcelona,20.0,99,Alfa Romeo Racing,Barcelona
17.0,RUS,63,Williams,18.0,2020,6,Barcelona,18.0,63,Williams,Barcelona
18.0,LAT,6,Williams,19.0,2020,6,Barcelona,19.0,6,Williams,Barcelona
19.0,GRO,8,Haas F1 Team,17.0,2020,6,Barcelona,17.0,8,Haas F1 Team,Barcelona
20.0,LEC,16,Ferrari,9.0,2020,6,Barcelona,9.0,16,Ferrari,Barcelona
1.0,HAM,44,Mercedes,1.0,2020,7,Spa-Francorchamps,1.0,44,Mercedes,Spa-Francorchamps
2.0,BOT,77,Mercedes,2.0,2020,7,Spa-Francorchamps,2.0,77,Mercedes,Spa-Francorchamps
3.0,VER,33,Red Bull Racing,3.0,2020,7,Spa-Francorchamps,3.0,33,Red Bull Racing,Spa-Francorchamps
4.0,RIC,3,Renault,4.0,2020,7,Spa-Francorchamps,4.0,3,Renault,Spa-Francorchamps
5.0,OCO,31,Renault,6.0,2020,7,Spa-Francorchamps,6.0,31,Renault,Spa-Francorchamps
6.0,ALB,23,Red Bull Racing,5.0,2020,7,Spa-Francorchamps,5.0,23,Red Bull Racing,Spa-Francorchamps
7.0,NOR,4,McLaren,10.0,2020,7,Spa-Francorchamps,10.0,4,McLaren,Spa-Francorchamps
8.0,GAS,10,AlphaTauri,12.0,2020,7,Spa-Francorchamps,12.0,10,AlphaTauri,Spa-Francorchamps
9.0,STR,18,Racing Point,9.0,2020,7,Spa-Francorchamps,9.0,18,Racing Point,Spa-Francorchamps
10.0,PER,11,Racing Point,8.0,2020,7,Spa-Francorchamps,8.0,11,Racing Point,Spa-Francorchamps
11.0,KVY,26,AlphaTauri,11.0,2020,7,Spa-Francorchamps,11.0,26,AlphaTauri,Spa-Francorchamps
12.0,RAI,7,Alfa Romeo Racing,16.0,2020,7,Spa-Francorchamps,16.0,7,Alfa Romeo Racing,Spa-Francorchamps
13.0,VET,5,Ferrari,14.0,2020,7,Spa-Francorchamps,14.0,5,Ferrari,Spa-Francorchamps
14.0,LEC,16,Ferrari,13.0,2020,7,Spa-Francorchamps,13.0,16,Ferrari,Spa-Francorchamps
15.0,GRO,8,Haas F1 Team,17.0,2020,7,Spa-Francorchamps,17.0,8,Haas F1 Team,Spa-Francorchamps
16.0,LAT,6,Williams,19.0,2020,7,Spa-Francorchamps,19.0,6,Williams,Spa-Francorchamps
17.0,MAG,20,Haas F1 Team,20.0,2020,7,Spa-Francorchamps,20.0,20,Haas F1 Team,Spa-Francorchamps
18.0,GIO,99,Alfa Romeo Racing,18.0,2020,7,Spa-Francorchamps,18.0,99,Alfa Romeo Racing,Spa-Francorchamps
19.0,RUS,63,Williams,15.0,2020,7,Spa-Francorchamps,15.0,63,Williams,Spa-Francorchamps
20.0,SAI,55,McLaren,7.0,2020,7,Spa-Francorchamps,7.0,55,McLaren,Spa-Francorchamps
1.0,GAS,10,AlphaTauri,10.0,2020,8,Monza,10.0,10,AlphaTauri,Monza
2.0,SAI,55,McLaren,3.0,2020,8,Monza,3.0,55,McLaren,Monza
3.0,STR,18,Racing Point,8.0,2020,8,Monza,8.0,18,Racing Point,Monza
4.0,NOR,4,McLaren,6.0,2020,8,Monza,6.0,4,McLaren,Monza
5.0,BOT,77,Mercedes,2.0,2020,8,Monza,2.0,77,Mercedes,Monza
6.0,RIC,3,Renault,7.0,2020,8,Monza,7.0,3,Renault,Monza
7.0,HAM,44,Mercedes,1.0,2020,8,Monza,1.0,44,Mercedes,Monza
8.0,OCO,31,Renault,12.0,2020,8,Monza,12.0,31,Renault,Monza
9.0,KVY,26,AlphaTauri,11.0,2020,8,Monza,11.0,26,AlphaTauri,Monza
10.0,PER,11,Racing Point,4.0,2020,8,Monza,4.0,11,Racing Point,Monza
11.0,LAT,6,Williams,20.0,2020,8,Monza,20.0,6,Williams,Monza
12.0,GRO,8,Haas F1 Team,16.0,2020,8,Monza,16.0,8,Haas F1 Team,Monza
13.0,RAI,7,Alfa Romeo Racing,14.0,2020,8,Monza,14.0,7,Alfa Romeo Racing,Monza
14.0,RUS,63,Williams,19.0,2020,8,Monza,19.0,63,Williams,Monza
15.0,ALB,23,Red Bull Racing,9.0,2020,8,Monza,9.0,23,Red Bull Racing,Monza
16.0,GIO,99,Alfa Romeo Racing,18.0,2020,8,Monza,18.0,99,Alfa Romeo Racing,Monza
17.0,VER,33,Red Bull Racing,5.0,2020,8,Monza,5.0,33,Red Bull Racing,Monza
18.0,LEC,16,Ferrari,13.0,2020,8,Monza,13.0,16,Ferrari,Monza
19.0,MAG,20,Haas F1 Team,15.0,2020,8,Monza,15.0,20,Haas F1 Team,Monza
20.0,VET,5,Ferrari,17.0,2020,8,Monza,17.0,5,Ferrari,Monza
1.0,HAM,44,Mercedes,1.0,2020,9,Mugello,1.0,44,Mercedes,Mugello
2.0,BOT,77,Mercedes,2.0,2020,9,Mugello,2.0,77,Mercedes,Mugello
3.0,ALB,23,Red Bull Racing,4.0,2020,9,Mugello,4.0,23,Red Bull Racing,Mugello
4.0,RIC,3,Renault,8.0,2020,9,Mugello,8.0,3,Renault,Mugello
5.0,PER,11,Racing Point,7.0,2020,9,Mugello,6.0,11,Racing Point,Mugello
6.0,NOR,4,McLaren,11.0,2020,9,Mugello,11.0,4,McLaren,Mugello
7.0,KVY,26,AlphaTauri,12.0,2020,9,Mugello,12.0,26,AlphaTauri,Mugello
8.0,LEC,16,Ferrari,5.0,2020,9,Mugello,5.0,16,Ferrari,Mugello
9.0,RAI,7,Alfa Romeo Racing,13.0,2020,9,Mugello,13.0,7,Alfa Romeo Racing,Mugello
10.0,VET,5,Ferrari,14.0,2020,9,Mugello,14.0,5,Ferrari,Mugello
11.0,RUS,63,Williams,18.0,2020,9,Mugello,18.0,63,Williams,Mugello
12.0,GRO,8,Haas F1 Team,15.0,2020,9,Mugello,15.0,8,Haas F1 Team,Mugello
13.0,STR,18,Racing Point,6.0,2020,9,Mugello,7.0,18,Racing Point,Mugello
14.0,OCO,31,Renault,10.0,2020,9,Mugello,10.0,31,Renault,Mugello
15.0,LAT,6,Williams,19.0,2020,9,Mugello,19.0,6,Williams,Mugello
16.0,MAG,20,Haas F1 Team,20.0,2020,9,Mugello,20.0,20,Haas F1 Team,Mugello
17.0,GIO,99,Alfa Romeo Racing,17.0,2020,9,Mugello,17.0,99,Alfa Romeo Racing,Mugello
18.0,SAI,55,McLaren,9.0,2020,9,Mugello,9.0,55,McLaren,Mugello
19.0,VER,33,Red Bull Racing,3.0,2020,9,Mugello,3.0,33,Red Bull Racing,Mugello
20.0,GAS,10,AlphaTauri,16.0,2020,9,Mugello,16.0,10,AlphaTauri,Mugello
1.0,BOT,77,Mercedes,3.0,2020,10,Sochi,3.0,77,Mercedes,Sochi
2.0,VER,33,Red Bull Racing,2.0,2020,10,Sochi,2.0,33,Red Bull Racing,Sochi
3.0,HAM,44,Mercedes,1.0,2020,10,Sochi,1.0,44,Mercedes,Sochi
4.0,PER,11,Racing Point,4.0,2020,10,Sochi,4.0,11,Racing Point,Sochi
5.0,RIC,3,Renault,5.0,2020,10,Sochi,5.0,3,Renault,Sochi
6.0,LEC,16,Ferrari,10.0,2020,10,Sochi,11.0,16,Ferrari,Sochi
7.0,OCO,31,Renault,7.0,2020,10,Sochi,7.0,31,Renault,Sochi
8.0,KVY,26,AlphaTauri,11.0,2020,10,Sochi,12.0,26,AlphaTauri,Sochi
9.0,GAS,10,AlphaTauri,9.0,2020,10,Sochi,9.0,10,AlphaTauri,Sochi
10.0,ALB,23,Red Bull Racing,15.0,2020,10,Sochi,10.0,23,Red Bull Racing,Sochi
11.0,GIO,99,Alfa Romeo Racing,17.0,2020,10,Sochi,17.0,99,Alfa Romeo Racing,Sochi
12.0,MAG,20,Haas F1 Team,18.0,2020,10,Sochi,18.0,20,Haas F1 Team,Sochi
13.0,VET,5,Ferrari,14.0,2020,10,Sochi,15.0,5,Ferrari,Sochi
14.0,RAI,7,Alfa Romeo Racing,19.0,2020,10,Sochi,20.0,7,Alfa Romeo Racing,Sochi
15.0,NOR,4,McLaren,8.0,2020,10,Sochi,8.0,4,McLaren,Sochi
16.0,LAT,6,Williams,20.0,2020,10,Sochi,19.0,6,Williams,Sochi
17.0,GRO,8,Haas F1 Team,16.0,2020,10,Sochi,16.0,8,Haas F1 Team,Sochi
18.0,RUS,63,Williams,13.0,2020,10,Sochi,14.0,63,Williams,Sochi
19.0,SAI,55,McLaren,6.0,2020,10,Sochi,6.0,55,McLaren,Sochi
20.0,STR,18,Racing Point,12.0,2020,10,Sochi,13.0,18,Racing Point,Sochi
1.0,HAM,44,Mercedes,2.0,2020,11,Nürburgring,2.0,44,Mercedes,Nürburgring
2.0,VER,33,Red Bull Racing,3.0,2020,11,Nürburgring,3.0,33,Red Bull Racing,Nürburgring
3.0,RIC,3,Renault,6.0,2020,11,Nürburgring,6.0,3,Renault,Nürburgring
4.0,PER,11,Racing Point,9.0,2020,11,Nürburgring,9.0,11,Racing Point,Nürburgring
5.0,SAI,55,McLaren,10.0,2020,11,Nürburgring,10.0,55,McLaren,Nürburgring
6.0,GAS,10,AlphaTauri,12.0,2020,11,Nürburgring,12.0,10,AlphaTauri,Nürburgring
7.0,LEC,16,Ferrari,4.0,2020,11,Nürburgring,4.0,16,Ferrari,Nürburgring
8.0,HUL,27,Racing Point,20.0,2020,11,Nürburgring,20.0,27,Racing Point,Nürburgring
9.0,GRO,8,Haas F1 Team,16.0,2020,11,Nürburgring,16.0,8,Haas F1 Team,Nürburgring
10.0,GIO,99,Alfa Romeo Racing,14.0,2020,11,Nürburgring,14.0,99,Alfa Romeo Racing,Nürburgring
11.0,VET,5,Ferrari,11.0,2020,11,Nürburgring,11.0,5,Ferrari,Nürburgring
12.0,RAI,7,Alfa Romeo Racing,19.0,2020,11,Nürburgring,19.0,7,Alfa Romeo Racing,Nürburgring
13.0,MAG,20,Haas F1 Team,15.0,2020,11,Nürburgring,15.0,20,Haas F1 Team,Nürburgring
14.0,LAT,6,Williams,18.0,2020,11,Nürburgring,18.0,6,Williams,Nürburgring
15.0,KVY,26,AlphaTauri,13.0,2020,11,Nürburgring,13.0,26,AlphaTauri,Nürburgring
16.0,NOR,4,McLaren,8.0,2020,11,Nürburgring,8.0,4,McLaren,Nürburgring
17.0,ALB,23,Red Bull Racing,5.0,2020,11,Nürburgring,5.0,23,Red Bull Racing,Nürburgring
18.0,OCO,31,Renault,7.0,2020,11,Nürburgring,7.0,31,Renault,Nürburgring
19.0,BOT,77,Mercedes,1.0,2020,11,Nürburgring,1.0,77,Mercedes,Nürburgring
20.0,RUS,63,Williams,17.0,2020,11,Nürburgring,17.0,63,Williams,Nürburgring
1.0,HAM,44,Mercedes,1.0,2020,12,Portimão,1.0,44,Mercedes,Portimão
2.0,BOT,77,Mercedes,2.0,2020,12,Portimão,2.0,77,Mercedes,Portimão
3.0,VER,33,Red Bull Racing,3.0,2020,12,Portimão,3.0,33,Red Bull Racing,Portimão
4.0,LEC,16,Ferrari,4.0,2020,12,Portimão,4.0,16,Ferrari,Portimão
5.0,GAS,10,AlphaTauri,9.0,2020,12,Portimão,9.0,10,AlphaTauri,Portimão
6.0,SAI,55,McLaren,7.0,2020,12,Portimão,7.0,55,McLaren,Portimão
7.0,PER,11,Racing Point,5.0,2020,12,Portimão,5.0,11,Racing Point,Portimão
8.0,OCO,31,Renault,11.0,2020,12,Portimão,11.0,31,Renault,Portimão
9.0,RIC,3,Renault,10.0,2020,12,Portimão,10.0,3,Renault,Portimão
10.0,VET,5,Ferrari,15.0,2020,12,Portimão,15.0,5,Ferrari,Portimão
11.0,RAI,7,Alfa Romeo Racing,16.0,2020,12,Portimão,16.0,7,Alfa Romeo Racing,Portimão
12.0,ALB,23,Red Bull Racing,6.0,2020,12,Portimão,6.0,23,Red Bull Racing,Portimão
13.0,NOR,4,McLaren,8.0,2020,12,Portimão,8.0,4,McLaren,Portimão
14.0,RUS,63,Williams,14.0,2020,12,Portimão,14.0,63,Williams,Portimão
15.0,GIO,99,Alfa Romeo Racing,17.0,2020,12,Portimão,17.0,99,Alfa Romeo Racing,Portimão
16.0,MAG,20,Haas F1 Team,19.0,2020,12,Portimão,19.0,20,Haas F1 Team,Portimão
17.0,GRO,8,Haas F1 Team,18.0,2020,12,Portimão,18.0,8,Haas F1 Team,Portimão
18.0,LAT,6,Williams,20.0,2020,12,Portimão,20.0,6,Williams,Portimão
19.0,KVY,26,AlphaTauri,13.0,2020,12,Portimão,13.0,26,AlphaTauri,Portimão
20.0,STR,18,Racing Point,12.0,2020,12,Portimão,12.0,18,Racing Point,Portimão
1.0,HAM,44,Mercedes,2.0,2020,13,Imola,2.0,44,Mercedes,Imola
2.0,BOT,77,Mercedes,1.0,2020,13,Imola,1.0,77,Mercedes,Imola
3.0,RIC,3,Renault,5.0,2020,13,Imola,5.0,3,Renault,Imola
4.0,KVY,26,AlphaTauri,8.0,2020,13,Imola,8.0,26,AlphaTauri,Imola
5.0,LEC,16,Ferrari,7.0,2020,13,Imola,7.0,16,Ferrari,Imola
6.0,PER,11,Racing Point,11.0,2020,13,Imola,11.0,11,Racing Point,Imola
7.0,SAI,55,McLaren,10.0,2020,13,Imola,10.0,55,McLaren,Imola
8.0,NOR,4,McLaren,9.0,2020,13,Imola,9.0,4,McLaren,Imola
9.0,RAI,7,Alfa Romeo Racing,18.0,2020,13,Imola,18.0,7,Alfa Romeo Racing,Imola
10.0,GIO,99,Alfa Romeo Racing,20.0,2020,13,Imola,20.0,99,Alfa Romeo Racing,Imola
11.0,LAT,6,Williams,19.0,2020,13,Imola,19.0,6,Williams,Imola
12.0,VET,5,Ferrari,14.0,2020,13,Imola,14.0,5,Ferrari,Imola
13.0,STR,18,Racing Point,15.0,2020,13,Imola,15.0,18,Racing Point,Imola
14.0,GRO,8,Haas F1 Team,16.0,2020,13,Imola,16.0,8,Haas F1 Team,Imola
15.0,ALB,23,Red Bull Racing,6.0,2020,13,Imola,6.0,23,Red Bull Racing,Imola
16.0,RUS,63,Williams,13.0,2020,13,Imola,13.0,63,Williams,Imola
17.0,VER,33,Red Bull Racing,3.0,2020,13,Imola,3.0,33,Red Bull Racing,Imola
18.0,MAG,20,Haas F1 Team,17.0,2020,13,Imola,17.0,20,Haas F1 Team,Imola
19.0,OCO,31,Renault,12.0,2020,13,Imola,12.0,31,Renault,Imola
20.0,GAS,10,AlphaTauri,4.0,2020,13,Imola,4.0,10,AlphaTauri,Imola
1.0,HAM,44,Mercedes,6.0,2020,14,Istanbul,6.0,44,Mercedes,Istanbul
2.0,PER,11,Racing Point,3.0,2020,14,Istanbul,3.0,11,Racing Point,Istanbul
3.0,VET,5,Ferrari,11.0,2020,14,Istanbul,12.0,5,Ferrari,Istanbul
4.0,LEC,16,Ferrari,12.0,2020,14,Istanbul,14.0,16,Ferrari,Istanbul
5.0,SAI,55,McLaren,15.0,2020,14,Istanbul,13.0,55,McLaren,Istanbul
6.0,VER,33,Red Bull Racing,2.0,2020,14,Istanbul,2.0,33,Red Bull Racing,Istanbul
7.0,ALB,23,Red Bull Racing,4.0,2020,14,Istanbul,4.0,23,Red Bull Racing,Istanbul
8.0,NOR,4,McLaren,14.0,2020,14,Istanbul,11.0,4,McLaren,Istanbul
9.0,STR,18,Racing Point,1.0,2020,14,Istanbul,1.0,18,Racing Point,Istanbul
10.0,RIC,3,Renault,5.0,2020,14,Istanbul,5.0,3,Renault,Istanbul
11.0,OCO,31,Renault,7.0,2020,14,Istanbul,7.0,31,Renault,Istanbul
12.0,KVY,26,AlphaTauri,16.0,2020,14,Istanbul,17.0,26,AlphaTauri,Istanbul
13.0,GAS,10,AlphaTauri,19.0,2020,14,Istanbul,15.0,10,AlphaTauri,Istanbul
14.0,BOT,77,Mercedes,9.0,2020,14,Istanbul,9.0,77,Mercedes,Istanbul
15.0,RAI,7,Alfa Romeo Racing,8.0,2020,14,Istanbul,8.0,7,Alfa Romeo Racing,Istanbul
16.0,RUS,63,Williams,0.0,2020,14,Istanbul,18.0,63,Williams,Istanbul
17.0,MAG,20,Haas F1 Team,13.0,2020,14,Istanbul,16.0,20,Haas F1 Team,Istanbul
18.0,GRO,8,Haas F1 Team,17.0,2020,14,Istanbul,19.0,8,Haas F1 Team,Istanbul
19.0,LAT,6,Williams,0.0,2020,14,Istanbul,20.0,6,Williams,Istanbul
20.0,GIO,99,Alfa Romeo Racing,10.0,2020,14,Istanbul,10.0,99,Alfa Romeo Racing,Istanbul
1.0,HAM,44,Mercedes,1.0,2020,15,Sakhir,1.0,44,Mercedes,Sakhir
2.0,VER,33,Red Bull Racing,3.0,2020,15,Sakhir,3.0,33,Red Bull Racing,Sakhir
3.0,ALB,23,Red Bull Racing,4.0,2020,15,Sakhir,4.0,23,Red Bull Racing,Sakhir
4.0,NOR,4,McLaren,9.0,2020,15,Sakhir,9.0,4,McLaren,Sakhir
5.0,SAI,55,McLaren,15.0,2020,15,Sakhir,15.0,55,McLaren,Sakhir
6.0,GAS,10,AlphaTauri,8.0,2020,15,Sakhir,8.0,10,AlphaTauri,Sakhir
7.0,RIC,3,Renault,6.0,2020,15,Sakhir,6.0,3,Renault,Sakhir
8.0,BOT,77,Mercedes,2.0,2020,15,Sakhir,2.0,77,Mercedes,Sakhir
9.0,OCO,31,Renault,7.0,2020,15,Sakhir,7.0,31,Renault,Sakhir
10.0,LEC,16,Ferrari,12.0,2020,15,Sakhir,12.0,16,Ferrari,Sakhir
11.0,KVY,26,AlphaTauri,10.0,2020,15,Sakhir,10.0,26,AlphaTauri,Sakhir
12.0,RUS,63,Williams,14.0,2020,15,Sakhir,14.0,63,Williams,Sakhir
13.0,VET,5,Ferrari,11.0,2020,15,Sakhir,11.0,5,Ferrari,Sakhir
14.0,LAT,6,Williams,20.0,2020,15,Sakhir,20.0,6,Williams,Sakhir
15.0,RAI,7,Alfa Romeo Racing,17.0,2020,15,Sakhir,17.0,7,Alfa Romeo Racing,Sakhir
16.0,GIO,99,Alfa Romeo Racing,16.0,2020,15,Sakhir,16.0,99,Alfa Romeo Racing,Sakhir
17.0,MAG,20,Haas F1 Team,18.0,2020,15,Sakhir,18.0,20,Haas F1 Team,Sakhir
18.0,PER,11,Racing Point,5.0,2020,15,Sakhir,5.0,11,Racing Point,Sakhir
19.0,STR,18,Racing Point,13.0,2020,15,Sakhir,13.0,18,Racing Point,Sakhir
20.0,GRO,8,Haas F1 Team,19.0,2020,15,Sakhir,19.0,8,Haas F1 Team,Sakhir
1.0,PER,11,Racing Point,5.0,2020,16,Sakhir,5.0,11,Racing Point,Sakhir
2.0,OCO,31,Renault,11.0,2020,16,Sakhir,11.0,31,Renault,Sakhir
3.0,STR,18,Racing Point,10.0,2020,16,Sakhir,10.0,18,Racing Point,Sakhir
4.0,SAI,55,McLaren,8.0,2020,16,Sakhir,8.0,55,McLaren,Sakhir
5.0,RIC,3,Renault,7.0,2020,16,Sakhir,7.0,3,Renault,Sakhir
6.0,ALB,23,Red Bull Racing,12.0,2020,16,Sakhir,12.0,23,Red Bull Racing,Sakhir
7.0,KVY,26,AlphaTauri,6.0,2020,16,Sakhir,6.0,26,AlphaTauri,Sakhir
8.0,BOT,77,Mercedes,1.0,2020,16,Sakhir,1.0,77,Mercedes,Sakhir
9.0,RUS,63,Mercedes,2.0,2020,16,Sakhir,2.0,63,Mercedes,Sakhir
10.0,NOR,4,McLaren,19.0,2020,16,Sakhir,15.0,4,McLaren,Sakhir
11.0,GAS,10,AlphaTauri,9.0,2020,16,Sakhir,9.0,10,AlphaTauri,Sakhir
12.0,VET,5,Ferrari,13.0,2020,16,Sakhir,13.0,5,Ferrari,Sakhir
13.0,GIO,99,Alfa Romeo Racing,14.0,2020,16,Sakhir,14.0,99,Alfa Romeo Racing,Sakhir
14.0,RAI,7,Alfa Romeo Racing,18.0,2020,16,Sakhir,19.0,7,Alfa Romeo Racing,Sakhir
15.0,MAG,20,Haas F1 Team,15.0,2020,16,Sakhir,16.0,20,Haas F1 Team,Sakhir
16.0,AIT,89,Williams,17.0,2020,16,Sakhir,18.0,89,Williams,Sakhir
17.0,FIT,51,Haas F1 Team,20.0,2020,16,Sakhir,20.0,51,Haas F1 Team,Sakhir
18.0,LAT,6,Williams,16.0,2020,16,Sakhir,17.0,6,Williams,Sakhir
19.0,VER,33,Red Bull Racing,3.0,2020,16,Sakhir,3.0,33,Red Bull Racing,Sakhir
20.0,LEC,16,Ferrari,4.0,2020,16,Sakhir,4.0,16,Ferrari,Sakhir
1.0,VER,33,Red Bull Racing,1.0,2020,17,Yas Island,1.0,33,Red Bull Racing,Yas Island
2.0,BOT,77,Mercedes,2.0,2020,17,Yas Island,2.0,77,Mercedes,Yas Island
3.0,HAM,44,Mercedes,3.0,2020,17,Yas Island,3.0,44,Mercedes,Yas Island
4.0,ALB,23,Red Bull Racing,5.0,2020,17,Yas Island,5.0,23,Red Bull Racing,Yas Island
5.0,NOR,4,McLaren,4.0,2020,17,Yas Island,4.0,4,McLaren,Yas Island
6.0,SAI,55,McLaren,6.0,2020,17,Yas Island,6.0,55,McLaren,Yas Island
7.0,RIC,3,Renault,11.0,2020,17,Yas Island,12.0,3,Renault,Yas Island
8.0,GAS,10,AlphaTauri,9.0,2020,17,Yas Island,10.0,10,AlphaTauri,Yas Island
9.0,OCO,31,Renault,10.0,2020,17,Yas Island,11.0,31,Renault,Yas Island
10.0,STR,18,Racing Point,8.0,2020,17,Yas Island,8.0,18,Racing Point,Yas Island
11.0,KVY,26,AlphaTauri,7.0,2020,17,Yas Island,7.0,26,AlphaTauri,Yas Island
12.0,RAI,7,Alfa Romeo Racing,15.0,2020,17,Yas Island,16.0,7,Alfa Romeo Racing,Yas Island
13.0,LEC,16,Ferrari,12.0,2020,17,Yas Island,9.0,16,Ferrari,Yas Island
14.0,VET,5,Ferrari,13.0,2020,17,Yas Island,13.0,5,Ferrari,Yas Island
15.0,RUS,63,Williams,16.0,2020,17,Yas Island,18.0,63,Williams,Yas Island
16.0,GIO,99,Alfa Romeo Racing,14.0,2020,17,Yas Island,14.0,99,Alfa Romeo Racing,Yas Island
17.0,LAT,6,Williams,18.0,2020,17,Yas Island,20.0,6,Williams,Yas Island
18.0,MAG,20,Haas F1 Team,20.0,2020,17,Yas Island,17.0,20,Haas F1 Team,Yas Island
19.0,FIT,51,Haas F1 Team,17.0,2020,17,Yas Island,19.0,51,Haas F1 Team,Yas Island
20.0,PER,11,Racing Point,19.0,2020,17,Yas Island,15.0,11,Racing Point,Yas Island
1.0,HAM,44,Mercedes,2.0,2021,1,Sakhir,2.0,44,Mercedes,Sakhir
2.0,VER,33,Red Bull Racing,1.0,2021,1,Sakhir,1.0,33,Red Bull Racing,Sakhir
3.0,BOT,77,Mercedes,3.0,2021,1,Sakhir,3.0,77,Mercedes,Sakhir
4.0,NOR,4,McLaren,7.0,2021,1,Sakhir,7.0,4,McLaren,Sakhir
5.0,PER,11,Red Bull Racing,0.0,2021,1,Sakhir,11.0,11,Red Bull Racing,Sakhir
6.0,LEC,16,Ferrari,4.0,2021,1,Sakhir,4.0,16,Ferrari,Sakhir
7.0,RIC,3,McLaren,6.0,2021,1,Sakhir,6.0,3,McLaren,Sakhir
8.0,SAI,55,Ferrari,8.0,2021,1,Sakhir,8.0,55,Ferrari,Sakhir
9.0,TSU,22,AlphaTauri,13.0,2021,1,Sakhir,13.0,22,AlphaTauri,Sakhir
10.0,STR,18,Aston Martin,10.0,2021,1,Sakhir,10.0,18,Aston Martin,Sakhir
11.0,RAI,7,Alfa Romeo Racing,14.0,2021,1,Sakhir,14.0,7,Alfa Romeo Racing,Sakhir
12.0,GIO,99,Alfa Romeo Racing,12.0,2021,1,Sakhir,12.0,99,Alfa Romeo Racing,Sakhir
13.0,OCO,31,Alpine,16.0,2021,1,Sakhir,16.0,31,Alpine,Sakhir
14.0,RUS,63,Williams,15.0,2021,1,Sakhir,15.0,63,Williams,Sakhir
15.0,VET,5,Aston Martin,20.0,2021,1,Sakhir,18.0,5,Aston Martin,Sakhir
16.0,MSC,47,Haas F1 Team,18.0,2021,1,Sakhir,19.0,47,Haas F1 Team,Sakhir
17.0,GAS,10,AlphaTauri,5.0,2021,1,Sakhir,5.0,10,AlphaTauri,Sakhir
18.0,LAT,6,Williams,17.0,2021,1,Sakhir,17.0,6,Williams,Sakhir
19.0,ALO,14,Alpine,9.0,2021,1,Sakhir,9.0,14,Alpine,Sakhir
20.0,MAZ,9,Haas F1 Team,19.0,2021,1,Sakhir,20.0,9,Haas F1 Team,Sakhir
1.0,VER,33,Red Bull Racing,3.0,2021,2,Imola,3.0,33,Red Bull Racing,Imola
2.0,HAM,44,Mercedes,1.0,2021,2,Imola,1.0,44,Mercedes,Imola
3.0,NOR,4,McLaren,7.0,2021,2,Imola,7.0,4,McLaren,Imola
4.0,LEC,16,Ferrari,4.0,2021,2,Imola,4.0,16,Ferrari,Imola
5.0,SAI,55,Ferrari,11.0,2021,2,Imola,11.0,55,Ferrari,Imola
6.0,RIC,3,McLaren,6.0,2021,2,Imola,6.0,3,McLaren,Imola
7.0,GAS,10,AlphaTauri,5.0,2021,2,Imola,5.0,10,AlphaTauri,Imola
8.0,STR,18,Aston Martin,10.0,2021,2,Imola,10.0,18,Aston Martin,Imola
9.0,OCO,31,Alpine,9.0,2021,2,Imola,9.0,31,Alpine,Imola
10.0,ALO,14,Alpine,15.0,2021,2,Imola,15.0,14,Alpine,Imola
11.0,PER,11,Red Bull Racing,2.0,2021,2,Imola,2.0,11,Red Bull Racing,Imola
12.0,TSU,22,AlphaTauri,20.0,2021,2,Imola,20.0,22,AlphaTauri,Imola
13.0,RAI,7,Alfa Romeo Racing,16.0,2021,2,Imola,16.0,7,Alfa Romeo Racing,Imola
14.0,GIO,99,Alfa Romeo Racing,17.0,2021,2,Imola,17.0,99,Alfa Romeo Racing,Imola
15.0,VET,5,Aston Martin,0.0,2021,2,Imola,13.0,5,Aston Martin,Imola
16.0,MSC,47,Haas F1 Team,18.0,2021,2,Imola,18.0,47,Haas F1 Team,Imola
17.0,MAZ,9,Haas F1 Team,19.0,2021,2,Imola,19.0,9,Haas F1 Team,Imola
18.0,BOT,77,Mercedes,8.0,2021,2,Imola,8.0,77,Mercedes,Imola
19.0,RUS,63,Williams,12.0,2021,2,Imola,12.0,63,Williams,Imola
20.0,LAT,6,Williams,14.0,2021,2,Imola,14.0,6,Williams,Imola
1.0,HAM,44,Mercedes,2.0,2021,3,Portimão,2.0,44,Mercedes,Portimão
2.0,VER,33,Red Bull Racing,3.0,2021,3,Portimão,3.0,33,Red Bull Racing,Portimão
3.0,BOT,77,Mercedes,1.0,2021,3,Portimão,1.0,77,Mercedes,Portimão
4.0,PER,11,Red Bull Racing,4.0,2021,3,Portimão,4.0,11,Red Bull Racing,Portimão
5.0,NOR,4,McLaren,7.0,2021,3,Portimão,7.0,4,McLaren,Portimão
6.0,LEC,16,Ferrari,8.0,2021,3,Portimão,8.0,16,Ferrari,Portimão
7.0,OCO,31,Alpine,6.0,2021,3,Portimão,6.0,31,Alpine,Portimão
8.0,ALO,14,Alpine,13.0,2021,3,Portimão,13.0,14,Alpine,Portimão
9.0,RIC,3,McLaren,16.0,2021,3,Portimão,16.0,3,McLaren,Portimão
10.0,GAS,10,AlphaTauri,9.0,2021,3,Portimão,9.0,10,AlphaTauri,Portimão
11.0,SAI,55,Ferrari,5.0,2021,3,Portimão,5.0,55,Ferrari,Portimão
12.0,GIO,99,Alfa Romeo Racing,12.0,2021,3,Portimão,12.0,99,Alfa Romeo Racing,Portimão
13.0,VET,5,Aston Martin,10.0,2021,3,Portimão,10.0,5,Aston Martin,Portimão
14.0,STR,18,Aston Martin,17.0,2021,3,Portimão,17.0,18,Aston Martin,Portimão
15.0,TSU,22,AlphaTauri,14.0,2021,3,Portimão,14.0,22,AlphaTauri,Portimão
16.0,RUS,63,Williams,11.0,2021,3,Portimão,11.0,63,Williams,Portimão
17.0,MSC,47,Haas F1 Team,19.0,2021,3,Portimão,19.0,47,Haas F1 Team,Portimão
18.0,LAT,6,Williams,18.0,2021,3,Portimão,18.0,6,Williams,Portimão
19.0,MAZ,9,Haas F1 Team,20.0,2021,3,Portimão,20.0,9,Haas F1 Team,Portimão
20.0,RAI,7,Alfa Romeo Racing,15.0,2021,3,Portimão,15.0,7,Alfa Romeo Racing,Portimão
1.0,HAM,44,Mercedes,1.0,2021,4,Barcelona,1.0,44,Mercedes,Barcelona
2.0,VER,33,Red Bull Racing,2.0,2021,4,Barcelona,2.0,33,Red Bull Racing,Barcelona
3.0,BOT,77,Mercedes,3.0,2021,4,Barcelona,3.0,77,Mercedes,Barcelona
4.0,LEC,16,Ferrari,4.0,2021,4,Barcelona,4.0,16,Ferrari,Barcelona
5.0,PER,11,Red Bull Racing,8.0,2021,4,Barcelona,8.0,11,Red Bull Racing,Barcelona
6.0,RIC,3,McLaren,7.0,2021,4,Barcelona,7.0,3,McLaren,Barcelona
7.0,SAI,55,Ferrari,6.0,2021,4,Barcelona,6.0,55,Ferrari,Barcelona
8.0,NOR,4,McLaren,9.0,2021,4,Barcelona,9.0,4,McLaren,Barcelona
9.0,OCO,31,Alpine,5.0,2021,4,Barcelona,5.0,31,Alpine,Barcelona
10.0,GAS,10,AlphaTauri,12.0,2021,4,Barcelona,12.0,10,AlphaTauri,Barcelona
11.0,STR,18,Aston Martin,11.0,2021,4,Barcelona,11.0,18,Aston Martin,Barcelona
12.0,RAI,7,Alfa Romeo Racing,17.0,2021,4,Barcelona,17.0,7,Alfa Romeo Racing,Barcelona
13.0,VET,5,Aston Martin,13.0,2021,4,Barcelona,13.0,5,Aston Martin,Barcelona
14.0,RUS,63,Williams,15.0,2021,4,Barcelona,15.0,63,Williams,Barcelona
15.0,GIO,99,Alfa Romeo Racing,14.0,2021,4,Barcelona,14.0,99,Alfa Romeo Racing,Barcelona
16.0,LAT,6,Williams,19.0,2021,4,Barcelona,19.0,6,Williams,Barcelona
17.0,ALO,14,Alpine,10.0,2021,4,Barcelona,10.0,14,Alpine,Barcelona
18.0,MSC,47,Haas F1 Team,18.0,2021,4,Barcelona,18.0,47,Haas F1 Team,Barcelona
19.0,MAZ,9,Haas F1 Team,20.0,2021,4,Barcelona,20.0,9,Haas F1 Team,Barcelona
20.0,TSU,22,AlphaTauri,16.0,2021,4,Barcelona,16.0,22,AlphaTauri,Barcelona
1.0,VER,33,Red Bull Racing,2.0,2021,5,Monte Carlo,2.0,33,Red Bull Racing,Monte Carlo
2.0,SAI,55,Ferrari,4.0,2021,5,Monte Carlo,4.0,55,Ferrari,Monte Carlo
3.0,NOR,4,McLaren,5.0,2021,5,Monte Carlo,5.0,4,McLaren,Monte Carlo
4.0,PER,11,Red Bull Racing,9.0,2021,5,Monte Carlo,9.0,11,Red Bull Racing,Monte Carlo
5.0,VET,5,Aston Martin,8.0,2021,5,Monte Carlo,8.0,5,Aston Martin,Monte Carlo
6.0,GAS,10,AlphaTauri,6.0,2021,5,Monte Carlo,6.0,10,AlphaTauri,Monte Carlo
7.0,HAM,44,Mercedes,7.0,2021,5,Monte Carlo,7.0,44,Mercedes,Monte Carlo
8.0,STR,18,Aston Martin,13.0,2021,5,Monte Carlo,13.0,18,Aston Martin,Monte Carlo
9.0,OCO,31,Alpine,11.0,2021,5,Monte Carlo,11.0,31,Alpine,Monte Carlo
10.0,GIO,99,Alfa Romeo Racing,10.0,2021,5,Monte Carlo,10.0,99,Alfa Romeo Racing,Monte Carlo
11.0,RAI,7,Alfa Romeo Racing,14.0,2021,5,Monte Carlo,14.0,7,Alfa Romeo Racing,Monte Carlo
12.0,RIC,3,McLaren,12.0,2021,5,Monte Carlo,12.0,3,McLaren,Monte Carlo
13.0,ALO,14,Alpine,17.0,2021,5,Monte Carlo,17.0,14,Alpine,Monte Carlo
14.0,RUS,63,Williams,15.0,2021,5,Monte Carlo,15.0,63,Williams,Monte Carlo
15.0,LAT,6,Williams,18.0,2021,5,Monte Carlo,18.0,6,Williams,Monte Carlo
16.0,TSU,22,AlphaTauri,16.0,2021,5,Monte Carlo,16.0,22,AlphaTauri,Monte Carlo
17.0,MAZ,9,Haas F1 Team,19.0,2021,5,Monte Carlo,19.0,9,Haas F1 Team,Monte Carlo
18.0,MSC,47,Haas F1 Team,20.0,2021,5,Monte Carlo,,47,Haas F1 Team,Monte Carlo
19.0,BOT,77,Mercedes,3.0,2021,5,Monte Carlo,3.0,77,Mercedes,Monte Carlo
20.0,LEC,16,Ferrari,1.0,2021,5,Monte Carlo,1.0,16,Ferrari,Monte Carlo
1.0,PER,11,Red Bull Racing,6.0,2021,6,Baku,7.0,11,Red Bull Racing,Baku
2.0,VET,5,Aston Martin,11.0,2021,6,Baku,11.0,5,Aston Martin,Baku
3.0,GAS,10,AlphaTauri,4.0,2021,6,Baku,4.0,10,AlphaTauri,Baku
4.0,LEC,16,Ferrari,1.0,2021,6,Baku,1.0,16,Ferrari,Baku
5.0,NOR,4,McLaren,9.0,2021,6,Baku,6.0,4,McLaren,Baku
6.0,ALO,14,Alpine,8.0,2021,6,Baku,9.0,14,Alpine,Baku
7.0,TSU,22,AlphaTauri,7.0,2021,6,Baku,8.0,22,AlphaTauri,Baku
8.0,SAI,55,Ferrari,5.0,2021,6,Baku,5.0,55,Ferrari,Baku
9.0,RIC,3,McLaren,13.0,2021,6,Baku,13.0,3,McLaren,Baku
10.0,RAI,7,Alfa Romeo Racing,14.0,2021,6,Baku,14.0,7,Alfa Romeo Racing,Baku
11.0,GIO,99,Alfa Romeo Racing,20.0,2021,6,Baku,20.0,99,Alfa Romeo Racing,Baku
12.0,BOT,77,Mercedes,10.0,2021,6,Baku,10.0,77,Mercedes,Baku
13.0,MSC,47,Haas F1 Team,17.0,2021,6,Baku,17.0,47,Haas F1 Team,Baku
14.0,MAZ,9,Haas F1 Team,18.0,2021,6,Baku,18.0,9,Haas F1 Team,Baku
15.0,HAM,44,Mercedes,2.0,2021,6,Baku,2.0,44,Mercedes,Baku
16.0,LAT,6,Williams,16.0,2021,6,Baku,16.0,6,Williams,Baku
17.0,RUS,63,Williams,15.0,2021,6,Baku,15.0,63,Williams,Baku
18.0,VER,33,Red Bull Racing,3.0,2021,6,Baku,3.0,33,Red Bull Racing,Baku
19.0,STR,18,Aston Martin,19.0,2021,6,Baku,19.0,18,Aston Martin,Baku
20.0,OCO,31,Alpine,12.0,2021,6,Baku,12.0,31,Alpine,Baku
1.0,VER,33,Red Bull Racing,1.0,2021,7,Le Castellet,1.0,33,Red Bull Racing,Le Castellet
2.0,HAM,44,Mercedes,2.0,2021,7,Le Castellet,2.0,44,Mercedes,Le Castellet
3.0,PER,11,Red Bull Racing,4.0,2021,7,Le Castellet,4.0,11,Red Bull Racing,Le Castellet
4.0,BOT,77,Mercedes,3.0,2021,7,Le Castellet,3.0,77,Mercedes,Le Castellet
5.0,NOR,4,McLaren,8.0,2021,7,Le Castellet,8.0,4,McLaren,Le Castellet
6.0,RIC,3,McLaren,10.0,2021,7,Le Castellet,10.0,3,McLaren,Le Castellet
7.0,GAS,10,AlphaTauri,6.0,2021,7,Le Castellet,6.0,10,AlphaTauri,Le Castellet
8.0,ALO,14,Alpine,9.0,2021,7,Le Castellet,9.0,14,Alpine,Le Castellet
9.0,VET,5,Aston Martin,12.0,2021,7,Le Castellet,12.0,5,Aston Martin,Le Castellet
10.0,STR,18,Aston Martin,19.0,2021,7,Le Castellet,19.0,18,Aston Martin,Le Castellet
11.0,SAI,55,Ferrari,5.0,2021,7,Le Castellet,5.0,55,Ferrari,Le Castellet
12.0,RUS,63,Williams,14.0,2021,7,Le Castellet,14.0,63,Williams,Le Castellet
13.0,TSU,22,AlphaTauri,0.0,2021,7,Le Castellet,20.0,22,AlphaTauri,Le Castellet
14.0,OCO,31,Alpine,11.0,2021,7,Le Castellet,11.0,31,Alpine,Le Castellet
15.0,GIO,99,Alfa Romeo Racing,13.0,2021,7,Le Castellet,13.0,99,Alfa Romeo Racing,Le Castellet
16.0,LEC,16,Ferrari,7.0,2021,7,Le Castellet,7.0,16,Ferrari,Le Castellet
17.0,RAI,7,Alfa Romeo Racing,17.0,2021,7,Le Castellet,17.0,7,Alfa Romeo Racing,Le Castellet
18.0,LAT,6,Williams,16.0,2021,7,Le Castellet,16.0,6,Williams,Le Castellet
19.0,MSC,47,Haas F1 Team,15.0,2021,7,Le Castellet,15.0,47,Haas F1 Team,Le Castellet
20.0,MAZ,9,Haas F1 Team,18.0,2021,7,Le Castellet,18.0,9,Haas F1 Team,Le Castellet
1.0,VER,33,Red Bull Racing,1.0,2021,8,Spielberg,1.0,33,Red Bull Racing,Spielberg
2.0,HAM,44,Mercedes,2.0,2021,8,Spielberg,3.0,44,Mercedes,Spielberg
3.0,BOT,77,Mercedes,5.0,2021,8,Spielberg,2.0,77,Mercedes,Spielberg
4.0,PER,11,Red Bull Racing,4.0,2021,8,Spielberg,5.0,11,Red Bull Racing,Spielberg
5.0,NOR,4,McLaren,3.0,2021,8,Spielberg,4.0,4,McLaren,Spielberg
6.0,SAI,55,Ferrari,12.0,2021,8,Spielberg,12.0,55,Ferrari,Spielberg
7.0,LEC,16,Ferrari,7.0,2021,8,Spielberg,7.0,16,Ferrari,Spielberg
8.0,STR,18,Aston Martin,9.0,2021,8,Spielberg,10.0,18,Aston Martin,Spielberg
9.0,ALO,14,Alpine,8.0,2021,8,Spielberg,9.0,14,Alpine,Spielberg
10.0,TSU,22,AlphaTauri,11.0,2021,8,Spielberg,8.0,22,AlphaTauri,Spielberg
11.0,RAI,7,Alfa Romeo Racing,18.0,2021,8,Spielberg,18.0,7,Alfa Romeo Racing,Spielberg
12.0,VET,5,Aston Martin,14.0,2021,8,Spielberg,14.0,5,Aston Martin,Spielberg
13.0,RIC,3,McLaren,13.0,2021,8,Spielberg,13.0,3,McLaren,Spielberg
14.0,OCO,31,Alpine,17.0,2021,8,Spielberg,17.0,31,Alpine,Spielberg
15.0,GIO,99,Alfa Romeo Racing,15.0,2021,8,Spielberg,15.0,99,Alfa Romeo Racing,Spielberg
16.0,MSC,47,Haas F1 Team,19.0,2021,8,Spielberg,19.0,47,Haas F1 Team,Spielberg
17.0,LAT,6,Williams,16.0,2021,8,Spielberg,16.0,6,Williams,Spielberg
18.0,MAZ,9,Haas F1 Team,20.0,2021,8,Spielberg,20.0,9,Haas F1 Team,Spielberg
19.0,RUS,63,Williams,10.0,2021,8,Spielberg,11.0,63,Williams,Spielberg
20.0,GAS,10,AlphaTauri,6.0,2021,8,Spielberg,6.0,10,AlphaTauri,Spielberg
1.0,VER,33,Red Bull Racing,1.0,2021,9,Spielberg,1.0,33,Red Bull Racing,Spielberg
2.0,BOT,77,Mercedes,5.0,2021,9,Spielberg,5.0,77,Mercedes,Spielberg
3.0,NOR,4,McLaren,2.0,2021,9,Spielberg,2.0,4,McLaren,Spielberg
4.0,HAM,44,Mercedes,4.0,2021,9,Spielberg,4.0,44,Mercedes,Spielberg
5.0,SAI,55,Ferrari,10.0,2021,9,Spielberg,11.0,55,Ferrari,Spielberg
6.0,PER,11,Red Bull Racing,3.0,2021,9,Spielberg,3.0,11,Red Bull Racing,Spielberg
7.0,RIC,3,McLaren,13.0,2021,9,Spielberg,13.0,3,McLaren,Spielberg
8.0,LEC,16,Ferrari,12.0,2021,9,Spielberg,12.0,16,Ferrari,Spielberg
9.0,GAS,10,AlphaTauri,6.0,2021,9,Spielberg,6.0,10,AlphaTauri,Spielberg
10.0,ALO,14,Alpine,14.0,2021,9,Spielberg,14.0,14,Alpine,Spielberg
11.0,RUS,63,Williams,8.0,2021,9,Spielberg,9.0,63,Williams,Spielberg
12.0,TSU,22,AlphaTauri,7.0,2021,9,Spielberg,7.0,22,AlphaTauri,Spielberg
13.0,STR,18,Aston Martin,9.0,2021,9,Spielberg,10.0,18,Aston Martin,Spielberg
14.0,GIO,99,Alfa Romeo Racing,15.0,2021,9,Spielberg,15.0,99,Alfa Romeo Racing,Spielberg
15.0,RAI,7,Alfa Romeo Racing,16.0,2021,9,Spielberg,16.0,7,Alfa Romeo Racing,Spielberg
16.0,LAT,6,Williams,18.0,2021,9,Spielberg,18.0,6,Williams,Spielberg
17.0,VET,5,Aston Martin,11.0,2021,9,Spielberg,8.0,5,Aston Martin,Spielberg
18.0,MSC,47,Haas F1 Team,19.0,2021,9,Spielberg,19.0,47,Haas F1 Team,Spielberg
19.0,MAZ,9,Haas F1 Team,20.0,2021,9,Spielberg,20.0,9,Haas F1 Team,Spielberg
20.0,OCO,31,Alpine,17.0,2021,9,Spielberg,17.0,31,Alpine,Spielberg
1.0,HAM,44,Mercedes,2.0,2021,10,Silverstone,1.0,44,Mercedes,Silverstone
2.0,LEC,16,Ferrari,4.0,2021,10,Silverstone,4.0,16,Ferrari,Silverstone
3.0,BOT,77,Mercedes,3.0,2021,10,Silverstone,3.0,77,Mercedes,Silverstone
4.0,NOR,4,McLaren,5.0,2021,10,Silverstone,6.0,4,McLaren,Silverstone
5.0,RIC,3,McLaren,6.0,2021,10,Silverstone,7.0,3,McLaren,Silverstone
6.0,SAI,55,Ferrari,10.0,2021,10,Silverstone,9.0,55,Ferrari,Silverstone
7.0,ALO,14,Alpine,7.0,2021,10,Silverstone,11.0,14,Alpine,Silverstone
8.0,STR,18,Aston Martin,14.0,2021,10,Silverstone,15.0,18,Aston Martin,Silverstone
9.0,OCO,31,Alpine,9.0,2021,10,Silverstone,13.0,31,Alpine,Silverstone
10.0,TSU,22,AlphaTauri,16.0,2021,10,Silverstone,16.0,22,AlphaTauri,Silverstone
11.0,GAS,10,AlphaTauri,11.0,2021,10,Silverstone,12.0,10,AlphaTauri,Silverstone
12.0,RUS,63,Williams,12.0,2021,10,Silverstone,8.0,63,Williams,Silverstone
13.0,GIO,99,Alfa Romeo Racing,15.0,2021,10,Silverstone,14.0,99,Alfa Romeo Racing,Silverstone
14.0,LAT,6,Williams,17.0,2021,10,Silverstone,18.0,6,Williams,Silverstone
15.0,RAI,7,Alfa Romeo Racing,13.0,2021,10,Silverstone,17.0,7,Alfa Romeo Racing,Silverstone
16.0,PER,11,Red Bull Racing,0.0,2021,10,Silverstone,5.0,11,Red Bull Racing,Silverstone
17.0,MAZ,9,Haas F1 Team,19.0,2021,10,Silverstone,20.0,9,Haas F1 Team,Silverstone
18.0,MSC,47,Haas F1 Team,18.0,2021,10,Silverstone,19.0,47,Haas F1 Team,Silverstone
19.0,VET,5,Aston Martin,8.0,2021,10,Silverstone,10.0,5,Aston Martin,Silverstone
20.0,VER,33,Red Bull Racing,1.0,2021,10,Silverstone,2.0,33,Red Bull Racing,Silverstone
1.0,OCO,31,Alpine,8.0,2021,11,Budapest,8.0,31,Alpine,Budapest
2.0,HAM,44,Mercedes,1.0,2021,11,Budapest,1.0,44,Mercedes,Budapest
3.0,SAI,55,Ferrari,15.0,2021,11,Budapest,15.0,55,Ferrari,Budapest
4.0,ALO,14,Alpine,9.0,2021,11,Budapest,9.0,14,Alpine,Budapest
5.0,GAS,10,AlphaTauri,5.0,2021,11,Budapest,5.0,10,AlphaTauri,Budapest
6.0,TSU,22,AlphaTauri,16.0,2021,11,Budapest,16.0,22,AlphaTauri,Budapest
7.0,LAT,6,Williams,18.0,2021,11,Budapest,18.0,6,Williams,Budapest
8.0,RUS,63,Williams,17.0,2021,11,Budapest,17.0,63,Williams,Budapest
9.0,VER,33,Red Bull Racing,3.0,2021,11,Budapest,3.0,33,Red Bull Racing,Budapest
10.0,RAI,7,Alfa Romeo Racing,13.0,2021,11,Budapest,13.0,7,Alfa Romeo Racing,Budapest
11.0,RIC,3,McLaren,11.0,2021,11,Budapest,11.0,3,McLaren,Budapest
12.0,MSC,47,Haas F1 Team,20.0,2021,11,Budapest,20.0,47,Haas F1 Team,Budapest
13.0,GIO,99,Alfa Romeo Racing,0.0,2021,11,Budapest,14.0,99,Alfa Romeo Racing,Budapest
14.0,MAZ,9,Haas F1 Team,19.0,2021,11,Budapest,19.0,9,Haas F1 Team,Budapest
15.0,NOR,4,McLaren,6.0,2021,11,Budapest,6.0,4,McLaren,Budapest
16.0,BOT,77,Mercedes,2.0,2021,11,Budapest,2.0,77,Mercedes,Budapest
17.0,PER,11,Red Bull Racing,4.0,2021,11,Budapest,4.0,11,Red Bull Racing,Budapest
18.0,LEC,16,Ferrari,7.0,2021,11,Budapest,7.0,16,Ferrari,Budapest
19.0,STR,18,Aston Martin,12.0,2021,11,Budapest,12.0,18,Aston Martin,Budapest
20.0,VET,5,Aston Martin,10.0,2021,11,Budapest,10.0,5,Aston Martin,Budapest
1.0,VER,33,Red Bull Racing,1.0,2021,12,Spa-Francorchamps,1.0,33,Red Bull Racing,Spa-Francorchamps
2.0,RUS,63,Williams,2.0,2021,12,Spa-Francorchamps,2.0,63,Williams,Spa-Francorchamps
3.0,HAM,44,Mercedes,3.0,2021,12,Spa-Francorchamps,3.0,44,Mercedes,Spa-Francorchamps
4.0,RIC,3,McLaren,4.0,2021,12,Spa-Francorchamps,4.0,3,McLaren,Spa-Francorchamps
5.0,VET,5,Aston Martin,5.0,2021,12,Spa-Francorchamps,5.0,5,Aston Martin,Spa-Francorchamps
6.0,GAS,10,AlphaTauri,6.0,2021,12,Spa-Francorchamps,6.0,10,AlphaTauri,Spa-Francorchamps
7.0,OCO,31,Alpine,8.0,2021,12,Spa-Francorchamps,9.0,31,Alpine,Spa-Francorchamps
8.0,LEC,16,Ferrari,9.0,2021,12,Spa-Francorchamps,11.0,16,Ferrari,Spa-Francorchamps
9.0,LAT,6,Williams,10.0,2021,12,Spa-Francorchamps,12.0,6,Williams,Spa-Francorchamps
10.0,SAI,55,Ferrari,11.0,2021,12,Spa-Francorchamps,13.0,55,Ferrari,Spa-Francorchamps
11.0,ALO,14,Alpine,12.0,2021,12,Spa-Francorchamps,14.0,14,Alpine,Spa-Francorchamps
12.0,BOT,77,Mercedes,13.0,2021,12,Spa-Francorchamps,8.0,77,Mercedes,Spa-Francorchamps
13.0,GIO,99,Alfa Romeo Racing,14.0,2021,12,Spa-Francorchamps,16.0,99,Alfa Romeo Racing,Spa-Francorchamps
14.0,NOR,4,McLaren,15.0,2021,12,Spa-Francorchamps,10.0,4,McLaren,Spa-Francorchamps
15.0,TSU,22,AlphaTauri,16.0,2021,12,Spa-Francorchamps,17.0,22,AlphaTauri,Spa-Francorchamps
16.0,MSC,47,Haas F1 Team,17.0,2021,12,Spa-Francorchamps,18.0,47,Haas F1 Team,Spa-Francorchamps
17.0,MAZ,9,Haas F1 Team,18.0,2021,12,Spa-Francorchamps,20.0,9,Haas F1 Team,Spa-Francorchamps
18.0,RAI,7,Alfa Romeo Racing,0.0,2021,12,Spa-Francorchamps,19.0,7,Alfa Romeo Racing,Spa-Francorchamps
19.0,PER,11,Red Bull Racing,0.0,2021,12,Spa-Francorchamps,7.0,11,Red Bull Racing,Spa-Francorchamps
20.0,STR,18,Aston Martin,19.0,2021,12,Spa-Francorchamps,15.0,18,Aston Martin,Spa-Francorchamps
1.0,VER,33,Red Bull Racing,1.0,2021,13,Zandvoort,1.0,33,Red Bull Racing,Zandvoort
2.0,HAM,44,Mercedes,2.0,2021,13,Zandvoort,2.0,44,Mercedes,Zandvoort
3.0,BOT,77,Mercedes,3.0,2021,13,Zandvoort,3.0,77,Mercedes,Zandvoort
4.0,GAS,10,AlphaTauri,4.0,2021,13,Zandvoort,4.0,10,AlphaTauri,Zandvoort
5.0,LEC,16,Ferrari,5.0,2021,13,Zandvoort,5.0,16,Ferrari,Zandvoort
6.0,ALO,14,Alpine,9.0,2021,13,Zandvoort,9.0,14,Alpine,Zandvoort
7.0,SAI,55,Ferrari,6.0,2021,13,Zandvoort,6.0,55,Ferrari,Zandvoort
8.0,PER,11,Red Bull Racing,0.0,2021,13,Zandvoort,16.0,11,Red Bull Racing,Zandvoort
9.0,OCO,31,Alpine,8.0,2021,13,Zandvoort,8.0,31,Alpine,Zandvoort
10.0,NOR,4,McLaren,13.0,2021,13,Zandvoort,13.0,4,McLaren,Zandvoort
11.0,RIC,3,McLaren,10.0,2021,13,Zandvoort,10.0,3,McLaren,Zandvoort
12.0,STR,18,Aston Martin,12.0,2021,13,Zandvoort,12.0,18,Aston Martin,Zandvoort
13.0,VET,5,Aston Martin,15.0,2021,13,Zandvoort,17.0,5,Aston Martin,Zandvoort
14.0,GIO,99,Alfa Romeo Racing,7.0,2021,13,Zandvoort,7.0,99,Alfa Romeo Racing,Zandvoort
15.0,KUB,88,Alfa Romeo Racing,16.0,2021,13,Zandvoort,18.0,88,Alfa Romeo Racing,Zandvoort
16.0,LAT,6,Williams,0.0,2021,13,Zandvoort,14.0,6,Williams,Zandvoort
17.0,RUS,63,Williams,11.0,2021,13,Zandvoort,11.0,63,Williams,Zandvoort
18.0,MSC,47,Haas F1 Team,17.0,2021,13,Zandvoort,19.0,47,Haas F1 Team,Zandvoort
19.0,TSU,22,AlphaTauri,14.0,2021,13,Zandvoort,15.0,22,AlphaTauri,Zandvoort
20.0,MAZ,9,Haas F1 Team,18.0,2021,13,Zandvoort,20.0,9,Haas F1 Team,Zandvoort
1.0,RIC,3,McLaren,2.0,2021,14,Monza,5.0,3,McLaren,Monza
2.0,NOR,4,McLaren,3.0,2021,14,Monza,4.0,4,McLaren,Monza
3.0,BOT,77,Mercedes,19.0,2021,14,Monza,1.0,77,Mercedes,Monza
4.0,LEC,16,Ferrari,5.0,2021,14,Monza,8.0,16,Ferrari,Monza
5.0,PER,11,Red Bull Racing,8.0,2021,14,Monza,9.0,11,Red Bull Racing,Monza
6.0,SAI,55,Ferrari,6.0,2021,14,Monza,7.0,55,Ferrari,Monza
7.0,STR,18,Aston Martin,9.0,2021,14,Monza,12.0,18,Aston Martin,Monza
8.0,ALO,14,Alpine,10.0,2021,14,Monza,13.0,14,Alpine,Monza
9.0,RUS,63,Williams,14.0,2021,14,Monza,15.0,63,Williams,Monza
10.0,OCO,31,Alpine,12.0,2021,14,Monza,14.0,31,Alpine,Monza
11.0,LAT,6,Williams,13.0,2021,14,Monza,16.0,6,Williams,Monza
12.0,VET,5,Aston Martin,11.0,2021,14,Monza,11.0,5,Aston Martin,Monza
13.0,GIO,99,Alfa Romeo Racing,7.0,2021,14,Monza,10.0,99,Alfa Romeo Racing,Monza
14.0,KUB,88,Alfa Romeo Racing,17.0,2021,14,Monza,19.0,88,Alfa Romeo Racing,Monza
15.0,MSC,47,Haas F1 Team,18.0,2021,14,Monza,18.0,47,Haas F1 Team,Monza
16.0,MAZ,9,Haas F1 Team,16.0,2021,14,Monza,20.0,9,Haas F1 Team,Monza
17.0,HAM,44,Mercedes,4.0,2021,14,Monza,2.0,44,Mercedes,Monza
18.0,VER,33,Red Bull Racing,1.0,2021,14,Monza,3.0,33,Red Bull Racing,Monza
19.0,GAS,10,AlphaTauri,0.0,2021,14,Monza,6.0,10,AlphaTauri,Monza
20.0,TSU,22,AlphaTauri,0.0,2021,14,Monza,17.0,22,AlphaTauri,Monza
1.0,HAM,44,Mercedes,4.0,2021,15,Sochi,4.0,44,Mercedes,Sochi
2.0,VER,33,Red Bull Racing,20.0,2021,15,Sochi,20.0,33,Red Bull Racing,Sochi
3.0,SAI,55,Ferrari,2.0,2021,15,Sochi,2.0,55,Ferrari,Sochi
4.0,RIC,3,McLaren,5.0,2021,15,Sochi,5.0,3,McLaren,Sochi
5.0,BOT,77,Mercedes,16.0,2021,15,Sochi,7.0,77,Mercedes,Sochi
6.0,ALO,14,Alpine,6.0,2021,15,Sochi,6.0,14,Alpine,Sochi
7.0,NOR,4,McLaren,1.0,2021,15,Sochi,1.0,4,McLaren,Sochi
8.0,RAI,7,Alfa Romeo Racing,13.0,2021,15,Sochi,16.0,7,Alfa Romeo Racing,Sochi
9.0,PER,11,Red Bull Racing,8.0,2021,15,Sochi,9.0,11,Red Bull Racing,Sochi
10.0,RUS,63,Williams,3.0,2021,15,Sochi,3.0,63,Williams,Sochi
11.0,STR,18,Aston Martin,7.0,2021,15,Sochi,8.0,18,Aston Martin,Sochi
12.0,VET,5,Aston Martin,10.0,2021,15,Sochi,11.0,5,Aston Martin,Sochi
13.0,GAS,10,AlphaTauri,11.0,2021,15,Sochi,12.0,10,AlphaTauri,Sochi
14.0,OCO,31,Alpine,9.0,2021,15,Sochi,10.0,31,Alpine,Sochi
15.0,LEC,16,Ferrari,19.0,2021,15,Sochi,15.0,16,Ferrari,Sochi
16.0,GIO,99,Alfa Romeo Racing,17.0,2021,15,Sochi,18.0,99,Alfa Romeo Racing,Sochi
17.0,TSU,22,AlphaTauri,12.0,2021,15,Sochi,13.0,22,AlphaTauri,Sochi
18.0,MAZ,9,Haas F1 Team,15.0,2021,15,Sochi,19.0,9,Haas F1 Team,Sochi
19.0,LAT,6,Williams,18.0,2021,15,Sochi,14.0,6,Williams,Sochi
20.0,MSC,47,Haas F1 Team,14.0,2021,15,Sochi,17.0,47,Haas F1 Team,Sochi
1.0,BOT,77,Mercedes,1.0,2021,16,Istanbul,2.0,77,Mercedes,Istanbul
2.0,VER,33,Red Bull Racing,2.0,2021,16,Istanbul,3.0,33,Red Bull Racing,Istanbul
3.0,PER,11,Red Bull Racing,6.0,2021,16,Istanbul,7.0,11,Red Bull Racing,Istanbul
4.0,LEC,16,Ferrari,3.0,2021,16,Istanbul,4.0,16,Ferrari,Istanbul
5.0,HAM,44,Mercedes,11.0,2021,16,Istanbul,1.0,44,Mercedes,Istanbul
6.0,GAS,10,AlphaTauri,4.0,2021,16,Istanbul,5.0,10,AlphaTauri,Istanbul
7.0,NOR,4,McLaren,7.0,2021,16,Istanbul,8.0,4,McLaren,Istanbul
8.0,SAI,55,Ferrari,19.0,2021,16,Istanbul,15.0,55,Ferrari,Istanbul
9.0,STR,18,Aston Martin,8.0,2021,16,Istanbul,9.0,18,Aston Martin,Istanbul
10.0,OCO,31,Alpine,12.0,2021,16,Istanbul,12.0,31,Alpine,Istanbul
11.0,GIO,99,Alfa Romeo Racing,16.0,2021,16,Istanbul,18.0,99,Alfa Romeo Racing,Istanbul
12.0,RAI,7,Alfa Romeo Racing,17.0,2021,16,Istanbul,19.0,7,Alfa Romeo Racing,Istanbul
13.0,RIC,3,McLaren,20.0,2021,16,Istanbul,16.0,3,McLaren,Istanbul
14.0,TSU,22,AlphaTauri,9.0,2021,16,Istanbul,10.0,22,AlphaTauri,Istanbul
15.0,RUS,63,Williams,13.0,2021,16,Istanbul,13.0,63,Williams,Istanbul
16.0,ALO,14,Alpine,5.0,2021,16,Istanbul,6.0,14,Alpine,Istanbul
17.0,LAT,6,Williams,15.0,2021,16,Istanbul,17.0,6,Williams,Istanbul
18.0,VET,5,Aston Martin,10.0,2021,16,Istanbul,11.0,5,Aston Martin,Istanbul
19.0,MSC,47,Haas F1 Team,14.0,2021,16,Istanbul,14.0,47,Haas F1 Team,Istanbul
20.0,MAZ,9,Haas F1 Team,18.0,2021,16,Istanbul,20.0,9,Haas F1 Team,Istanbul
1.0,VER,33,Red Bull Racing,1.0,2021,17,Austin,1.0,33,Red Bull Racing,Austin
2.0,HAM,44,Mercedes,2.0,2021,17,Austin,2.0,44,Mercedes,Austin
3.0,PER,11,Red Bull Racing,3.0,2021,17,Austin,3.0,11,Red Bull Racing,Austin
4.0,LEC,16,Ferrari,4.0,2021,17,Austin,5.0,16,Ferrari,Austin
5.0,RIC,3,McLaren,6.0,2021,17,Austin,7.0,3,McLaren,Austin
6.0,BOT,77,Mercedes,9.0,2021,17,Austin,4.0,77,Mercedes,Austin
7.0,SAI,55,Ferrari,5.0,2021,17,Austin,6.0,55,Ferrari,Austin
8.0,NOR,4,McLaren,7.0,2021,17,Austin,8.0,4,McLaren,Austin
9.0,TSU,22,AlphaTauri,10.0,2021,17,Austin,10.0,22,AlphaTauri,Austin
10.0,VET,5,Aston Martin,18.0,2021,17,Austin,12.0,5,Aston Martin,Austin
11.0,GIO,99,Alfa Romeo Racing,12.0,2021,17,Austin,13.0,99,Alfa Romeo Racing,Austin
12.0,STR,18,Aston Martin,13.0,2021,17,Austin,16.0,18,Aston Martin,Austin
13.0,RAI,7,Alfa Romeo Racing,15.0,2021,17,Austin,18.0,7,Alfa Romeo Racing,Austin
14.0,RUS,63,Williams,20.0,2021,17,Austin,15.0,63,Williams,Austin
15.0,LAT,6,Williams,14.0,2021,17,Austin,17.0,6,Williams,Austin
16.0,MSC,47,Haas F1 Team,16.0,2021,17,Austin,19.0,47,Haas F1 Team,Austin
17.0,MAZ,9,Haas F1 Team,17.0,2021,17,Austin,20.0,9,Haas F1 Team,Austin
18.0,ALO,14,Alpine,19.0,2021,17,Austin,14.0,14,Alpine,Austin
19.0,OCO,31,Alpine,11.0,2021,17,Austin,11.0,31,Alpine,Austin
20.0,GAS,10,AlphaTauri,8.0,2021,17,Austin,9.0,10,AlphaTauri,Austin
1.0,VER,33,Red Bull Racing,3.0,2021,18,Mexico City,3.0,33,Red Bull Racing,Mexico City
2.0,HAM,44,Mercedes,2.0,2021,18,Mexico City,2.0,44,Mercedes,Mexico City
3.0,PER,11,Red Bull Racing,4.0,2021,18,Mexico City,4.0,11,Red Bull Racing,Mexico City
4.0,GAS,10,AlphaTauri,5.0,2021,18,Mexico City,5.0,10,AlphaTauri,Mexico City
5.0,LEC,16,Ferrari,8.0,2021,18,Mexico City,8.0,16,Ferrari,Mexico City
6.0,SAI,55,Ferrari,6.0,2021,18,Mexico City,6.0,55,Ferrari,Mexico City
7.0,VET,5,Aston Martin,9.0,2021,18,Mexico City,11.0,5,Aston Martin,Mexico City
8.0,RAI,7,Alfa Romeo Racing,10.0,2021,18,Mexico City,12.0,7,Alfa Romeo Racing,Mexico City
9.0,ALO,14,Alpine,12.0,2021,18,Mexico City,16.0,14,Alpine,Mexico City
10.0,NOR,4,McLaren,18.0,2021,18,Mexico City,10.0,4,McLaren,Mexico City
11.0,GIO,99,Alfa Romeo Racing,11.0,2021,18,Mexico City,14.0,99,Alfa Romeo Racing,Mexico City
12.0,RIC,3,McLaren,7.0,2021,18,Mexico City,7.0,3,McLaren,Mexico City
13.0,OCO,31,Alpine,19.0,2021,18,Mexico City,15.0,31,Alpine,Mexico City
14.0,STR,18,Aston Martin,20.0,2021,18,Mexico City,20.0,18,Aston Martin,Mexico City
15.0,BOT,77,Mercedes,1.0,2021,18,Mexico City,1.0,77,Mercedes,Mexico City
16.0,RUS,63,Williams,16.0,2021,18,Mexico City,13.0,63,Williams,Mexico City
17.0,LAT,6,Williams,13.0,2021,18,Mexico City,17.0,6,Williams,Mexico City
18.0,MAZ,9,Haas F1 Team,15.0,2021,18,Mexico City,19.0,9,Haas F1 Team,Mexico City
19.0,MSC,47,Haas F1 Team,14.0,2021,18,Mexico City,18.0,47,Haas F1 Team,Mexico City
20.0,TSU,22,AlphaTauri,17.0,2021,18,Mexico City,9.0,22,AlphaTauri,Mexico City
1.0,HAM,44,Mercedes,10.0,2021,19,São Paulo,1.0,44,Mercedes,São Paulo
2.0,VER,33,Red Bull Racing,2.0,2021,19,São Paulo,2.0,33,Red Bull Racing,São Paulo
3.0,BOT,77,Mercedes,1.0,2021,19,São Paulo,3.0,77,Mercedes,São Paulo
4.0,PER,11,Red Bull Racing,4.0,2021,19,São Paulo,4.0,11,Red Bull Racing,São Paulo
5.0,LEC,16,Ferrari,6.0,2021,19,São Paulo,7.0,16,Ferrari,São Paulo
6.0,SAI,55,Ferrari,3.0,2021,19,São Paulo,6.0,55,Ferrari,São Paulo
7.0,GAS,10,AlphaTauri,7.0,2021,19,São Paulo,5.0,10,AlphaTauri,São Paulo
8.0,OCO,31,Alpine,8.0,2021,19,São Paulo,11.0,31,Alpine,São Paulo
9.0,ALO,14,Alpine,12.0,2021,19,São Paulo,10.0,14,Alpine,São Paulo
10.0,NOR,4,McLaren,5.0,2021,19,São Paulo,8.0,4,McLaren,São Paulo
11.0,VET,5,Aston Martin,9.0,2021,19,São Paulo,12.0,5,Aston Martin,São Paulo
12.0,RAI,7,Alfa Romeo Racing,0.0,2021,19,São Paulo,14.0,7,Alfa Romeo Racing,São Paulo
13.0,RUS,63,Williams,17.0,2021,19,São Paulo,18.0,63,Williams,São Paulo
14.0,GIO,99,Alfa Romeo Racing,13.0,2021,19,São Paulo,15.0,99,Alfa Romeo Racing,São Paulo
15.0,TSU,22,AlphaTauri,15.0,2021,19,São Paulo,13.0,22,AlphaTauri,São Paulo
16.0,LAT,6,Williams,16.0,2021,19,São Paulo,17.0,6,Williams,São Paulo
17.0,MAZ,9,Haas F1 Team,19.0,2021,19,São Paulo,20.0,9,Haas F1 Team,São Paulo
18.0,MSC,47,Haas F1 Team,18.0,2021,19,São Paulo,19.0,47,Haas F1 Team,São Paulo
19.0,RIC,3,McLaren,11.0,2021,19,São Paulo,9.0,3,McLaren,São Paulo
20.0,STR,18,Aston Martin,14.0,2021,19,São Paulo,16.0,18,Aston Martin,São Paulo
1.0,HAM,44,Mercedes,1.0,2021,20,Lusail,1.0,44,Mercedes,Lusail
2.0,VER,33,Red Bull Racing,7.0,2021,20,Lusail,2.0,33,Red Bull Racing,Lusail
3.0,ALO,14,Alpine,3.0,2021,20,Lusail,5.0,14,Alpine,Lusail
4.0,PER,11,Red Bull Racing,11.0,2021,20,Lusail,11.0,11,Red Bull Racing,Lusail
5.0,OCO,31,Alpine,9.0,2021,20,Lusail,9.0,31,Alpine,Lusail
6.0,STR,18,Aston Martin,12.0,2021,20,Lusail,12.0,18,Aston Martin,Lusail
7.0,SAI,55,Ferrari,5.0,2021,20,Lusail,7.0,55,Ferrari,Lusail
8.0,LEC,16,Ferrari,13.0,2021,20,Lusail,13.0,16,Ferrari,Lusail
9.0,NOR,4,McLaren,4.0,2021,20,Lusail,6.0,4,McLaren,Lusail
10.0,VET,5,Aston Martin,10.0,2021,20,Lusail,10.0,5,Aston Martin,Lusail
11.0,GAS,10,AlphaTauri,2.0,2021,20,Lusail,4.0,10,AlphaTauri,Lusail
12.0,RIC,3,McLaren,14.0,2021,20,Lusail,14.0,3,McLaren,Lusail
13.0,TSU,22,AlphaTauri,8.0,2021,20,Lusail,8.0,22,AlphaTauri,Lusail
14.0,RAI,7,Alfa Romeo Racing,16.0,2021,20,Lusail,16.0,7,Alfa Romeo Racing,Lusail
15.0,GIO,99,Alfa Romeo Racing,18.0,2021,20,Lusail,18.0,99,Alfa Romeo Racing,Lusail
16.0,MSC,47,Haas F1 Team,19.0,2021,20,Lusail,19.0,47,Haas F1 Team,Lusail
17.0,RUS,63,Williams,15.0,2021,20,Lusail,15.0,63,Williams,Lusail
18.0,MAZ,9,Haas F1 Team,20.0,2021,20,Lusail,20.0,9,Haas F1 Team,Lusail
19.0,LAT,6,Williams,17.0,2021,20,Lusail,17.0,6,Williams,Lusail
20.0,BOT,77,Mercedes,6.0,2021,20,Lusail,3.0,77,Mercedes,Lusail
1.0,HAM,44,Mercedes,1.0,2021,21,Jeddah,1.0,44,Mercedes,Jeddah
2.0,VER,33,Red Bull Racing,3.0,2021,21,Jeddah,3.0,33,Red Bull Racing,Jeddah
3.0,BOT,77,Mercedes,2.0,2021,21,Jeddah,2.0,77,Mercedes,Jeddah
4.0,OCO,31,Alpine,9.0,2021,21,Jeddah,9.0,31,Alpine,Jeddah
5.0,RIC,3,McLaren,11.0,2021,21,Jeddah,11.0,3,McLaren,Jeddah
6.0,GAS,10,AlphaTauri,6.0,2021,21,Jeddah,6.0,10,AlphaTauri,Jeddah
7.0,LEC,16,Ferrari,4.0,2021,21,Jeddah,4.0,16,Ferrari,Jeddah
8.0,SAI,55,Ferrari,15.0,2021,21,Jeddah,15.0,55,Ferrari,Jeddah
9.0,GIO,99,Alfa Romeo Racing,10.0,2021,21,Jeddah,10.0,99,Alfa Romeo Racing,Jeddah
10.0,NOR,4,McLaren,7.0,2021,21,Jeddah,7.0,4,McLaren,Jeddah
11.0,STR,18,Aston Martin,18.0,2021,21,Jeddah,18.0,18,Aston Martin,Jeddah
12.0,LAT,6,Williams,16.0,2021,21,Jeddah,16.0,6,Williams,Jeddah
13.0,ALO,14,Alpine,13.0,2021,21,Jeddah,13.0,14,Alpine,Jeddah
14.0,TSU,22,AlphaTauri,8.0,2021,21,Jeddah,8.0,22,AlphaTauri,Jeddah
15.0,RAI,7,Alfa Romeo Racing,12.0,2021,21,Jeddah,12.0,7,Alfa Romeo Racing,Jeddah
16.0,VET,5,Aston Martin,17.0,2021,21,Jeddah,17.0,5,Aston Martin,Jeddah
17.0,PER,11,Red Bull Racing,5.0,2021,21,Jeddah,5.0,11,Red Bull Racing,Jeddah
18.0,MAZ,9,Haas F1 Team,20.0,2021,21,Jeddah,20.0,9,Haas F1 Team,Jeddah
19.0,RUS,63,Williams,14.0,2021,21,Jeddah,14.0,63,Williams,Jeddah
20.0,MSC,47,Haas F1 Team,19.0,2021,21,Jeddah,19.0,47,Haas F1 Team,Jeddah
1.0,VER,33,Red Bull Racing,1.0,2021,22,Yas Island,1.0,33,Red Bull Racing,Yas Island
2.0,HAM,44,Mercedes,2.0,2021,22,Yas Island,2.0,44,Mercedes,Yas Island
3.0,SAI,55,Ferrari,5.0,2021,22,Yas Island,5.0,55,Ferrari,Yas Island
4.0,TSU,22,AlphaTauri,8.0,2021,22,Yas Island,8.0,22,AlphaTauri,Yas Island
5.0,GAS,10,AlphaTauri,12.0,2021,22,Yas Island,12.0,10,AlphaTauri,Yas Island
6.0,BOT,77,Mercedes,6.0,2021,22,Yas Island,6.0,77,Mercedes,Yas Island
7.0,NOR,4,McLaren,3.0,2021,22,Yas Island,3.0,4,McLaren,Yas Island
8.0,ALO,14,Alpine,11.0,2021,22,Yas Island,11.0,14,Alpine,Yas Island
9.0,OCO,31,Alpine,9.0,2021,22,Yas Island,9.0,31,Alpine,Yas Island
10.0,LEC,16,Ferrari,7.0,2021,22,Yas Island,7.0,16,Ferrari,Yas Island
11.0,VET,5,Aston Martin,15.0,2021,22,Yas Island,15.0,5,Aston Martin,Yas Island
12.0,RIC,3,McLaren,10.0,2021,22,Yas Island,10.0,3,McLaren,Yas Island
13.0,STR,18,Aston Martin,13.0,2021,22,Yas Island,13.0,18,Aston Martin,Yas Island
14.0,MSC,47,Haas F1 Team,19.0,2021,22,Yas Island,19.0,47,Haas F1 Team,Yas Island
15.0,PER,11,Red Bull Racing,4.0,2021,22,Yas Island,4.0,11,Red Bull Racing,Yas Island
16.0,LAT,6,Williams,16.0,2021,22,Yas Island,16.0,6,Williams,Yas Island
17.0,GIO,99,Alfa Romeo Racing,14.0,2021,22,Yas Island,14.0,99,Alfa Romeo Racing,Yas Island
18.0,RUS,63,Williams,17.0,2021,22,Yas Island,17.0,63,Williams,Yas Island
19.0,RAI,7,Alfa Romeo Racing,18.0,2021,22,Yas Island,18.0,7,Alfa Romeo Racing,Yas Island
,MAZ,9,Haas F1 Team,,2021,22,Yas Island,20.0,9,Haas F1 Team,Yas Island
1.0,LEC,16,Ferrari,1.0,2022,1,Sakhir,1.0,16,Ferrari,Sakhir
2.0,SAI,55,Ferrari,3.0,2022,1,Sakhir,3.0,55,Ferrari,Sakhir
3.0,HAM,44,Mercedes,5.0,2022,1,Sakhir,5.0,44,Mercedes,Sakhir
4.0,RUS,63,Mercedes,9.0,2022,1,Sakhir,9.0,63,Mercedes,Sakhir
5.0,MAG,20,Haas F1 Team,7.0,2022,1,Sakhir,7.0,20,Haas F1 Team,Sakhir
6.0,BOT,77,Alfa Romeo,6.0,2022,1,Sakhir,6.0,77,Alfa Romeo,Sakhir
7.0,OCO,31,Alpine,11.0,2022,1,Sakhir,11.0,31,Alpine,Sakhir
8.0,TSU,22,AlphaTauri,16.0,2022,1,Sakhir,16.0,22,AlphaTauri,Sakhir
9.0,ALO,14,Alpine,8.0,2022,1,Sakhir,8.0,14,Alpine,Sakhir
10.0,ZHO,24,Alfa Romeo,15.0,2022,1,Sakhir,15.0,24,Alfa Romeo,Sakhir
11.0,MSC,47,Haas F1 Team,12.0,2022,1,Sakhir,12.0,47,Haas F1 Team,Sakhir
12.0,STR,18,Aston Martin,19.0,2022,1,Sakhir,19.0,18,Aston Martin,Sakhir
13.0,ALB,23,Williams,14.0,2022,1,Sakhir,14.0,23,Williams,Sakhir
14.0,RIC,3,McLaren,18.0,2022,1,Sakhir,18.0,3,McLaren,Sakhir
15.0,NOR,4,McLaren,13.0,2022,1,Sakhir,13.0,4,McLaren,Sakhir
16.0,LAT,6,Williams,20.0,2022,1,Sakhir,20.0,6,Williams,Sakhir
17.0,HUL,27,Aston Martin,17.0,2022,1,Sakhir,17.0,27,Aston Martin,Sakhir
18.0,PER,11,Red Bull Racing,4.0,2022,1,Sakhir,4.0,11,Red Bull Racing,Sakhir
19.0,VER,1,Red Bull Racing,2.0,2022,1,Sakhir,2.0,1,Red Bull Racing,Sakhir
20.0,GAS,10,AlphaTauri,10.0,2022,1,Sakhir,10.0,10,AlphaTauri,Sakhir
1.0,VER,1,Red Bull Racing,4.0,2022,2,Jeddah,4.0,1,Red Bull Racing,Jeddah
2.0,LEC,16,Ferrari,2.0,2022,2,Jeddah,2.0,16,Ferrari,Jeddah
3.0,SAI,55,Ferrari,3.0,2022,2,Jeddah,3.0,55,Ferrari,Jeddah
4.0,PER,11,Red Bull Racing,1.0,2022,2,Jeddah,1.0,11,Red Bull Racing,Jeddah
5.0,RUS,63,Mercedes,6.0,2022,2,Jeddah,6.0,63,Mercedes,Jeddah
6.0,OCO,31,Alpine,5.0,2022,2,Jeddah,5.0,31,Alpine,Jeddah
7.0,NOR,4,McLaren,11.0,2022,2,Jeddah,11.0,4,McLaren,Jeddah
8.0,GAS,10,AlphaTauri,9.0,2022,2,Jeddah,9.0,10,AlphaTauri,Jeddah
9.0,MAG,20,Haas F1 Team,10.0,2022,2,Jeddah,10.0,20,Haas F1 Team,Jeddah
10.0,HAM,44,Mercedes,15.0,2022,2,Jeddah,16.0,44,Mercedes,Jeddah
11.0,ZHO,24,Alfa Romeo,12.0,2022,2,Jeddah,13.0,24,Alfa Romeo,Jeddah
12.0,HUL,27,Aston Martin,17.0,2022,2,Jeddah,18.0,27,Aston Martin,Jeddah
13.0,STR,18,Aston Martin,13.0,2022,2,Jeddah,15.0,18,Aston Martin,Jeddah
14.0,ALB,23,Williams,16.0,2022,2,Jeddah,17.0,23,Williams,Jeddah
15.0,BOT,77,Alfa Romeo,8.0,2022,2,Jeddah,8.0,77,Alfa Romeo,Jeddah
16.0,ALO,14,Alpine,7.0,2022,2,Jeddah,7.0,14,Alpine,Jeddah
17.0,RIC,3,McLaren,14.0,2022,2,Jeddah,12.0,3,McLaren,Jeddah
18.0,LAT,6,Williams,18.0,2022,2,Jeddah,19.0,6,Williams,Jeddah
19.0,TSU,22,AlphaTauri,19.0,2022,2,Jeddah,20.0,22,AlphaTauri,Jeddah
,MSC,47,Haas F1 Team,,2022,2,Jeddah,14.0,47,Haas F1 Team,Jeddah
1.0,LEC,16,Ferrari,1.0,2022,3,Melbourne,1.0,16,Ferrari,Melbourne
2.0,PER,11,Red Bull Racing,3.0,2022,3,Melbourne,3.0,11,Red Bull Racing,Melbourne
3.0,RUS,63,Mercedes,6.0,2022,3,Melbourne,6.0,63,Mercedes,Melbourne
4.0,HAM,44,Mercedes,5.0,2022,3,Melbourne,5.0,44,Mercedes,Melbourne
5.0,NOR,4,McLaren,4.0,2022,3,Melbourne,4.0,4,McLaren,Melbourne
6.0,RIC,3,McLaren,7.0,2022,3,Melbourne,7.0,3,McLaren,Melbourne
7.0,OCO,31,Alpine,8.0,2022,3,Melbourne,8.0,31,Alpine,Melbourne
8.0,BOT,77,Alfa Romeo,12.0,2022,3,Melbourne,12.0,77,Alfa Romeo,Melbourne
9.0,GAS,10,AlphaTauri,11.0,2022,3,Melbourne,11.0,10,AlphaTauri,Melbourne
10.0,ALB,23,Williams,20.0,2022,3,Melbourne,16.0,23,Williams,Melbourne
11.0,ZHO,24,Alfa Romeo,14.0,2022,3,Melbourne,14.0,24,Alfa Romeo,Melbourne
12.0,STR,18,Aston Martin,19.0,2022,3,Melbourne,20.0,18,Aston Martin,Melbourne
13.0,MSC,47,Haas F1 Team,15.0,2022,3,Melbourne,15.0,47,Haas F1 Team,Melbourne
14.0,MAG,20,Haas F1 Team,16.0,2022,3,Melbourne,17.0,20,Haas F1 Team,Melbourne
15.0,TSU,22,AlphaTauri,13.0,2022,3,Melbourne,13.0,22,AlphaTauri,Melbourne
16.0,LAT,6,Williams,18.0,2022,3,Melbourne,19.0,6,Williams,Melbourne
17.0,ALO,14,Alpine,10.0,2022,3,Melbourne,10.0,14,Alpine,Melbourne
18.0,VER,1,Red Bull Racing,2.0,2022,3,Melbourne,2.0,1,Red Bull Racing,Melbourne
19.0,VET,5,Aston Martin,17.0,2022,3,Melbourne,18.0,5,Aston Martin,Melbourne
20.0,SAI,55,Ferrari,9.0,2022,3,Melbourne,9.0,55,Ferrari,Melbourne
1.0,VER,1,Red Bull Racing,1.0,2022,4,Imola,1.0,1,Red Bull Racing,Imola
2.0,PER,11,Red Bull Racing,3.0,2022,4,Imola,7.0,11,Red Bull Racing,Imola
3.0,NOR,4,McLaren,5.0,2022,4,Imola,3.0,4,McLaren,Imola
4.0,RUS,63,Mercedes,11.0,2022,4,Imola,11.0,63,Mercedes,Imola
5.0,BOT,77,Alfa Romeo,7.0,2022,4,Imola,8.0,77,Alfa Romeo,Imola
6.0,LEC,16,Ferrari,2.0,2022,4,Imola,2.0,16,Ferrari,Imola
7.0,TSU,22,AlphaTauri,12.0,2022,4,Imola,16.0,22,AlphaTauri,Imola
8.0,VET,5,Aston Martin,13.0,2022,4,Imola,9.0,5,Aston Martin,Imola
9.0,MAG,20,Haas F1 Team,8.0,2022,4,Imola,4.0,20,Haas F1 Team,Imola
10.0,STR,18,Aston Martin,15.0,2022,4,Imola,15.0,18,Aston Martin,Imola
11.0,ALB,23,Williams,18.0,2022,4,Imola,20.0,23,Williams,Imola
12.0,GAS,10,AlphaTauri,17.0,2022,4,Imola,17.0,10,AlphaTauri,Imola
13.0,HAM,44,Mercedes,14.0,2022,4,Imola,13.0,44,Mercedes,Imola
14.0,OCO,31,Alpine,16.0,2022,4,Imola,19.0,31,Alpine,Imola
15.0,ZHO,24,Alfa Romeo,0.0,2022,4,Imola,14.0,24,Alfa Romeo,Imola
16.0,LAT,6,Williams,19.0,2022,4,Imola,18.0,6,Williams,Imola
17.0,MSC,47,Haas F1 Team,10.0,2022,4,Imola,12.0,47,Haas F1 Team,Imola
18.0,RIC,3,McLaren,6.0,2022,4,Imola,6.0,3,McLaren,Imola
19.0,ALO,14,Alpine,9.0,2022,4,Imola,5.0,14,Alpine,Imola
20.0,SAI,55,Ferrari,4.0,2022,4,Imola,10.0,55,Ferrari,Imola
1.0,VER,1,Red Bull Racing,3.0,2022,5,Miami,3.0,1,Red Bull Racing,Miami
2.0,LEC,16,Ferrari,1.0,2022,5,Miami,1.0,16,Ferrari,Miami
3.0,SAI,55,Ferrari,2.0,2022,5,Miami,2.0,55,Ferrari,Miami
4.0,PER,11,Red Bull Racing,4.0,2022,5,Miami,4.0,11,Red Bull Racing,Miami
5.0,RUS,63,Mercedes,12.0,2022,5,Miami,12.0,63,Mercedes,Miami
6.0,HAM,44,Mercedes,6.0,2022,5,Miami,6.0,44,Mercedes,Miami
7.0,BOT,77,Alfa Romeo,5.0,2022,5,Miami,5.0,77,Alfa Romeo,Miami
8.0,OCO,31,Alpine,20.0,2022,5,Miami,20.0,31,Alpine,Miami
9.0,ALB,23,Williams,18.0,2022,5,Miami,18.0,23,Williams,Miami
10.0,STR,18,Aston Martin,0.0,2022,5,Miami,10.0,18,Aston Martin,Miami
11.0,ALO,14,Alpine,11.0,2022,5,Miami,11.0,14,Alpine,Miami
12.0,TSU,22,AlphaTauri,9.0,2022,5,Miami,9.0,22,AlphaTauri,Miami
13.0,RIC,3,McLaren,14.0,2022,5,Miami,14.0,3,McLaren,Miami
14.0,LAT,6,Williams,19.0,2022,5,Miami,19.0,6,Williams,Miami
15.0,MSC,47,Haas F1 Team,15.0,2022,5,Miami,15.0,47,Haas F1 Team,Miami
16.0,MAG,20,Haas F1 Team,16.0,2022,5,Miami,16.0,20,Haas F1 Team,Miami
17.0,VET,5,Aston Martin,0.0,2022,5,Miami,13.0,5,Aston Martin,Miami
18.0,GAS,10,AlphaTauri,7.0,2022,5,Miami,7.0,10,AlphaTauri,Miami
19.0,NOR,4,McLaren,8.0,2022,5,Miami,8.0,4,McLaren,Miami
20.0,ZHO,24,Alfa Romeo,17.0,2022,5,Miami,17.0,24,Alfa Romeo,Miami
1.0,VER,1,Red Bull Racing,2.0,2022,6,Barcelona,2.0,1,Red Bull Racing,Barcelona
2.0,PER,11,Red Bull Racing,5.0,2022,6,Barcelona,5.0,11,Red Bull Racing,Barcelona
3.0,RUS,63,Mercedes,4.0,2022,6,Barcelona,4.0,63,Mercedes,Barcelona
4.0,SAI,55,Ferrari,3.0,2022,6,Barcelona,3.0,55,Ferrari,Barcelona
5.0,HAM,44,Mercedes,6.0,2022,6,Barcelona,6.0,44,Mercedes,Barcelona
6.0,BOT,77,Alfa Romeo,7.0,2022,6,Barcelona,7.0,77,Alfa Romeo,Barcelona
7.0,OCO,31,Alpine,12.0,2022,6,Barcelona,12.0,31,Alpine,Barcelona
8.0,NOR,4,McLaren,11.0,2022,6,Barcelona,11.0,4,McLaren,Barcelona
9.0,ALO,14,Alpine,20.0,2022,6,Barcelona,17.0,14,Alpine,Barcelona
10.0,TSU,22,AlphaTauri,13.0,2022,6,Barcelona,13.0,22,AlphaTauri,Barcelona
11.0,VET,5,Aston Martin,16.0,2022,6,Barcelona,16.0,5,Aston Martin,Barcelona
12.0,RIC,3,McLaren,9.0,2022,6,Barcelona,9.0,3,McLaren,Barcelona
13.0,GAS,10,AlphaTauri,14.0,2022,6,Barcelona,14.0,10,AlphaTauri,Barcelona
14.0,MSC,47,Haas F1 Team,10.0,2022,6,Barcelona,10.0,47,Haas F1 Team,Barcelona
15.0,STR,18,Aston Martin,17.0,2022,6,Barcelona,18.0,18,Aston Martin,Barcelona
16.0,LAT,6,Williams,19.0,2022,6,Barcelona,20.0,6,Williams,Barcelona
17.0,MAG,20,Haas F1 Team,8.0,2022,6,Barcelona,8.0,20,Haas F1 Team,Barcelona
18.0,ALB,23,Williams,18.0,2022,6,Barcelona,19.0,23,Williams,Barcelona
19.0,ZHO,24,Alfa Romeo,15.0,2022,6,Barcelona,15.0,24,Alfa Romeo,Barcelona
20.0,LEC,16,Ferrari,1.0,2022,6,Barcelona,1.0,16,Ferrari,Barcelona
1.0,PER,11,Red Bull Racing,3.0,2022,7,Monaco,3.0,11,Red Bull Racing,Monaco
2.0,SAI,55,Ferrari,2.0,2022,7,Monaco,2.0,55,Ferrari,Monaco
3.0,VER,1,Red Bull Racing,4.0,2022,7,Monaco,4.0,1,Red Bull Racing,Monaco
4.0,LEC,16,Ferrari,1.0,2022,7,Monaco,1.0,16,Ferrari,Monaco
5.0,RUS,63,Mercedes,6.0,2022,7,Monaco,6.0,63,Mercedes,Monaco
6.0,NOR,4,McLaren,5.0,2022,7,Monaco,5.0,4,McLaren,Monaco
7.0,ALO,14,Alpine,7.0,2022,7,Monaco,7.0,14,Alpine,Monaco
8.0,HAM,44,Mercedes,8.0,2022,7,Monaco,8.0,44,Mercedes,Monaco
9.0,BOT,77,Alfa Romeo,12.0,2022,7,Monaco,12.0,77,Alfa Romeo,Monaco
10.0,VET,5,Aston Martin,9.0,2022,7,Monaco,9.0,5,Aston Martin,Monaco
11.0,GAS,10,AlphaTauri,17.0,2022,7,Monaco,17.0,10,AlphaTauri,Monaco
12.0,OCO,31,Alpine,10.0,2022,7,Monaco,10.0,31,Alpine,Monaco
13.0,RIC,3,McLaren,14.0,2022,7,Monaco,14.0,3,McLaren,Monaco
14.0,STR,18,Aston Martin,18.0,2022,7,Monaco,18.0,18,Aston Martin,Monaco
15.0,LAT,6,Williams,19.0,2022,7,Monaco,19.0,6,Williams,Monaco
16.0,ZHO,24,Alfa Romeo,20.0,2022,7,Monaco,20.0,24,Alfa Romeo,Monaco
17.0,TSU,22,AlphaTauri,11.0,2022,7,Monaco,11.0,22,AlphaTauri,Monaco
18.0,ALB,23,Williams,16.0,2022,7,Monaco,16.0,23,Williams,Monaco
19.0,MSC,47,Haas F1 Team,15.0,2022,7,Monaco,15.0,47,Haas F1 Team,Monaco
20.0,MAG,20,Haas F1 Team,13.0,2022,7,Monaco,13.0,20,Haas F1 Team,Monaco
1.0,VER,1,Red Bull Racing,3.0,2022,8,Baku,3.0,1,Red Bull Racing,Baku
2.0,PER,11,Red Bull Racing,2.0,2022,8,Baku,2.0,11,Red Bull Racing,Baku
3.0,RUS,63,Mercedes,5.0,2022,8,Baku,5.0,63,Mercedes,Baku
4.0,HAM,44,Mercedes,7.0,2022,8,Baku,7.0,44,Mercedes,Baku
5.0,GAS,10,AlphaTauri,6.0,2022,8,Baku,6.0,10,AlphaTauri,Baku
6.0,VET,5,Aston Martin,9.0,2022,8,Baku,9.0,5,Aston Martin,Baku
7.0,ALO,14,Alpine,10.0,2022,8,Baku,10.0,14,Alpine,Baku
8.0,RIC,3,McLaren,12.0,2022,8,Baku,12.0,3,McLaren,Baku
9.0,NOR,4,McLaren,11.0,2022,8,Baku,11.0,4,McLaren,Baku
10.0,OCO,31,Alpine,13.0,2022,8,Baku,13.0,31,Alpine,Baku
11.0,BOT,77,Alfa Romeo,15.0,2022,8,Baku,15.0,77,Alfa Romeo,Baku
12.0,ALB,23,Williams,17.0,2022,8,Baku,17.0,23,Williams,Baku
13.0,TSU,22,AlphaTauri,8.0,2022,8,Baku,8.0,22,AlphaTauri,Baku
14.0,MSC,47,Haas F1 Team,20.0,2022,8,Baku,20.0,47,Haas F1 Team,Baku
15.0,LAT,6,Williams,18.0,2022,8,Baku,18.0,6,Williams,Baku
16.0,STR,18,Aston Martin,19.0,2022,8,Baku,19.0,18,Aston Martin,Baku
17.0,MAG,20,Haas F1 Team,16.0,2022,8,Baku,16.0,20,Haas F1 Team,Baku
18.0,ZHO,24,Alfa Romeo,14.0,2022,8,Baku,14.0,24,Alfa Romeo,Baku
19.0,LEC,16,Ferrari,1.0,2022,8,Baku,1.0,16,Ferrari,Baku
20.0,SAI,55,Ferrari,4.0,2022,8,Baku,4.0,55,Ferrari,Baku
1.0,VER,1,Red Bull Racing,1.0,2022,9,Montréal,1.0,1,Red Bull Racing,Montréal
2.0,SAI,55,Ferrari,3.0,2022,9,Montréal,3.0,55,Ferrari,Montréal
3.0,HAM,44,Mercedes,4.0,2022,9,Montréal,4.0,44,Mercedes,Montréal
4.0,RUS,63,Mercedes,8.0,2022,9,Montréal,8.0,63,Mercedes,Montréal
5.0,LEC,16,Ferrari,19.0,2022,9,Montréal,15.0,16,Ferrari,Montréal
6.0,OCO,31,Alpine,7.0,2022,9,Montréal,7.0,31,Alpine,Montréal
7.0,BOT,77,Alfa Romeo,11.0,2022,9,Montréal,11.0,77,Alfa Romeo,Montréal
8.0,ZHO,24,Alfa Romeo,10.0,2022,9,Montréal,10.0,24,Alfa Romeo,Montréal
9.0,ALO,14,Alpine,2.0,2022,9,Montréal,2.0,14,Alpine,Montréal
10.0,STR,18,Aston Martin,17.0,2022,9,Montréal,18.0,18,Aston Martin,Montréal
11.0,RIC,3,McLaren,9.0,2022,9,Montréal,9.0,3,McLaren,Montréal
12.0,VET,5,Aston Martin,16.0,2022,9,Montréal,17.0,5,Aston Martin,Montréal
13.0,ALB,23,Williams,12.0,2022,9,Montréal,12.0,23,Williams,Montréal
14.0,GAS,10,AlphaTauri,15.0,2022,9,Montréal,16.0,10,AlphaTauri,Montréal
15.0,NOR,4,McLaren,14.0,2022,9,Montréal,14.0,4,McLaren,Montréal
16.0,LAT,6,Williams,18.0,2022,9,Montréal,19.0,6,Williams,Montréal
17.0,MAG,20,Haas F1 Team,5.0,2022,9,Montréal,5.0,20,Haas F1 Team,Montréal
18.0,TSU,22,AlphaTauri,20.0,2022,9,Montréal,20.0,22,AlphaTauri,Montréal
19.0,MSC,47,Haas F1 Team,6.0,2022,9,Montréal,6.0,47,Haas F1 Team,Montréal
20.0,PER,11,Red Bull Racing,13.0,2022,9,Montréal,13.0,11,Red Bull Racing,Montréal
1.0,SAI,55,Ferrari,1.0,2022,10,Silverstone,1.0,55,Ferrari,Silverstone
2.0,PER,11,Red Bull Racing,4.0,2022,10,Silverstone,4.0,11,Red Bull Racing,Silverstone
3.0,HAM,44,Mercedes,5.0,2022,10,Silverstone,5.0,44,Mercedes,Silverstone
4.0,LEC,16,Ferrari,3.0,2022,10,Silverstone,3.0,16,Ferrari,Silverstone
5.0,ALO,14,Alpine,7.0,2022,10,Silverstone,7.0,14,Alpine,Silverstone
6.0,NOR,4,McLaren,6.0,2022,10,Silverstone,6.0,4,McLaren,Silverstone
7.0,VER,1,Red Bull Racing,2.0,2022,10,Silverstone,2.0,1,Red Bull Racing,Silverstone
8.0,MSC,47,Haas F1 Team,19.0,2022,10,Silverstone,19.0,47,Haas F1 Team,Silverstone
9.0,VET,5,Aston Martin,18.0,2022,10,Silverstone,18.0,5,Aston Martin,Silverstone
10.0,MAG,20,Haas F1 Team,17.0,2022,10,Silverstone,17.0,20,Haas F1 Team,Silverstone
11.0,STR,18,Aston Martin,20.0,2022,10,Silverstone,20.0,18,Aston Martin,Silverstone
12.0,LAT,6,Williams,10.0,2022,10,Silverstone,10.0,6,Williams,Silverstone
13.0,RIC,3,McLaren,14.0,2022,10,Silverstone,14.0,3,McLaren,Silverstone
14.0,TSU,22,AlphaTauri,13.0,2022,10,Silverstone,13.0,22,AlphaTauri,Silverstone
15.0,OCO,31,Alpine,15.0,2022,10,Silverstone,15.0,31,Alpine,Silverstone
16.0,GAS,10,AlphaTauri,11.0,2022,10,Silverstone,11.0,10,AlphaTauri,Silverstone
17.0,BOT,77,Alfa Romeo,12.0,2022,10,Silverstone,12.0,77,Alfa Romeo,Silverstone
18.0,RUS,63,Mercedes,8.0,2022,10,Silverstone,8.0,63,Mercedes,Silverstone
19.0,ZHO,24,Alfa Romeo,9.0,2022,10,Silverstone,9.0,24,Alfa Romeo,Silverstone
20.0,ALB,23,Williams,16.0,2022,10,Silverstone,16.0,23,Williams,Silverstone
1.0,LEC,16,Ferrari,2.0,2022,11,Spielberg,2.0,16,Ferrari,Spielberg
2.0,VER,1,Red Bull Racing,1.0,2022,11,Spielberg,1.0,1,Red Bull Racing,Spielberg
3.0,HAM,44,Mercedes,8.0,2022,11,Spielberg,9.0,44,Mercedes,Spielberg
4.0,RUS,63,Mercedes,4.0,2022,11,Spielberg,4.0,63,Mercedes,Spielberg
5.0,OCO,31,Alpine,6.0,2022,11,Spielberg,5.0,31,Alpine,Spielberg
6.0,MSC,47,Haas F1 Team,9.0,2022,11,Spielberg,7.0,47,Haas F1 Team,Spielberg
7.0,NOR,4,McLaren,10.0,2022,11,Spielberg,15.0,4,McLaren,Spielberg
8.0,MAG,20,Haas F1 Team,7.0,2022,11,Spielberg,6.0,20,Haas F1 Team,Spielberg
9.0,RIC,3,McLaren,11.0,2022,11,Spielberg,16.0,3,McLaren,Spielberg
10.0,ALO,14,Alpine,19.0,2022,11,Spielberg,8.0,14,Alpine,Spielberg
11.0,BOT,77,Alfa Romeo,0.0,2022,11,Spielberg,12.0,77,Alfa Romeo,Spielberg
12.0,ALB,23,Williams,15.0,2022,11,Spielberg,11.0,23,Williams,Spielberg
13.0,STR,18,Aston Martin,12.0,2022,11,Spielberg,17.0,18,Aston Martin,Spielberg
14.0,ZHO,24,Alfa Romeo,13.0,2022,11,Spielberg,18.0,24,Alfa Romeo,Spielberg
15.0,GAS,10,AlphaTauri,14.0,2022,11,Spielberg,10.0,10,AlphaTauri,Spielberg
16.0,TSU,22,AlphaTauri,16.0,2022,11,Spielberg,14.0,22,AlphaTauri,Spielberg
17.0,VET,5,Aston Martin,18.0,2022,11,Spielberg,20.0,5,Aston Martin,Spielberg
18.0,SAI,55,Ferrari,3.0,2022,11,Spielberg,3.0,55,Ferrari,Spielberg
19.0,LAT,6,Williams,17.0,2022,11,Spielberg,19.0,6,Williams,Spielberg
20.0,PER,11,Red Bull Racing,5.0,2022,11,Spielberg,13.0,11,Red Bull Racing,Spielberg
1.0,VER,1,Red Bull Racing,2.0,2022,12,Le Castellet,2.0,1,Red Bull Racing,Le Castellet
2.0,HAM,44,Mercedes,4.0,2022,12,Le Castellet,4.0,44,Mercedes,Le Castellet
3.0,RUS,63,Mercedes,6.0,2022,12,Le Castellet,6.0,63,Mercedes,Le Castellet
4.0,PER,11,Red Bull Racing,3.0,2022,12,Le Castellet,3.0,11,Red Bull Racing,Le Castellet
5.0,SAI,55,Ferrari,19.0,2022,12,Le Castellet,9.0,55,Ferrari,Le Castellet
6.0,ALO,14,Alpine,7.0,2022,12,Le Castellet,7.0,14,Alpine,Le Castellet
7.0,NOR,4,McLaren,5.0,2022,12,Le Castellet,5.0,4,McLaren,Le Castellet
8.0,OCO,31,Alpine,10.0,2022,12,Le Castellet,12.0,31,Alpine,Le Castellet
9.0,RIC,3,McLaren,9.0,2022,12,Le Castellet,11.0,3,McLaren,Le Castellet
10.0,STR,18,Aston Martin,15.0,2022,12,Le Castellet,17.0,18,Aston Martin,Le Castellet
11.0,VET,5,Aston Martin,12.0,2022,12,Le Castellet,14.0,5,Aston Martin,Le Castellet
12.0,GAS,10,AlphaTauri,14.0,2022,12,Le Castellet,16.0,10,AlphaTauri,Le Castellet
13.0,ALB,23,Williams,13.0,2022,12,Le Castellet,15.0,23,Williams,Le Castellet
14.0,BOT,77,Alfa Romeo,11.0,2022,12,Le Castellet,13.0,77,Alfa Romeo,Le Castellet
15.0,MSC,47,Haas F1 Team,17.0,2022,12,Le Castellet,19.0,47,Haas F1 Team,Le Castellet
16.0,ZHO,24,Alfa Romeo,16.0,2022,12,Le Castellet,18.0,24,Alfa Romeo,Le Castellet
17.0,LAT,6,Williams,18.0,2022,12,Le Castellet,20.0,6,Williams,Le Castellet
18.0,MAG,20,Haas F1 Team,20.0,2022,12,Le Castellet,10.0,20,Haas F1 Team,Le Castellet
19.0,LEC,16,Ferrari,1.0,2022,12,Le Castellet,1.0,16,Ferrari,Le Castellet
20.0,TSU,22,AlphaTauri,8.0,2022,12,Le Castellet,8.0,22,AlphaTauri,Le Castellet
1.0,VER,1,Red Bull Racing,10.0,2022,13,Budapest,10.0,1,Red Bull Racing,Budapest
2.0,HAM,44,Mercedes,7.0,2022,13,Budapest,7.0,44,Mercedes,Budapest
3.0,RUS,63,Mercedes,1.0,2022,13,Budapest,1.0,63,Mercedes,Budapest
4.0,SAI,55,Ferrari,2.0,2022,13,Budapest,2.0,55,Ferrari,Budapest
5.0,PER,11,Red Bull Racing,11.0,2022,13,Budapest,11.0,11,Red Bull Racing,Budapest
6.0,LEC,16,Ferrari,3.0,2022,13,Budapest,3.0,16,Ferrari,Budapest
7.0,NOR,4,McLaren,4.0,2022,13,Budapest,4.0,4,McLaren,Budapest
8.0,ALO,14,Alpine,6.0,2022,13,Budapest,6.0,14,Alpine,Budapest
9.0,OCO,31,Alpine,5.0,2022,13,Budapest,5.0,31,Alpine,Budapest
10.0,VET,5,Aston Martin,18.0,2022,13,Budapest,18.0,5,Aston Martin,Budapest
11.0,STR,18,Aston Martin,14.0,2022,13,Budapest,14.0,18,Aston Martin,Budapest
12.0,GAS,10,AlphaTauri,0.0,2022,13,Budapest,19.0,10,AlphaTauri,Budapest
13.0,ZHO,24,Alfa Romeo,12.0,2022,13,Budapest,12.0,24,Alfa Romeo,Budapest
14.0,MSC,47,Haas F1 Team,15.0,2022,13,Budapest,15.0,47,Haas F1 Team,Budapest
15.0,RIC,3,McLaren,9.0,2022,13,Budapest,9.0,3,McLaren,Budapest
16.0,MAG,20,Haas F1 Team,13.0,2022,13,Budapest,13.0,20,Haas F1 Team,Budapest
17.0,ALB,23,Williams,17.0,2022,13,Budapest,17.0,23,Williams,Budapest
18.0,LAT,6,Williams,19.0,2022,13,Budapest,20.0,6,Williams,Budapest
19.0,TSU,22,AlphaTauri,16.0,2022,13,Budapest,16.0,22,AlphaTauri,Budapest
20.0,BOT,77,Alfa Romeo,8.0,2022,13,Budapest,8.0,77,Alfa Romeo,Budapest
1.0,VER,1,Red Bull Racing,14.0,2022,14,Spa-Francorchamps,1.0,1,Red Bull Racing,Spa-Francorchamps
2.0,PER,11,Red Bull Racing,2.0,2022,14,Spa-Francorchamps,3.0,11,Red Bull Racing,Spa-Francorchamps
3.0,SAI,55,Ferrari,1.0,2022,14,Spa-Francorchamps,2.0,55,Ferrari,Spa-Francorchamps
4.0,RUS,63,Mercedes,5.0,2022,14,Spa-Francorchamps,8.0,63,Mercedes,Spa-Francorchamps
5.0,ALO,14,Alpine,3.0,2022,14,Spa-Francorchamps,6.0,14,Alpine,Spa-Francorchamps
6.0,LEC,16,Ferrari,15.0,2022,14,Spa-Francorchamps,4.0,16,Ferrari,Spa-Francorchamps
7.0,OCO,31,Alpine,16.0,2022,14,Spa-Francorchamps,5.0,31,Alpine,Spa-Francorchamps
8.0,VET,5,Aston Martin,10.0,2022,14,Spa-Francorchamps,16.0,5,Aston Martin,Spa-Francorchamps
9.0,GAS,10,AlphaTauri,0.0,2022,14,Spa-Francorchamps,12.0,10,AlphaTauri,Spa-Francorchamps
10.0,ALB,23,Williams,6.0,2022,14,Spa-Francorchamps,9.0,23,Williams,Spa-Francorchamps
11.0,STR,18,Aston Martin,9.0,2022,14,Spa-Francorchamps,14.0,18,Aston Martin,Spa-Francorchamps
12.0,NOR,4,McLaren,17.0,2022,14,Spa-Francorchamps,10.0,4,McLaren,Spa-Francorchamps
13.0,TSU,22,AlphaTauri,0.0,2022,14,Spa-Francorchamps,19.0,22,AlphaTauri,Spa-Francorchamps
14.0,ZHO,24,Alfa Romeo,18.0,2022,14,Spa-Francorchamps,13.0,24,Alfa Romeo,Spa-Francorchamps
15.0,RIC,3,McLaren,7.0,2022,14,Spa-Francorchamps,11.0,3,McLaren,Spa-Francorchamps
16.0,MAG,20,Haas F1 Team,12.0,2022,14,Spa-Francorchamps,18.0,20,Haas F1 Team,Spa-Francorchamps
17.0,MSC,47,Haas F1 Team,19.0,2022,14,Spa-Francorchamps,15.0,47,Haas F1 Team,Spa-Francorchamps
18.0,LAT,6,Williams,11.0,2022,14,Spa-Francorchamps,17.0,6,Williams,Spa-Francorchamps
19.0,BOT,77,Alfa Romeo,13.0,2022,14,Spa-Francorchamps,20.0,77,Alfa Romeo,Spa-Francorchamps
20.0,HAM,44,Mercedes,4.0,2022,14,Spa-Francorchamps,7.0,44,Mercedes,Spa-Francorchamps
1.0,VER,1,Red Bull Racing,1.0,2022,15,Zandvoort,1.0,1,Red Bull Racing,Zandvoort
2.0,RUS,63,Mercedes,6.0,2022,15,Zandvoort,6.0,63,Mercedes,Zandvoort
3.0,LEC,16,Ferrari,2.0,2022,15,Zandvoort,2.0,16,Ferrari,Zandvoort
4.0,HAM,44,Mercedes,4.0,2022,15,Zandvoort,4.0,44,Mercedes,Zandvoort
5.0,PER,11,Red Bull Racing,5.0,2022,15,Zandvoort,5.0,11,Red Bull Racing,Zandvoort
6.0,ALO,14,Alpine,13.0,2022,15,Zandvoort,13.0,14,Alpine,Zandvoort
7.0,NOR,4,McLaren,7.0,2022,15,Zandvoort,7.0,4,McLaren,Zandvoort
8.0,SAI,55,Ferrari,3.0,2022,15,Zandvoort,3.0,55,Ferrari,Zandvoort
9.0,OCO,31,Alpine,12.0,2022,15,Zandvoort,12.0,31,Alpine,Zandvoort
10.0,STR,18,Aston Martin,10.0,2022,15,Zandvoort,10.0,18,Aston Martin,Zandvoort
11.0,GAS,10,AlphaTauri,11.0,2022,15,Zandvoort,11.0,10,AlphaTauri,Zandvoort
12.0,ALB,23,Williams,15.0,2022,15,Zandvoort,15.0,23,Williams,Zandvoort
13.0,MSC,47,Haas F1 Team,8.0,2022,15,Zandvoort,8.0,47,Haas F1 Team,Zandvoort
14.0,VET,5,Aston Martin,19.0,2022,15,Zandvoort,19.0,5,Aston Martin,Zandvoort
15.0,MAG,20,Haas F1 Team,18.0,2022,15,Zandvoort,18.0,20,Haas F1 Team,Zandvoort
16.0,ZHO,24,Alfa Romeo,14.0,2022,15,Zandvoort,14.0,24,Alfa Romeo,Zandvoort
17.0,RIC,3,McLaren,17.0,2022,15,Zandvoort,17.0,3,McLaren,Zandvoort
18.0,LAT,6,Williams,20.0,2022,15,Zandvoort,20.0,6,Williams,Zandvoort
19.0,BOT,77,Alfa Romeo,16.0,2022,15,Zandvoort,16.0,77,Alfa Romeo,Zandvoort
20.0,TSU,22,AlphaTauri,9.0,2022,15,Zandvoort,9.0,22,AlphaTauri,Zandvoort
1.0,VER,1,Red Bull Racing,7.0,2022,16,Monza,2.0,1,Red Bull Racing,Monza
2.0,LEC,16,Ferrari,1.0,2022,16,Monza,1.0,16,Ferrari,Monza
3.0,RUS,63,Mercedes,2.0,2022,16,Monza,6.0,63,Mercedes,Monza
4.0,SAI,55,Ferrari,18.0,2022,16,Monza,3.0,55,Ferrari,Monza
5.0,HAM,44,Mercedes,19.0,2022,16,Monza,5.0,44,Mercedes,Monza
6.0,PER,11,Red Bull Racing,13.0,2022,16,Monza,4.0,11,Red Bull Racing,Monza
7.0,NOR,4,McLaren,3.0,2022,16,Monza,7.0,4,McLaren,Monza
8.0,GAS,10,AlphaTauri,5.0,2022,16,Monza,9.0,10,AlphaTauri,Monza
9.0,DEV,45,Williams,8.0,2022,16,Monza,13.0,45,Williams,Monza
10.0,ZHO,24,Alfa Romeo,9.0,2022,16,Monza,14.0,24,Alfa Romeo,Monza
11.0,OCO,31,Alpine,14.0,2022,16,Monza,11.0,31,Alpine,Monza
12.0,MSC,47,Haas F1 Team,17.0,2022,16,Monza,20.0,47,Haas F1 Team,Monza
13.0,BOT,77,Alfa Romeo,15.0,2022,16,Monza,12.0,77,Alfa Romeo,Monza
14.0,TSU,22,AlphaTauri,20.0,2022,16,Monza,15.0,22,AlphaTauri,Monza
15.0,LAT,6,Williams,10.0,2022,16,Monza,16.0,6,Williams,Monza
16.0,MAG,20,Haas F1 Team,16.0,2022,16,Monza,19.0,20,Haas F1 Team,Monza
17.0,RIC,3,McLaren,4.0,2022,16,Monza,8.0,3,McLaren,Monza
18.0,STR,18,Aston Martin,12.0,2022,16,Monza,18.0,18,Aston Martin,Monza
19.0,ALO,14,Alpine,6.0,2022,16,Monza,10.0,14,Alpine,Monza
20.0,VET,5,Aston Martin,11.0,2022,16,Monza,17.0,5,Aston Martin,Monza
1.0,PER,11,Red Bull Racing,2.0,2022,17,Marina Bay,2.0,11,Red Bull Racing,Marina Bay
2.0,LEC,16,Ferrari,1.0,2022,17,Marina Bay,1.0,16,Ferrari,Marina Bay
3.0,SAI,55,Ferrari,4.0,2022,17,Marina Bay,4.0,55,Ferrari,Marina Bay
4.0,NOR,4,McLaren,6.0,2022,17,Marina Bay,6.0,4,McLaren,Marina Bay
5.0,RIC,3,McLaren,16.0,2022,17,Marina Bay,17.0,3,McLaren,Marina Bay
6.0,STR,18,Aston Martin,11.0,2022,17,Marina Bay,12.0,18,Aston Martin,Marina Bay
7.0,VER,1,Red Bull Racing,8.0,2022,17,Marina Bay,8.0,1,Red Bull Racing,Marina Bay
8.0,VET,5,Aston Martin,13.0,2022,17,Marina Bay,14.0,5,Aston Martin,Marina Bay
9.0,HAM,44,Mercedes,3.0,2022,17,Marina Bay,3.0,44,Mercedes,Marina Bay
10.0,GAS,10,AlphaTauri,7.0,2022,17,Marina Bay,7.0,10,AlphaTauri,Marina Bay
11.0,BOT,77,Alfa Romeo,15.0,2022,17,Marina Bay,16.0,77,Alfa Romeo,Marina Bay
12.0,MAG,20,Haas F1 Team,9.0,2022,17,Marina Bay,9.0,20,Haas F1 Team,Marina Bay
13.0,MSC,47,Haas F1 Team,12.0,2022,17,Marina Bay,13.0,47,Haas F1 Team,Marina Bay
14.0,RUS,63,Mercedes,0.0,2022,17,Marina Bay,11.0,63,Mercedes,Marina Bay
15.0,TSU,22,AlphaTauri,10.0,2022,17,Marina Bay,10.0,22,AlphaTauri,Marina Bay
16.0,OCO,31,Alpine,17.0,2022,17,Marina Bay,18.0,31,Alpine,Marina Bay
17.0,ALB,23,Williams,18.0,2022,17,Marina Bay,19.0,23,Williams,Marina Bay
18.0,ALO,14,Alpine,5.0,2022,17,Marina Bay,5.0,14,Alpine,Marina Bay
19.0,LAT,6,Williams,19.0,2022,17,Marina Bay,20.0,6,Williams,Marina Bay
20.0,ZHO,24,Alfa Romeo,14.0,2022,17,Marina Bay,15.0,24,Alfa Romeo,Marina Bay
1.0,VER,1,Red Bull Racing,1.0,2022,18,Suzuka,1.0,1,Red Bull Racing,Suzuka
2.0,PER,11,Red Bull Racing,4.0,2022,18,Suzuka,4.0,11,Red Bull Racing,Suzuka
3.0,LEC,16,Ferrari,2.0,2022,18,Suzuka,2.0,16,Ferrari,Suzuka
4.0,OCO,31,Alpine,5.0,2022,18,Suzuka,5.0,31,Alpine,Suzuka
5.0,HAM,44,Mercedes,6.0,2022,18,Suzuka,6.0,44,Mercedes,Suzuka
6.0,VET,5,Aston Martin,9.0,2022,18,Suzuka,9.0,5,Aston Martin,Suzuka
7.0,ALO,14,Alpine,7.0,2022,18,Suzuka,7.0,14,Alpine,Suzuka
8.0,RUS,63,Mercedes,8.0,2022,18,Suzuka,8.0,63,Mercedes,Suzuka
9.0,LAT,6,Williams,20.0,2022,18,Suzuka,20.0,6,Williams,Suzuka
10.0,NOR,4,McLaren,10.0,2022,18,Suzuka,10.0,4,McLaren,Suzuka
11.0,RIC,3,McLaren,11.0,2022,18,Suzuka,11.0,3,McLaren,Suzuka
12.0,STR,18,Aston Martin,19.0,2022,18,Suzuka,19.0,18,Aston Martin,Suzuka
13.0,TSU,22,AlphaTauri,13.0,2022,18,Suzuka,13.0,22,AlphaTauri,Suzuka
14.0,MAG,20,Haas F1 Team,18.0,2022,18,Suzuka,18.0,20,Haas F1 Team,Suzuka
15.0,BOT,77,Alfa Romeo,12.0,2022,18,Suzuka,12.0,77,Alfa Romeo,Suzuka
16.0,ZHO,24,Alfa Romeo,14.0,2022,18,Suzuka,14.0,24,Alfa Romeo,Suzuka
17.0,MSC,47,Haas F1 Team,15.0,2022,18,Suzuka,15.0,47,Haas F1 Team,Suzuka
18.0,GAS,10,AlphaTauri,17.0,2022,18,Suzuka,17.0,10,AlphaTauri,Suzuka
19.0,SAI,55,Ferrari,3.0,2022,18,Suzuka,3.0,55,Ferrari,Suzuka
20.0,ALB,23,Williams,16.0,2022,18,Suzuka,16.0,23,Williams,Suzuka
1.0,VER,1,Red Bull Racing,2.0,2022,19,Austin,3.0,1,Red Bull Racing,Austin
2.0,HAM,44,Mercedes,3.0,2022,19,Austin,5.0,44,Mercedes,Austin
3.0,LEC,16,Ferrari,12.0,2022,19,Austin,2.0,16,Ferrari,Austin
4.0,PER,11,Red Bull Racing,9.0,2022,19,Austin,4.0,11,Red Bull Racing,Austin
5.0,RUS,63,Mercedes,4.0,2022,19,Austin,6.0,63,Mercedes,Austin
6.0,NOR,4,McLaren,6.0,2022,19,Austin,8.0,4,McLaren,Austin
7.0,ALO,14,Alpine,14.0,2022,19,Austin,9.0,14,Alpine,Austin
8.0,VET,5,Aston Martin,10.0,2022,19,Austin,12.0,5,Aston Martin,Austin
9.0,MAG,20,Haas F1 Team,13.0,2022,19,Austin,16.0,20,Haas F1 Team,Austin
10.0,TSU,22,AlphaTauri,19.0,2022,19,Austin,15.0,22,AlphaTauri,Austin
11.0,OCO,31,Alpine,0.0,2022,19,Austin,18.0,31,Alpine,Austin
12.0,ZHO,24,Alfa Romeo,18.0,2022,19,Austin,14.0,24,Alfa Romeo,Austin
13.0,ALB,23,Williams,8.0,2022,19,Austin,11.0,23,Williams,Austin
14.0,GAS,10,AlphaTauri,11.0,2022,19,Austin,13.0,10,AlphaTauri,Austin
15.0,MSC,47,Haas F1 Team,16.0,2022,19,Austin,19.0,47,Haas F1 Team,Austin
16.0,RIC,3,McLaren,15.0,2022,19,Austin,17.0,3,McLaren,Austin
17.0,LAT,6,Williams,17.0,2022,19,Austin,20.0,6,Williams,Austin
18.0,STR,18,Aston Martin,5.0,2022,19,Austin,7.0,18,Aston Martin,Austin
19.0,BOT,77,Alfa Romeo,7.0,2022,19,Austin,10.0,77,Alfa Romeo,Austin
20.0,SAI,55,Ferrari,1.0,2022,19,Austin,1.0,55,Ferrari,Austin
1.0,VER,1,Red Bull Racing,1.0,2022,20,Mexico City,1.0,1,Red Bull Racing,Mexico City
2.0,HAM,44,Mercedes,3.0,2022,20,Mexico City,3.0,44,Mercedes,Mexico City
3.0,PER,11,Red Bull Racing,4.0,2022,20,Mexico City,4.0,11,Red Bull Racing,Mexico City
4.0,RUS,63,Mercedes,2.0,2022,20,Mexico City,2.0,63,Mercedes,Mexico City
5.0,SAI,55,Ferrari,5.0,2022,20,Mexico City,5.0,55,Ferrari,Mexico City
6.0,LEC,16,Ferrari,7.0,2022,20,Mexico City,7.0,16,Ferrari,Mexico City
7.0,RIC,3,McLaren,11.0,2022,20,Mexico City,11.0,3,McLaren,Mexico City
8.0,OCO,31,Alpine,10.0,2022,20,Mexico City,10.0,31,Alpine,Mexico City
9.0,NOR,4,McLaren,8.0,2022,20,Mexico City,8.0,4,McLaren,Mexico City
10.0,BOT,77,Alfa Romeo,6.0,2022,20,Mexico City,6.0,77,Alfa Romeo,Mexico City
11.0,GAS,10,AlphaTauri,14.0,2022,20,Mexico City,14.0,10,AlphaTauri,Mexico City
12.0,ALB,23,Williams,17.0,2022,20,Mexico City,19.0,23,Williams,Mexico City
13.0,ZHO,24,Alfa Romeo,12.0,2022,20,Mexico City,12.0,24,Alfa Romeo,Mexico City
14.0,VET,5,Aston Martin,16.0,2022,20,Mexico City,17.0,5,Aston Martin,Mexico City
15.0,STR,18,Aston Martin,20.0,2022,20,Mexico City,18.0,18,Aston Martin,Mexico City
16.0,MSC,47,Haas F1 Team,15.0,2022,20,Mexico City,16.0,47,Haas F1 Team,Mexico City
17.0,MAG,20,Haas F1 Team,19.0,2022,20,Mexico City,15.0,20,Haas F1 Team,Mexico City
18.0,LAT,6,Williams,18.0,2022,20,Mexico City,20.0,6,Williams,Mexico City
19.0,ALO,14,Alpine,9.0,2022,20,Mexico City,9.0,14,Alpine,Mexico City
20.0,TSU,22,AlphaTauri,13.0,2022,20,Mexico City,13.0,22,AlphaTauri,Mexico City
1.0,RUS,63,Mercedes,1.0,2022,21,São Paulo,3.0,63,Mercedes,São Paulo
2.0,HAM,44,Mercedes,2.0,2022,21,São Paulo,8.0,44,Mercedes,São Paulo
3.0,SAI,55,Ferrari,7.0,2022,21,São Paulo,5.0,55,Ferrari,São Paulo
4.0,LEC,16,Ferrari,5.0,2022,21,São Paulo,10.0,16,Ferrari,São Paulo
5.0,ALO,14,Alpine,17.0,2022,21,São Paulo,7.0,14,Alpine,São Paulo
6.0,VER,1,Red Bull Racing,3.0,2022,21,São Paulo,2.0,1,Red Bull Racing,São Paulo
7.0,PER,11,Red Bull Racing,4.0,2022,21,São Paulo,9.0,11,Red Bull Racing,São Paulo
8.0,OCO,31,Alpine,16.0,2022,21,São Paulo,6.0,31,Alpine,São Paulo
9.0,BOT,77,Alfa Romeo,14.0,2022,21,São Paulo,18.0,77,Alfa Romeo,São Paulo
10.0,STR,18,Aston Martin,15.0,2022,21,São Paulo,15.0,18,Aston Martin,São Paulo
11.0,VET,5,Aston Martin,9.0,2022,21,São Paulo,13.0,5,Aston Martin,São Paulo
12.0,ZHO,24,Alfa Romeo,13.0,2022,21,São Paulo,17.0,24,Alfa Romeo,São Paulo
13.0,MSC,47,Haas F1 Team,12.0,2022,21,São Paulo,20.0,47,Haas F1 Team,São Paulo
14.0,GAS,10,AlphaTauri,10.0,2022,21,São Paulo,12.0,10,AlphaTauri,São Paulo
15.0,ALB,23,Williams,19.0,2022,21,São Paulo,11.0,23,Williams,São Paulo
16.0,LAT,6,Williams,18.0,2022,21,São Paulo,16.0,6,Williams,São Paulo
17.0,TSU,22,AlphaTauri,0.0,2022,21,São Paulo,19.0,22,AlphaTauri,São Paulo
18.0,NOR,4,McLaren,6.0,2022,21,São Paulo,4.0,4,McLaren,São Paulo
19.0,MAG,20,Haas F1 Team,8.0,2022,21,São Paulo,1.0,20,Haas F1 Team,São Paulo
20.0,RIC,3,McLaren,11.0,2022,21,São Paulo,14.0,3,McLaren,São Paulo
1.0,VER,1,Red Bull Racing,1.0,2022,22,Yas Island,1.0,1,Red Bull Racing,Yas Island
2.0,LEC,16,Ferrari,3.0,2022,22,Yas Island,3.0,16,Ferrari,Yas Island
3.0,PER,11,Red Bull Racing,2.0,2022,22,Yas Island,2.0,11,Red Bull Racing,Yas Island
4.0,SAI,55,Ferrari,4.0,2022,22,Yas Island,4.0,55,Ferrari,Yas Island
5.0,RUS,63,Mercedes,6.0,2022,22,Yas Island,6.0,63,Mercedes,Yas Island
6.0,NOR,4,McLaren,7.0,2022,22,Yas Island,7.0,4,McLaren,Yas Island
7.0,OCO,31,Alpine,8.0,2022,22,Yas Island,8.0,31,Alpine,Yas Island
8.0,STR,18,Aston Martin,14.0,2022,22,Yas Island,14.0,18,Aston Martin,Yas Island
9.0,RIC,3,McLaren,13.0,2022,22,Yas Island,10.0,3,McLaren,Yas Island
10.0,VET,5,Aston Martin,9.0,2022,22,Yas Island,9.0,5,Aston Martin,Yas Island
11.0,TSU,22,AlphaTauri,11.0,2022,22,Yas Island,12.0,22,AlphaTauri,Yas Island
12.0,ZHO,24,Alfa Romeo,15.0,2022,22,Yas Island,15.0,24,Alfa Romeo,Yas Island
13.0,ALB,23,Williams,19.0,2022,22,Yas Island,19.0,23,Williams,Yas Island
14.0,GAS,10,AlphaTauri,17.0,2022,22,Yas Island,17.0,10,AlphaTauri,Yas Island
15.0,BOT,77,Alfa Romeo,18.0,2022,22,Yas Island,18.0,77,Alfa Romeo,Yas Island
16.0,MSC,47,Haas F1 Team,12.0,2022,22,Yas Island,13.0,47,Haas F1 Team,Yas Island
17.0,MAG,20,Haas F1 Team,16.0,2022,22,Yas Island,16.0,20,Haas F1 Team,Yas Island
18.0,HAM,44,Mercedes,5.0,2022,22,Yas Island,5.0,44,Mercedes,Yas Island
19.0,LAT,6,Williams,20.0,2022,22,Yas Island,20.0,6,Williams,Yas Island
20.0,ALO,14,Alpine,10.0,2022,22,Yas Island,11.0,14,Alpine,Yas Island
1.0,VER,1,Red Bull Racing,1.0,2023,1,Sakhir,1.0,1,Red Bull Racing,Sakhir
2.0,PER,11,Red Bull Racing,2.0,2023,1,Sakhir,2.0,11,Red Bull Racing,Sakhir
3.0,ALO,14,Aston Martin,5.0,2023,1,Sakhir,5.0,14,Aston Martin,Sakhir
4.0,SAI,55,Ferrari,4.0,2023,1,Sakhir,4.0,55,Ferrari,Sakhir
5.0,HAM,44,Mercedes,7.0,2023,1,Sakhir,7.0,44,Mercedes,Sakhir
6.0,STR,18,Aston Martin,8.0,2023,1,Sakhir,8.0,18,Aston Martin,Sakhir
7.0,RUS,63,Mercedes,6.0,2023,1,Sakhir,6.0,63,Mercedes,Sakhir
8.0,BOT,77,Alfa Romeo,12.0,2023,1,Sakhir,12.0,77,Alfa Romeo,Sakhir
9.0,GAS,10,Alpine,20.0,2023,1,Sakhir,20.0,10,Alpine,Sakhir
10.0,ALB,23,Williams,15.0,2023,1,Sakhir,15.0,23,Williams,Sakhir
11.0,TSU,22,AlphaTauri,14.0,2023,1,Sakhir,14.0,22,AlphaTauri,Sakhir
12.0,SAR,2,Williams,16.0,2023,1,Sakhir,16.0,2,Williams,Sakhir
13.0,MAG,20,Haas F1 Team,17.0,2023,1,Sakhir,17.0,20,Haas F1 Team,Sakhir
14.0,DEV,21,AlphaTauri,19.0,2023,1,Sakhir,19.0,21,AlphaTauri,Sakhir
15.0,HUL,27,Haas F1 Team,10.0,2023,1,Sakhir,10.0,27,Haas F1 Team,Sakhir
16.0,ZHO,24,Alfa Romeo,13.0,2023,1,Sakhir,13.0,24,Alfa Romeo,Sakhir
17.0,NOR,4,McLaren,11.0,2023,1,Sakhir,11.0,4,McLaren,Sakhir
18.0,OCO,31,Alpine,9.0,2023,1,Sakhir,9.0,31,Alpine,Sakhir
19.0,LEC,16,Ferrari,3.0,2023,1,Sakhir,3.0,16,Ferrari,Sakhir
20.0,PIA,81,McLaren,18.0,2023,1,Sakhir,18.0,81,McLaren,Sakhir
1.0,PER,11,Red Bull Racing,1.0,2023,2,Jeddah,1.0,11,Red Bull Racing,Jeddah
2.0,VER,1,Red Bull Racing,15.0,2023,2,Jeddah,15.0,1,Red Bull Racing,Jeddah
3.0,ALO,14,Aston Martin,2.0,2023,2,Jeddah,3.0,14,Aston Martin,Jeddah
4.0,RUS,63,Mercedes,3.0,2023,2,Jeddah,4.0,63,Mercedes,Jeddah
5.0,HAM,44,Mercedes,7.0,2023,2,Jeddah,8.0,44,Mercedes,Jeddah
6.0,SAI,55,Ferrari,4.0,2023,2,Jeddah,5.0,55,Ferrari,Jeddah
7.0,LEC,16,Ferrari,12.0,2023,2,Jeddah,2.0,16,Ferrari,Jeddah
8.0,OCO,31,Alpine,6.0,2023,2,Jeddah,7.0,31,Alpine,Jeddah
9.0,GAS,10,Alpine,9.0,2023,2,Jeddah,10.0,10,Alpine,Jeddah
10.0,MAG,20,Haas F1 Team,13.0,2023,2,Jeddah,13.0,20,Haas F1 Team,Jeddah
11.0,TSU,22,AlphaTauri,16.0,2023,2,Jeddah,16.0,22,AlphaTauri,Jeddah
12.0,HUL,27,Haas F1 Team,10.0,2023,2,Jeddah,11.0,27,Haas F1 Team,Jeddah
13.0,ZHO,24,Alfa Romeo,11.0,2023,2,Jeddah,12.0,24,Alfa Romeo,Jeddah
14.0,DEV,21,AlphaTauri,18.0,2023,2,Jeddah,18.0,21,AlphaTauri,Jeddah
15.0,PIA,81,McLaren,8.0,2023,2,Jeddah,9.0,81,McLaren,Jeddah
16.0,SAR,2,Williams,20.0,2023,2,Jeddah,20.0,2,Williams,Jeddah
17.0,NOR,4,McLaren,19.0,2023,2,Jeddah,19.0,4,McLaren,Jeddah
18.0,BOT,77,Alfa Romeo,14.0,2023,2,Jeddah,14.0,77,Alfa Romeo,Jeddah
19.0,ALB,23,Williams,17.0,2023,2,Jeddah,17.0,23,Williams,Jeddah
20.0,STR,18,Aston Martin,5.0,2023,2,Jeddah,6.0,18,Aston Martin,Jeddah
1.0,VER,1,Red Bull Racing,1.0,2023,3,Melbourne,1.0,1,Red Bull Racing,Melbourne
2.0,HAM,44,Mercedes,3.0,2023,3,Melbourne,3.0,44,Mercedes,Melbourne
3.0,ALO,14,Aston Martin,4.0,2023,3,Melbourne,4.0,14,Aston Martin,Melbourne
4.0,STR,18,Aston Martin,6.0,2023,3,Melbourne,6.0,18,Aston Martin,Melbourne
5.0,PER,11,Red Bull Racing,20.0,2023,3,Melbourne,20.0,11,Red Bull Racing,Melbourne
6.0,NOR,4,McLaren,13.0,2023,3,Melbourne,13.0,4,McLaren,Melbourne
7.0,HUL,27,Haas F1 Team,10.0,2023,3,Melbourne,10.0,27,Haas F1 Team,Melbourne
8.0,PIA,81,McLaren,16.0,2023,3,Melbourne,16.0,81,McLaren,Melbourne
9.0,ZHO,24,Alfa Romeo,17.0,2023,3,Melbourne,17.0,24,Alfa Romeo,Melbourne
10.0,TSU,22,AlphaTauri,12.0,2023,3,Melbourne,12.0,22,AlphaTauri,Melbourne
11.0,BOT,77,Alfa Romeo,19.0,2023,3,Melbourne,19.0,77,Alfa Romeo,Melbourne
12.0,SAI,55,Ferrari,5.0,2023,3,Melbourne,5.0,55,Ferrari,Melbourne
13.0,GAS,10,Alpine,9.0,2023,3,Melbourne,9.0,10,Alpine,Melbourne
14.0,OCO,31,Alpine,11.0,2023,3,Melbourne,11.0,31,Alpine,Melbourne
15.0,DEV,21,AlphaTauri,15.0,2023,3,Melbourne,15.0,21,AlphaTauri,Melbourne
16.0,SAR,2,Williams,18.0,2023,3,Melbourne,18.0,2,Williams,Melbourne
17.0,MAG,20,Haas F1 Team,14.0,2023,3,Melbourne,14.0,20,Haas F1 Team,Melbourne
18.0,RUS,63,Mercedes,2.0,2023,3,Melbourne,2.0,63,Mercedes,Melbourne
19.0,ALB,23,Williams,8.0,2023,3,Melbourne,8.0,23,Williams,Melbourne
20.0,LEC,16,Ferrari,7.0,2023,3,Melbourne,7.0,16,Ferrari,Melbourne
1.0,PER,11,Red Bull Racing,3.0,2023,4,Baku,3.0,11,Red Bull Racing,Baku
2.0,VER,1,Red Bull Racing,2.0,2023,4,Baku,2.0,1,Red Bull Racing,Baku
3.0,LEC,16,Ferrari,1.0,2023,4,Baku,1.0,16,Ferrari,Baku
4.0,ALO,14,Aston Martin,6.0,2023,4,Baku,6.0,14,Aston Martin,Baku
5.0,SAI,55,Ferrari,4.0,2023,4,Baku,4.0,55,Ferrari,Baku
6.0,HAM,44,Mercedes,5.0,2023,4,Baku,5.0,44,Mercedes,Baku
7.0,STR,18,Aston Martin,9.0,2023,4,Baku,9.0,18,Aston Martin,Baku
8.0,RUS,63,Mercedes,11.0,2023,4,Baku,11.0,63,Mercedes,Baku
9.0,NOR,4,McLaren,7.0,2023,4,Baku,7.0,4,McLaren,Baku
10.0,TSU,22,AlphaTauri,8.0,2023,4,Baku,8.0,22,AlphaTauri,Baku
11.0,PIA,81,McLaren,10.0,2023,4,Baku,10.0,81,McLaren,Baku
12.0,ALB,23,Williams,12.0,2023,4,Baku,13.0,23,Williams,Baku
13.0,MAG,20,Haas F1 Team,16.0,2023,4,Baku,18.0,20,Haas F1 Team,Baku
14.0,GAS,10,Alpine,17.0,2023,4,Baku,19.0,10,Alpine,Baku
15.0,OCO,31,Alpine,19.0,2023,4,Baku,12.0,31,Alpine,Baku
16.0,SAR,2,Williams,14.0,2023,4,Baku,15.0,2,Williams,Baku
17.0,HUL,27,Haas F1 Team,20.0,2023,4,Baku,17.0,27,Haas F1 Team,Baku
18.0,BOT,77,Alfa Romeo,13.0,2023,4,Baku,14.0,77,Alfa Romeo,Baku
19.0,ZHO,24,Alfa Romeo,15.0,2023,4,Baku,16.0,24,Alfa Romeo,Baku
20.0,DEV,21,AlphaTauri,18.0,2023,4,Baku,20.0,21,AlphaTauri,Baku
1.0,VER,1,Red Bull Racing,9.0,2023,5,Miami,9.0,1,Red Bull Racing,Miami
2.0,PER,11,Red Bull Racing,1.0,2023,5,Miami,1.0,11,Red Bull Racing,Miami
3.0,ALO,14,Aston Martin,2.0,2023,5,Miami,2.0,14,Aston Martin,Miami
4.0,RUS,63,Mercedes,6.0,2023,5,Miami,6.0,63,Mercedes,Miami
5.0,SAI,55,Ferrari,3.0,2023,5,Miami,3.0,55,Ferrari,Miami
6.0,HAM,44,Mercedes,13.0,2023,5,Miami,13.0,44,Mercedes,Miami
7.0,LEC,16,Ferrari,7.0,2023,5,Miami,7.0,16,Ferrari,Miami
8.0,GAS,10,Alpine,5.0,2023,5,Miami,5.0,10,Alpine,Miami
9.0,OCO,31,Alpine,8.0,2023,5,Miami,8.0,31,Alpine,Miami
10.0,MAG,20,Haas F1 Team,4.0,2023,5,Miami,4.0,20,Haas F1 Team,Miami
11.0,TSU,22,AlphaTauri,17.0,2023,5,Miami,17.0,22,AlphaTauri,Miami
12.0,STR,18,Aston Martin,18.0,2023,5,Miami,18.0,18,Aston Martin,Miami
13.0,BOT,77,Alfa Romeo,10.0,2023,5,Miami,10.0,77,Alfa Romeo,Miami
14.0,ALB,23,Williams,11.0,2023,5,Miami,11.0,23,Williams,Miami
15.0,HUL,27,Haas F1 Team,12.0,2023,5,Miami,12.0,27,Haas F1 Team,Miami
16.0,ZHO,24,Alfa Romeo,14.0,2023,5,Miami,14.0,24,Alfa Romeo,Miami
17.0,NOR,4,McLaren,16.0,2023,5,Miami,16.0,4,McLaren,Miami
18.0,DEV,21,AlphaTauri,15.0,2023,5,Miami,15.0,21,AlphaTauri,Miami
19.0,PIA,81,McLaren,19.0,2023,5,Miami,19.0,81,McLaren,Miami
20.0,SAR,2,Williams,20.0,2023,5,Miami,20.0,2,Williams,Miami
1.0,VER,1,Red Bull Racing,1.0,2023,6,Monaco,1.0,1,Red Bull Racing,Monaco
2.0,ALO,14,Aston Martin,2.0,2023,6,Monaco,2.0,14,Aston Martin,Monaco
3.0,OCO,31,Alpine,3.0,2023,6,Monaco,4.0,31,Alpine,Monaco
4.0,HAM,44,Mercedes,5.0,2023,6,Monaco,6.0,44,Mercedes,Monaco
5.0,RUS,63,Mercedes,8.0,2023,6,Monaco,8.0,63,Mercedes,Monaco
6.0,LEC,16,Ferrari,6.0,2023,6,Monaco,3.0,16,Ferrari,Monaco
7.0,GAS,10,Alpine,7.0,2023,6,Monaco,7.0,10,Alpine,Monaco
8.0,SAI,55,Ferrari,4.0,2023,6,Monaco,5.0,55,Ferrari,Monaco
9.0,NOR,4,McLaren,10.0,2023,6,Monaco,10.0,4,McLaren,Monaco
10.0,PIA,81,McLaren,11.0,2023,6,Monaco,11.0,81,McLaren,Monaco
11.0,BOT,77,Alfa Romeo,15.0,2023,6,Monaco,15.0,77,Alfa Romeo,Monaco
12.0,DEV,21,AlphaTauri,12.0,2023,6,Monaco,12.0,21,AlphaTauri,Monaco
13.0,ZHO,24,Alfa Romeo,19.0,2023,6,Monaco,19.0,24,Alfa Romeo,Monaco
14.0,ALB,23,Williams,13.0,2023,6,Monaco,13.0,23,Williams,Monaco
15.0,TSU,22,AlphaTauri,9.0,2023,6,Monaco,9.0,22,AlphaTauri,Monaco
16.0,PER,11,Red Bull Racing,20.0,2023,6,Monaco,20.0,11,Red Bull Racing,Monaco
17.0,HUL,27,Haas F1 Team,18.0,2023,6,Monaco,18.0,27,Haas F1 Team,Monaco
18.0,SAR,2,Williams,16.0,2023,6,Monaco,16.0,2,Williams,Monaco
19.0,MAG,20,Haas F1 Team,17.0,2023,6,Monaco,17.0,20,Haas F1 Team,Monaco
20.0,STR,18,Aston Martin,14.0,2023,6,Monaco,14.0,18,Aston Martin,Monaco
1.0,VER,1,Red Bull Racing,1.0,2023,7,Barcelona,1.0,1,Red Bull Racing,Barcelona
2.0,HAM,44,Mercedes,4.0,2023,7,Barcelona,5.0,44,Mercedes,Barcelona
3.0,RUS,63,Mercedes,12.0,2023,7,Barcelona,12.0,63,Mercedes,Barcelona
4.0,PER,11,Red Bull Racing,11.0,2023,7,Barcelona,11.0,11,Red Bull Racing,Barcelona
5.0,SAI,55,Ferrari,2.0,2023,7,Barcelona,2.0,55,Ferrari,Barcelona
6.0,STR,18,Aston Martin,5.0,2023,7,Barcelona,6.0,18,Aston Martin,Barcelona
7.0,ALO,14,Aston Martin,8.0,2023,7,Barcelona,9.0,14,Aston Martin,Barcelona
8.0,OCO,31,Alpine,6.0,2023,7,Barcelona,7.0,31,Alpine,Barcelona
9.0,ZHO,24,Alfa Romeo,13.0,2023,7,Barcelona,13.0,24,Alfa Romeo,Barcelona
10.0,GAS,10,Alpine,10.0,2023,7,Barcelona,4.0,10,Alpine,Barcelona
11.0,LEC,16,Ferrari,19.0,2023,7,Barcelona,19.0,16,Ferrari,Barcelona
12.0,TSU,22,AlphaTauri,15.0,2023,7,Barcelona,15.0,22,AlphaTauri,Barcelona
13.0,PIA,81,McLaren,9.0,2023,7,Barcelona,10.0,81,McLaren,Barcelona
14.0,DEV,21,AlphaTauri,14.0,2023,7,Barcelona,14.0,21,AlphaTauri,Barcelona
15.0,HUL,27,Haas F1 Team,7.0,2023,7,Barcelona,8.0,27,Haas F1 Team,Barcelona
16.0,ALB,23,Williams,18.0,2023,7,Barcelona,18.0,23,Williams,Barcelona
17.0,NOR,4,McLaren,3.0,2023,7,Barcelona,3.0,4,McLaren,Barcelona
18.0,MAG,20,Haas F1 Team,17.0,2023,7,Barcelona,17.0,20,Haas F1 Team,Barcelona
19.0,BOT,77,Alfa Romeo,16.0,2023,7,Barcelona,16.0,77,Alfa Romeo,Barcelona
20.0,SAR,2,Williams,20.0,2023,7,Barcelona,20.0,2,Williams,Barcelona
1.0,VER,1,Red Bull Racing,1.0,2023,8,Montréal,1.0,1,Red Bull Racing,Montréal
2.0,ALO,14,Aston Martin,2.0,2023,8,Montréal,3.0,14,Aston Martin,Montréal
3.0,HAM,44,Mercedes,3.0,2023,8,Montréal,4.0,44,Mercedes,Montréal
4.0,LEC,16,Ferrari,10.0,2023,8,Montréal,11.0,16,Ferrari,Montréal
5.0,SAI,55,Ferrari,11.0,2023,8,Montréal,8.0,55,Ferrari,Montréal
6.0,PER,11,Red Bull Racing,12.0,2023,8,Montréal,12.0,11,Red Bull Racing,Montréal
7.0,ALB,23,Williams,9.0,2023,8,Montréal,10.0,23,Williams,Montréal
8.0,OCO,31,Alpine,6.0,2023,8,Montréal,6.0,31,Alpine,Montréal
9.0,STR,18,Aston Martin,16.0,2023,8,Montréal,13.0,18,Aston Martin,Montréal
10.0,BOT,77,Alfa Romeo,14.0,2023,8,Montréal,15.0,77,Alfa Romeo,Montréal
11.0,PIA,81,McLaren,8.0,2023,8,Montréal,9.0,81,McLaren,Montréal
12.0,GAS,10,Alpine,15.0,2023,8,Montréal,17.0,10,Alpine,Montréal
13.0,NOR,4,McLaren,7.0,2023,8,Montréal,7.0,4,McLaren,Montréal
14.0,TSU,22,AlphaTauri,19.0,2023,8,Montréal,16.0,22,AlphaTauri,Montréal
15.0,HUL,27,Haas F1 Team,5.0,2023,8,Montréal,2.0,27,Haas F1 Team,Montréal
16.0,ZHO,24,Alfa Romeo,20.0,2023,8,Montréal,20.0,24,Alfa Romeo,Montréal
17.0,MAG,20,Haas F1 Team,13.0,2023,8,Montréal,14.0,20,Haas F1 Team,Montréal
18.0,DEV,21,AlphaTauri,17.0,2023,8,Montréal,18.0,21,AlphaTauri,Montréal
19.0,RUS,63,Mercedes,4.0,2023,8,Montréal,5.0,63,Mercedes,Montréal
20.0,SAR,2,Williams,18.0,2023,8,Montréal,19.0,2,Williams,Montréal
1.0,VER,1,Red Bull Racing,1.0,2023,9,Spielberg,1.0,1,Red Bull Racing,Spielberg
2.0,LEC,16,Ferrari,2.0,2023,9,Spielberg,2.0,16,Ferrari,Spielberg
3.0,PER,11,Red Bull Racing,15.0,2023,9,Spielberg,15.0,11,Red Bull Racing,Spielberg
4.0,NOR,4,McLaren,4.0,2023,9,Spielberg,4.0,4,McLaren,Spielberg
5.0,ALO,14,Aston Martin,7.0,2023,9,Spielberg,7.0,14,Aston Martin,Spielberg
6.0,SAI,55,Ferrari,3.0,2023,9,Spielberg,3.0,55,Ferrari,Spielberg
7.0,RUS,63,Mercedes,11.0,2023,9,Spielberg,11.0,63,Mercedes,Spielberg
8.0,HAM,44,Mercedes,5.0,2023,9,Spielberg,5.0,44,Mercedes,Spielberg
9.0,STR,18,Aston Martin,6.0,2023,9,Spielberg,6.0,18,Aston Martin,Spielberg
10.0,GAS,10,Alpine,9.0,2023,9,Spielberg,9.0,10,Alpine,Spielberg
11.0,ALB,23,Williams,10.0,2023,9,Spielberg,10.0,23,Williams,Spielberg
12.0,ZHO,24,Alfa Romeo,17.0,2023,9,Spielberg,17.0,24,Alfa Romeo,Spielberg
13.0,SAR,2,Williams,18.0,2023,9,Spielberg,18.0,2,Williams,Spielberg
14.0,OCO,31,Alpine,12.0,2023,9,Spielberg,12.0,31,Alpine,Spielberg
15.0,BOT,77,Alfa Romeo,14.0,2023,9,Spielberg,14.0,77,Alfa Romeo,Spielberg
16.0,PIA,81,McLaren,13.0,2023,9,Spielberg,13.0,81,McLaren,Spielberg
17.0,DEV,21,AlphaTauri,20.0,2023,9,Spielberg,20.0,21,AlphaTauri,Spielberg
18.0,MAG,20,Haas F1 Team,19.0,2023,9,Spielberg,19.0,20,Haas F1 Team,Spielberg
19.0,TSU,22,AlphaTauri,16.0,2023,9,Spielberg,16.0,22,AlphaTauri,Spielberg
20.0,HUL,27,Haas F1 Team,8.0,2023,9,Spielberg,8.0,27,Haas F1 Team,Spielberg
1.0,VER,1,Red Bull Racing,1.0,2023,10,Silverstone,1.0,1,Red Bull Racing,Silverstone
2.0,NOR,4,McLaren,2.0,2023,10,Silverstone,2.0,4,McLaren,Silverstone
3.0,HAM,44,Mercedes,7.0,2023,10,Silverstone,7.0,44,Mercedes,Silverstone
4.0,PIA,81,McLaren,3.0,2023,10,Silverstone,3.0,81,McLaren,Silverstone
5.0,RUS,63,Mercedes,6.0,2023,10,Silverstone,6.0,63,Mercedes,Silverstone
6.0,PER,11,Red Bull Racing,15.0,2023,10,Silverstone,15.0,11,Red Bull Racing,Silverstone
7.0,ALO,14,Aston Martin,9.0,2023,10,Silverstone,9.0,14,Aston Martin,Silverstone
8.0,ALB,23,Williams,8.0,2023,10,Silverstone,8.0,23,Williams,Silverstone
9.0,LEC,16,Ferrari,4.0,2023,10,Silverstone,4.0,16,Ferrari,Silverstone
10.0,SAI,55,Ferrari,5.0,2023,10,Silverstone,5.0,55,Ferrari,Silverstone
11.0,SAR,2,Williams,14.0,2023,10,Silverstone,14.0,2,Williams,Silverstone
12.0,BOT,77,Alfa Romeo,20.0,2023,10,Silverstone,15.0,77,Alfa Romeo,Silverstone
13.0,HUL,27,Haas F1 Team,11.0,2023,10,Silverstone,11.0,27,Haas F1 Team,Silverstone
14.0,STR,18,Aston Martin,12.0,2023,10,Silverstone,12.0,18,Aston Martin,Silverstone
15.0,ZHO,24,Alfa Romeo,17.0,2023,10,Silverstone,17.0,24,Alfa Romeo,Silverstone
16.0,TSU,22,AlphaTauri,16.0,2023,10,Silverstone,16.0,22,AlphaTauri,Silverstone
17.0,DEV,21,AlphaTauri,18.0,2023,10,Silverstone,18.0,21,AlphaTauri,Silverstone
18.0,GAS,10,Alpine,10.0,2023,10,Silverstone,10.0,10,Alpine,Silverstone
19.0,MAG,20,Haas F1 Team,19.0,2023,10,Silverstone,19.0,20,Haas F1 Team,Silverstone
20.0,OCO,31,Alpine,13.0,2023,10,Silverstone,13.0,31,Alpine,Silverstone
1.0,VER,1,Red Bull Racing,2.0,2023,11,Budapest,2.0,1,Red Bull Racing,Budapest
2.0,NOR,4,McLaren,3.0,2023,11,Budapest,3.0,4,McLaren,Budapest
3.0,PER,11,Red Bull Racing,9.0,2023,11,Budapest,9.0,11,Red Bull Racing,Budapest
4.0,HAM,44,Mercedes,1.0,2023,11,Budapest,1.0,44,Mercedes,Budapest
5.0,PIA,81,McLaren,4.0,2023,11,Budapest,4.0,81,McLaren,Budapest
6.0,RUS,63,Mercedes,18.0,2023,11,Budapest,18.0,63,Mercedes,Budapest
7.0,LEC,16,Ferrari,6.0,2023,11,Budapest,6.0,16,Ferrari,Budapest
8.0,SAI,55,Ferrari,11.0,2023,11,Budapest,11.0,55,Ferrari,Budapest
9.0,ALO,14,Aston Martin,8.0,2023,11,Budapest,8.0,14,Aston Martin,Budapest
10.0,STR,18,Aston Martin,14.0,2023,11,Budapest,14.0,18,Aston Martin,Budapest
11.0,ALB,23,Williams,16.0,2023,11,Budapest,16.0,23,Williams,Budapest
12.0,BOT,77,Alfa Romeo,7.0,2023,11,Budapest,7.0,77,Alfa Romeo,Budapest
13.0,RIC,3,AlphaTauri,13.0,2023,11,Budapest,13.0,3,AlphaTauri,Budapest
14.0,HUL,27,Haas F1 Team,10.0,2023,11,Budapest,10.0,27,Haas F1 Team,Budapest
15.0,TSU,22,AlphaTauri,17.0,2023,11,Budapest,17.0,22,AlphaTauri,Budapest
16.0,ZHO,24,Alfa Romeo,5.0,2023,11,Budapest,5.0,24,Alfa Romeo,Budapest
17.0,MAG,20,Haas F1 Team,19.0,2023,11,Budapest,19.0,20,Haas F1 Team,Budapest
18.0,SAR,2,Williams,20.0,2023,11,Budapest,20.0,2,Williams,Budapest
19.0,OCO,31,Alpine,12.0,2023,11,Budapest,12.0,31,Alpine,Budapest
20.0,GAS,10,Alpine,15.0,2023,11,Budapest,15.0,10,Alpine,Budapest
1.0,VER,1,Red Bull Racing,6.0,2023,12,Spa-Francorchamps,1.0,1,Red Bull Racing,Spa-Francorchamps
2.0,PER,11,Red Bull Racing,2.0,2023,12,Spa-Francorchamps,3.0,11,Red Bull Racing,Spa-Francorchamps
3.0,LEC,16,Ferrari,1.0,2023,12,Spa-Francorchamps,2.0,16,Ferrari,Spa-Francorchamps
4.0,HAM,44,Mercedes,3.0,2023,12,Spa-Francorchamps,4.0,44,Mercedes,Spa-Francorchamps
5.0,ALO,14,Aston Martin,9.0,2023,12,Spa-Francorchamps,9.0,14,Aston Martin,Spa-Francorchamps
6.0,RUS,63,Mercedes,8.0,2023,12,Spa-Francorchamps,8.0,63,Mercedes,Spa-Francorchamps
7.0,NOR,4,McLaren,7.0,2023,12,Spa-Francorchamps,7.0,4,McLaren,Spa-Francorchamps
8.0,OCO,31,Alpine,14.0,2023,12,Spa-Francorchamps,15.0,31,Alpine,Spa-Francorchamps
9.0,STR,18,Aston Martin,10.0,2023,12,Spa-Francorchamps,10.0,18,Aston Martin,Spa-Francorchamps
10.0,TSU,22,AlphaTauri,11.0,2023,12,Spa-Francorchamps,11.0,22,AlphaTauri,Spa-Francorchamps
11.0,GAS,10,Alpine,12.0,2023,12,Spa-Francorchamps,12.0,10,Alpine,Spa-Francorchamps
12.0,BOT,77,Alfa Romeo,13.0,2023,12,Spa-Francorchamps,14.0,77,Alfa Romeo,Spa-Francorchamps
13.0,ZHO,24,Alfa Romeo,17.0,2023,12,Spa-Francorchamps,17.0,24,Alfa Romeo,Spa-Francorchamps
14.0,ALB,23,Williams,15.0,2023,12,Spa-Francorchamps,16.0,23,Williams,Spa-Francorchamps
15.0,MAG,20,Haas F1 Team,16.0,2023,12,Spa-Francorchamps,13.0,20,Haas F1 Team,Spa-Francorchamps
16.0,RIC,3,AlphaTauri,19.0,2023,12,Spa-Francorchamps,19.0,3,AlphaTauri,Spa-Francorchamps
17.0,SAR,2,Williams,18.0,2023,12,Spa-Francorchamps,18.0,2,Williams,Spa-Francorchamps
18.0,HUL,27,Haas F1 Team,20.0,2023,12,Spa-Francorchamps,20.0,27,Haas F1 Team,Spa-Francorchamps
19.0,SAI,55,Ferrari,4.0,2023,12,Spa-Francorchamps,5.0,55,Ferrari,Spa-Francorchamps
20.0,PIA,81,McLaren,5.0,2023,12,Spa-Francorchamps,6.0,81,McLaren,Spa-Francorchamps
1.0,VER,1,Red Bull Racing,1.0,2023,13,Zandvoort,1.0,1,Red Bull Racing,Zandvoort
2.0,ALO,14,Aston Martin,5.0,2023,13,Zandvoort,5.0,14,Aston Martin,Zandvoort
3.0,GAS,10,Alpine,12.0,2023,13,Zandvoort,12.0,10,Alpine,Zandvoort
4.0,PER,11,Red Bull Racing,7.0,2023,13,Zandvoort,7.0,11,Red Bull Racing,Zandvoort
5.0,SAI,55,Ferrari,6.0,2023,13,Zandvoort,6.0,55,Ferrari,Zandvoort
6.0,HAM,44,Mercedes,13.0,2023,13,Zandvoort,13.0,44,Mercedes,Zandvoort
7.0,NOR,4,McLaren,2.0,2023,13,Zandvoort,2.0,4,McLaren,Zandvoort
8.0,ALB,23,Williams,4.0,2023,13,Zandvoort,4.0,23,Williams,Zandvoort
9.0,PIA,81,McLaren,8.0,2023,13,Zandvoort,8.0,81,McLaren,Zandvoort
10.0,OCO,31,Alpine,16.0,2023,13,Zandvoort,17.0,31,Alpine,Zandvoort
11.0,STR,18,Aston Martin,11.0,2023,13,Zandvoort,11.0,18,Aston Martin,Zandvoort
12.0,HUL,27,Haas F1 Team,14.0,2023,13,Zandvoort,15.0,27,Haas F1 Team,Zandvoort
13.0,LAW,40,AlphaTauri,19.0,2023,13,Zandvoort,20.0,40,AlphaTauri,Zandvoort
14.0,BOT,77,Alfa Romeo,18.0,2023,13,Zandvoort,19.0,77,Alfa Romeo,Zandvoort
15.0,TSU,22,AlphaTauri,17.0,2023,13,Zandvoort,14.0,22,AlphaTauri,Zandvoort
16.0,MAG,20,Haas F1 Team,0.0,2023,13,Zandvoort,18.0,20,Haas F1 Team,Zandvoort
17.0,RUS,63,Mercedes,3.0,2023,13,Zandvoort,3.0,63,Mercedes,Zandvoort
18.0,ZHO,24,Alfa Romeo,15.0,2023,13,Zandvoort,16.0,24,Alfa Romeo,Zandvoort
19.0,LEC,16,Ferrari,9.0,2023,13,Zandvoort,9.0,16,Ferrari,Zandvoort
20.0,SAR,2,Williams,10.0,2023,13,Zandvoort,10.0,2,Williams,Zandvoort
1.0,VER,1,Red Bull Racing,2.0,2023,14,Monza,2.0,1,Red Bull Racing,Monza
2.0,PER,11,Red Bull Racing,5.0,2023,14,Monza,5.0,11,Red Bull Racing,Monza
3.0,SAI,55,Ferrari,1.0,2023,14,Monza,1.0,55,Ferrari,Monza
4.0,LEC,16,Ferrari,3.0,2023,14,Monza,3.0,16,Ferrari,Monza
5.0,RUS,63,Mercedes,4.0,2023,14,Monza,4.0,63,Mercedes,Monza
6.0,HAM,44,Mercedes,8.0,2023,14,Monza,8.0,44,Mercedes,Monza
7.0,ALB,23,Williams,6.0,2023,14,Monza,6.0,23,Williams,Monza
8.0,NOR,4,McLaren,9.0,2023,14,Monza,9.0,4,McLaren,Monza
9.0,ALO,14,Aston Martin,10.0,2023,14,Monza,10.0,14,Aston Martin,Monza
10.0,BOT,77,Alfa Romeo,14.0,2023,14,Monza,14.0,77,Alfa Romeo,Monza
11.0,LAW,40,AlphaTauri,12.0,2023,14,Monza,12.0,40,AlphaTauri,Monza
12.0,PIA,81,McLaren,7.0,2023,14,Monza,7.0,81,McLaren,Monza
13.0,SAR,2,Williams,15.0,2023,14,Monza,15.0,2,Williams,Monza
14.0,ZHO,24,Alfa Romeo,16.0,2023,14,Monza,16.0,24,Alfa Romeo,Monza
15.0,GAS,10,Alpine,17.0,2023,14,Monza,17.0,10,Alpine,Monza
16.0,STR,18,Aston Martin,20.0,2023,14,Monza,20.0,18,Aston Martin,Monza
17.0,HUL,27,Haas F1 Team,13.0,2023,14,Monza,13.0,27,Haas F1 Team,Monza
18.0,MAG,20,Haas F1 Team,19.0,2023,14,Monza,19.0,20,Haas F1 Team,Monza
19.0,OCO,31,Alpine,18.0,2023,14,Monza,18.0,31,Alpine,Monza
20.0,TSU,22,AlphaTauri,11.0,2023,14,Monza,11.0,22,AlphaTauri,Monza
1.0,SAI,55,Ferrari,1.0,2023,15,Marina Bay,1.0,55,Ferrari,Marina Bay
2.0,NOR,4,McLaren,4.0,2023,15,Marina Bay,4.0,4,McLaren,Marina Bay
3.0,HAM,44,Mercedes,5.0,2023,15,Marina Bay,5.0,44,Mercedes,Marina Bay
4.0,LEC,16,Ferrari,3.0,2023,15,Marina Bay,3.0,16,Ferrari,Marina Bay
5.0,VER,1,Red Bull Racing,11.0,2023,15,Marina Bay,11.0,1,Red Bull Racing,Marina Bay
6.0,GAS,10,Alpine,12.0,2023,15,Marina Bay,12.0,10,Alpine,Marina Bay
7.0,PIA,81,McLaren,17.0,2023,15,Marina Bay,17.0,81,McLaren,Marina Bay
8.0,PER,11,Red Bull Racing,13.0,2023,15,Marina Bay,13.0,11,Red Bull Racing,Marina Bay
9.0,LAW,40,AlphaTauri,10.0,2023,15,Marina Bay,10.0,40,AlphaTauri,Marina Bay
10.0,MAG,20,Haas F1 Team,6.0,2023,15,Marina Bay,6.0,20,Haas F1 Team,Marina Bay
11.0,ALB,23,Williams,14.0,2023,15,Marina Bay,14.0,23,Williams,Marina Bay
12.0,ZHO,24,Alfa Romeo,19.0,2023,15,Marina Bay,19.0,24,Alfa Romeo,Marina Bay
13.0,HUL,27,Haas F1 Team,9.0,2023,15,Marina Bay,9.0,27,Haas F1 Team,Marina Bay
14.0,SAR,2,Williams,18.0,2023,15,Marina Bay,18.0,2,Williams,Marina Bay
15.0,ALO,14,Aston Martin,7.0,2023,15,Marina Bay,7.0,14,Aston Martin,Marina Bay
16.0,RUS,63,Mercedes,2.0,2023,15,Marina Bay,2.0,63,Mercedes,Marina Bay
17.0,BOT,77,Alfa Romeo,16.0,2023,15,Marina Bay,16.0,77,Alfa Romeo,Marina Bay
18.0,OCO,31,Alpine,8.0,2023,15,Marina Bay,8.0,31,Alpine,Marina Bay
19.0,TSU,22,AlphaTauri,15.0,2023,15,Marina Bay,15.0,22,AlphaTauri,Marina Bay
,STR,18,Aston Martin,,2023,15,Marina Bay,20.0,18,Aston Martin,Marina Bay
1.0,VER,1,Red Bull Racing,1.0,2023,16,Suzuka,1.0,1,Red Bull Racing,Suzuka
2.0,NOR,4,McLaren,3.0,2023,16,Suzuka,3.0,4,McLaren,Suzuka
3.0,PIA,81,McLaren,2.0,2023,16,Suzuka,2.0,81,McLaren,Suzuka
4.0,LEC,16,Ferrari,4.0,2023,16,Suzuka,4.0,16,Ferrari,Suzuka
5.0,HAM,44,Mercedes,7.0,2023,16,Suzuka,7.0,44,Mercedes,Suzuka
6.0,SAI,55,Ferrari,6.0,2023,16,Suzuka,6.0,55,Ferrari,Suzuka
7.0,RUS,63,Mercedes,8.0,2023,16,Suzuka,8.0,63,Mercedes,Suzuka
8.0,ALO,14,Aston Martin,10.0,2023,16,Suzuka,10.0,14,Aston Martin,Suzuka
9.0,OCO,31,Alpine,14.0,2023,16,Suzuka,14.0,31,Alpine,Suzuka
10.0,GAS,10,Alpine,12.0,2023,16,Suzuka,12.0,10,Alpine,Suzuka
11.0,LAW,40,AlphaTauri,11.0,2023,16,Suzuka,11.0,40,AlphaTauri,Suzuka
12.0,TSU,22,AlphaTauri,9.0,2023,16,Suzuka,9.0,22,AlphaTauri,Suzuka
13.0,ZHO,24,Alfa Romeo,19.0,2023,16,Suzuka,19.0,24,Alfa Romeo,Suzuka
14.0,HUL,27,Haas F1 Team,18.0,2023,16,Suzuka,18.0,27,Haas F1 Team,Suzuka
15.0,MAG,20,Haas F1 Team,15.0,2023,16,Suzuka,15.0,20,Haas F1 Team,Suzuka
16.0,ALB,23,Williams,13.0,2023,16,Suzuka,13.0,23,Williams,Suzuka
17.0,SAR,2,Williams,20.0,2023,16,Suzuka,20.0,2,Williams,Suzuka
18.0,STR,18,Aston Martin,17.0,2023,16,Suzuka,17.0,18,Aston Martin,Suzuka
19.0,PER,11,Red Bull Racing,5.0,2023,16,Suzuka,5.0,11,Red Bull Racing,Suzuka
20.0,BOT,77,Alfa Romeo,16.0,2023,16,Suzuka,16.0,77,Alfa Romeo,Suzuka
1.0,VER,1,Red Bull Racing,1.0,2023,17,Lusail,1.0,1,Red Bull Racing,Lusail
2.0,PIA,81,McLaren,6.0,2023,17,Lusail,6.0,81,McLaren,Lusail
3.0,NOR,4,McLaren,10.0,2023,17,Lusail,10.0,4,McLaren,Lusail
4.0,RUS,63,Mercedes,2.0,2023,17,Lusail,2.0,63,Mercedes,Lusail
5.0,LEC,16,Ferrari,5.0,2023,17,Lusail,5.0,16,Ferrari,Lusail
6.0,ALO,14,Aston Martin,4.0,2023,17,Lusail,4.0,14,Aston Martin,Lusail
7.0,OCO,31,Alpine,8.0,2023,17,Lusail,8.0,31,Alpine,Lusail
8.0,BOT,77,Alfa Romeo,9.0,2023,17,Lusail,9.0,77,Alfa Romeo,Lusail
9.0,ZHO,24,Alfa Romeo,19.0,2023,17,Lusail,20.0,24,Alfa Romeo,Lusail
10.0,PER,11,Red Bull Racing,20.0,2023,17,Lusail,13.0,11,Red Bull Racing,Lusail
11.0,STR,18,Aston Martin,16.0,2023,17,Lusail,17.0,18,Aston Martin,Lusail
12.0,GAS,10,Alpine,7.0,2023,17,Lusail,7.0,10,Alpine,Lusail
13.0,ALB,23,Williams,13.0,2023,17,Lusail,14.0,23,Williams,Lusail
14.0,MAG,20,Haas F1 Team,18.0,2023,17,Lusail,19.0,20,Haas F1 Team,Lusail
15.0,TSU,22,AlphaTauri,11.0,2023,17,Lusail,11.0,22,AlphaTauri,Lusail
16.0,HUL,27,Haas F1 Team,14.0,2023,17,Lusail,15.0,27,Haas F1 Team,Lusail
17.0,LAW,40,AlphaTauri,17.0,2023,17,Lusail,18.0,40,AlphaTauri,Lusail
18.0,SAR,2,Williams,15.0,2023,17,Lusail,16.0,2,Williams,Lusail
19.0,HAM,44,Mercedes,3.0,2023,17,Lusail,3.0,44,Mercedes,Lusail
20.0,SAI,55,Ferrari,12.0,2023,17,Lusail,12.0,55,Ferrari,Lusail
1.0,VER,1,Red Bull Racing,6.0,2023,18,Austin,6.0,1,Red Bull Racing,Austin
2.0,NOR,4,McLaren,2.0,2023,18,Austin,2.0,4,McLaren,Austin
3.0,SAI,55,Ferrari,4.0,2023,18,Austin,4.0,55,Ferrari,Austin
4.0,PER,11,Red Bull Racing,9.0,2023,18,Austin,9.0,11,Red Bull Racing,Austin
5.0,RUS,63,Mercedes,5.0,2023,18,Austin,5.0,63,Mercedes,Austin
6.0,GAS,10,Alpine,7.0,2023,18,Austin,7.0,10,Alpine,Austin
7.0,STR,18,Aston Martin,20.0,2023,18,Austin,19.0,18,Aston Martin,Austin
8.0,TSU,22,AlphaTauri,11.0,2023,18,Austin,11.0,22,AlphaTauri,Austin
9.0,ALB,23,Williams,15.0,2023,18,Austin,18.0,23,Williams,Austin
10.0,SAR,2,Williams,16.0,2023,18,Austin,20.0,2,Williams,Austin
11.0,HUL,27,Haas F1 Team,18.0,2023,18,Austin,16.0,27,Haas F1 Team,Austin
12.0,BOT,77,Alfa Romeo,13.0,2023,18,Austin,13.0,77,Alfa Romeo,Austin
13.0,ZHO,24,Alfa Romeo,12.0,2023,18,Austin,12.0,24,Alfa Romeo,Austin
14.0,MAG,20,Haas F1 Team,17.0,2023,18,Austin,14.0,20,Haas F1 Team,Austin
15.0,RIC,3,AlphaTauri,14.0,2023,18,Austin,15.0,3,AlphaTauri,Austin
16.0,ALO,14,Aston Martin,19.0,2023,18,Austin,17.0,14,Aston Martin,Austin
17.0,PIA,81,McLaren,10.0,2023,18,Austin,10.0,81,McLaren,Austin
18.0,OCO,31,Alpine,8.0,2023,18,Austin,8.0,31,Alpine,Austin
19.0,HAM,44,Mercedes,3.0,2023,18,Austin,3.0,44,Mercedes,Austin
20.0,LEC,16,Ferrari,1.0,2023,18,Austin,1.0,16,Ferrari,Austin
1.0,VER,1,Red Bull Racing,3.0,2023,19,Mexico City,3.0,1,Red Bull Racing,Mexico City
2.0,HAM,44,Mercedes,6.0,2023,19,Mexico City,6.0,44,Mercedes,Mexico City
3.0,LEC,16,Ferrari,1.0,2023,19,Mexico City,1.0,16,Ferrari,Mexico City
4.0,SAI,55,Ferrari,2.0,2023,19,Mexico City,2.0,55,Ferrari,Mexico City
5.0,NOR,4,McLaren,17.0,2023,19,Mexico City,19.0,4,McLaren,Mexico City
6.0,RUS,63,Mercedes,8.0,2023,19,Mexico City,8.0,63,Mercedes,Mexico City
7.0,RIC,3,AlphaTauri,4.0,2023,19,Mexico City,4.0,3,AlphaTauri,Mexico City
8.0,PIA,81,McLaren,7.0,2023,19,Mexico City,7.0,81,McLaren,Mexico City
9.0,ALB,23,Williams,14.0,2023,19,Mexico City,14.0,23,Williams,Mexico City
10.0,OCO,31,Alpine,15.0,2023,19,Mexico City,16.0,31,Alpine,Mexico City
11.0,GAS,10,Alpine,11.0,2023,19,Mexico City,11.0,10,Alpine,Mexico City
12.0,TSU,22,AlphaTauri,18.0,2023,19,Mexico City,15.0,22,AlphaTauri,Mexico City
13.0,HUL,27,Haas F1 Team,12.0,2023,19,Mexico City,12.0,27,Haas F1 Team,Mexico City
14.0,ZHO,24,Alfa Romeo,10.0,2023,19,Mexico City,10.0,24,Alfa Romeo,Mexico City
15.0,BOT,77,Alfa Romeo,9.0,2023,19,Mexico City,9.0,77,Alfa Romeo,Mexico City
16.0,SAR,2,Williams,19.0,2023,19,Mexico City,20.0,2,Williams,Mexico City
17.0,STR,18,Aston Martin,0.0,2023,19,Mexico City,18.0,18,Aston Martin,Mexico City
18.0,ALO,14,Aston Martin,13.0,2023,19,Mexico City,13.0,14,Aston Martin,Mexico City
19.0,MAG,20,Haas F1 Team,16.0,2023,19,Mexico City,17.0,20,Haas F1 Team,Mexico City
20.0,PER,11,Red Bull Racing,5.0,2023,19,Mexico City,5.0,11,Red Bull Racing,Mexico City
1.0,VER,1,Red Bull Racing,1.0,2023,20,São Paulo,1.0,1,Red Bull Racing,São Paulo
2.0,NOR,4,McLaren,6.0,2023,20,São Paulo,7.0,4,McLaren,São Paulo
3.0,ALO,14,Aston Martin,4.0,2023,20,São Paulo,4.0,14,Aston Martin,São Paulo
4.0,PER,11,Red Bull Racing,9.0,2023,20,São Paulo,9.0,11,Red Bull Racing,São Paulo
5.0,STR,18,Aston Martin,3.0,2023,20,São Paulo,3.0,18,Aston Martin,São Paulo
6.0,SAI,55,Ferrari,7.0,2023,20,São Paulo,8.0,55,Ferrari,São Paulo
7.0,GAS,10,Alpine,15.0,2023,20,São Paulo,13.0,10,Alpine,São Paulo
8.0,HAM,44,Mercedes,5.0,2023,20,São Paulo,5.0,44,Mercedes,São Paulo
9.0,TSU,22,AlphaTauri,16.0,2023,20,São Paulo,16.0,22,AlphaTauri,São Paulo
10.0,OCO,31,Alpine,14.0,2023,20,São Paulo,12.0,31,Alpine,São Paulo
11.0,SAR,2,Williams,19.0,2023,20,São Paulo,19.0,2,Williams,São Paulo
12.0,HUL,27,Haas F1 Team,11.0,2023,20,São Paulo,11.0,27,Haas F1 Team,São Paulo
13.0,RIC,3,AlphaTauri,17.0,2023,20,São Paulo,17.0,3,AlphaTauri,São Paulo
14.0,PIA,81,McLaren,10.0,2023,20,São Paulo,10.0,81,McLaren,São Paulo
15.0,RUS,63,Mercedes,8.0,2023,20,São Paulo,6.0,63,Mercedes,São Paulo
16.0,BOT,77,Alfa Romeo,18.0,2023,20,São Paulo,18.0,77,Alfa Romeo,São Paulo
17.0,ZHO,24,Alfa Romeo,20.0,2023,20,São Paulo,20.0,24,Alfa Romeo,São Paulo
18.0,MAG,20,Haas F1 Team,12.0,2023,20,São Paulo,14.0,20,Haas F1 Team,São Paulo
19.0,ALB,23,Williams,13.0,2023,20,São Paulo,15.0,23,Williams,São Paulo
20.0,LEC,16,Ferrari,2.0,2023,20,São Paulo,2.0,16,Ferrari,São Paulo
1.0,VER,1,Red Bull Racing,2.0,2023,21,Las Vegas,3.0,1,Red Bull Racing,Las Vegas
2.0,LEC,16,Ferrari,1.0,2023,21,Las Vegas,1.0,16,Ferrari,Las Vegas
3.0,PER,11,Red Bull Racing,11.0,2023,21,Las Vegas,12.0,11,Red Bull Racing,Las Vegas
4.0,OCO,31,Alpine,16.0,2023,21,Las Vegas,17.0,31,Alpine,Las Vegas
5.0,STR,18,Aston Martin,19.0,2023,21,Las Vegas,14.0,18,Aston Martin,Las Vegas
6.0,SAI,55,Ferrari,12.0,2023,21,Las Vegas,2.0,55,Ferrari,Las Vegas
7.0,HAM,44,Mercedes,10.0,2023,21,Las Vegas,11.0,44,Mercedes,Las Vegas
8.0,RUS,63,Mercedes,3.0,2023,21,Las Vegas,4.0,63,Mercedes,Las Vegas
9.0,ALO,14,Aston Martin,9.0,2023,21,Las Vegas,10.0,14,Aston Martin,Las Vegas
10.0,PIA,81,McLaren,18.0,2023,21,Las Vegas,19.0,81,McLaren,Las Vegas
11.0,GAS,10,Alpine,4.0,2023,21,Las Vegas,5.0,10,Alpine,Las Vegas
12.0,ALB,23,Williams,5.0,2023,21,Las Vegas,6.0,23,Williams,Las Vegas
13.0,MAG,20,Haas F1 Team,8.0,2023,21,Las Vegas,9.0,20,Haas F1 Team,Las Vegas
14.0,RIC,3,AlphaTauri,14.0,2023,21,Las Vegas,15.0,3,AlphaTauri,Las Vegas
15.0,ZHO,24,Alfa Romeo,17.0,2023,21,Las Vegas,18.0,24,Alfa Romeo,Las Vegas
16.0,SAR,2,Williams,6.0,2023,21,Las Vegas,7.0,2,Williams,Las Vegas
17.0,BOT,77,Alfa Romeo,7.0,2023,21,Las Vegas,8.0,77,Alfa Romeo,Las Vegas
18.0,TSU,22,AlphaTauri,20.0,2023,21,Las Vegas,20.0,22,AlphaTauri,Las Vegas
19.0,HUL,27,Haas F1 Team,13.0,2023,21,Las Vegas,13.0,27,Haas F1 Team,Las Vegas
20.0,NOR,4,McLaren,15.0,2023,21,Las Vegas,16.0,4,McLaren,Las Vegas
1.0,VER,1,Red Bull Racing,,2023,22,Yas Island,1.0,1,Red Bull Racing,Yas Island
2.0,PER,11,Red Bull Racing,,2023,22,Yas Island,9.0,11,Red Bull Racing,Yas Island
3.0,LEC,16,Ferrari,,2023,22,Yas Island,2.0,16,Ferrari,Yas Island
4.0,RUS,63,Mercedes,,2023,22,Yas Island,4.0,63,Mercedes,Yas Island
5.0,NOR,4,McLaren,,2023,22,Yas Island,5.0,4,McLaren,Yas Island
6.0,PIA,81,McLaren,,2023,22,Yas Island,3.0,81,McLaren,Yas Island
7.0,ALO,14,Aston Martin,,2023,22,Yas Island,7.0,14,Aston Martin,Yas Island
8.0,TSU,22,AlphaTauri,,2023,22,Yas Island,6.0,22,AlphaTauri,Yas Island
9.0,HAM,44,Mercedes,,2023,22,Yas Island,11.0,44,Mercedes,Yas Island
10.0,STR,18,Aston Martin,,2023,22,Yas Island,13.0,18,Aston Martin,Yas Island
11.0,RIC,3,AlphaTauri,,2023,22,Yas Island,15.0,3,AlphaTauri,Yas Island
12.0,OCO,31,Alpine,,2023,22,Yas Island,12.0,31,Alpine,Yas Island
13.0,GAS,10,Alpine,,2023,22,Yas Island,10.0,10,Alpine,Yas Island
14.0,ALB,23,Williams,,2023,22,Yas Island,14.0,23,Williams,Yas Island
15.0,HUL,27,Haas F1 Team,,2023,22,Yas Island,8.0,27,Haas F1 Team,Yas Island
16.0,SAR,2,Williams,,2023,22,Yas Island,20.0,2,Williams,Yas Island
17.0,ZHO,24,Alfa Romeo,,2023,22,Yas Island,19.0,24,Alfa Romeo,Yas Island
18.0,SAI,55,Ferrari,,2023,22,Yas Island,16.0,55,Ferrari,Yas Island
19.0,BOT,77,Alfa Romeo,,2023,22,Yas Island,18.0,77,Alfa Romeo,Yas Island
20.0,MAG,20,Haas F1 Team,,2023,22,Yas Island,17.0,20,Haas F1 Team,Yas Island
1.0,VER,1,Red Bull Racing,1.0,2024,1,Sakhir,1.0,1,Red Bull Racing,Sakhir
2.0,PER,11,Red Bull Racing,5.0,2024,1,Sakhir,5.0,11,Red Bull Racing,Sakhir
3.0,SAI,55,Ferrari,4.0,2024,1,Sakhir,4.0,55,Ferrari,Sakhir
4.0,LEC,16,Ferrari,2.0,2024,1,Sakhir,2.0,16,Ferrari,Sakhir
5.0,RUS,63,Mercedes,3.0,2024,1,Sakhir,3.0,63,Mercedes,Sakhir
6.0,NOR,4,McLaren,7.0,2024,1,Sakhir,7.0,4,McLaren,Sakhir
7.0,HAM,44,Mercedes,9.0,2024,1,Sakhir,9.0,44,Mercedes,Sakhir
8.0,PIA,81,McLaren,8.0,2024,1,Sakhir,8.0,81,McLaren,Sakhir
9.0,ALO,14,Aston Martin,6.0,2024,1,Sakhir,6.0,14,Aston Martin,Sakhir
10.0,STR,18,Aston Martin,12.0,2024,1,Sakhir,12.0,18,Aston Martin,Sakhir
11.0,ZHO,24,Kick Sauber,17.0,2024,1,Sakhir,17.0,24,Kick Sauber,Sakhir
12.0,MAG,20,Haas F1 Team,15.0,2024,1,Sakhir,15.0,20,Haas F1 Team,Sakhir
13.0,RIC,3,RB,14.0,2024,1,Sakhir,14.0,3,RB,Sakhir
14.0,TSU,22,RB,11.0,2024,1,Sakhir,11.0,22,RB,Sakhir
15.0,ALB,23,Williams,13.0,2024,1,Sakhir,13.0,23,Williams,Sakhir
16.0,HUL,27,Haas F1 Team,10.0,2024,1,Sakhir,10.0,27,Haas F1 Team,Sakhir
17.0,OCO,31,Alpine,19.0,2024,1,Sakhir,19.0,31,Alpine,Sakhir
18.0,GAS,10,Alpine,20.0,2024,1,Sakhir,20.0,10,Alpine,Sakhir
19.0,BOT,77,Kick Sauber,16.0,2024,1,Sakhir,16.0,77,Kick Sauber,Sakhir
20.0,SAR,2,Williams,18.0,2024,1,Sakhir,18.0,2,Williams,Sakhir
1.0,VER,1,Red Bull Racing,1.0,2024,2,Jeddah,1.0,1,Red Bull Racing,Jeddah
2.0,PER,11,Red Bull Racing,3.0,2024,2,Jeddah,3.0,11,Red Bull Racing,Jeddah
3.0,LEC,16,Ferrari,2.0,2024,2,Jeddah,2.0,16,Ferrari,Jeddah
4.0,PIA,81,McLaren,5.0,2024,2,Jeddah,5.0,81,McLaren,Jeddah
5.0,ALO,14,Aston Martin,4.0,2024,2,Jeddah,4.0,14,Aston Martin,Jeddah
6.0,RUS,63,Mercedes,7.0,2024,2,Jeddah,7.0,63,Mercedes,Jeddah
7.0,BEA,38,Ferrari,11.0,2024,2,Jeddah,11.0,38,Ferrari,Jeddah
8.0,NOR,4,McLaren,6.0,2024,2,Jeddah,6.0,4,McLaren,Jeddah
9.0,HAM,44,Mercedes,8.0,2024,2,Jeddah,8.0,44,Mercedes,Jeddah
10.0,HUL,27,Haas F1 Team,15.0,2024,2,Jeddah,15.0,27,Haas F1 Team,Jeddah
11.0,ALB,23,Williams,12.0,2024,2,Jeddah,12.0,23,Williams,Jeddah
12.0,MAG,20,Haas F1 Team,13.0,2024,2,Jeddah,13.0,20,Haas F1 Team,Jeddah
13.0,OCO,31,Alpine,17.0,2024,2,Jeddah,17.0,31,Alpine,Jeddah
14.0,SAR,2,Williams,19.0,2024,2,Jeddah,19.0,2,Williams,Jeddah
15.0,TSU,22,RB,9.0,2024,2,Jeddah,9.0,22,RB,Jeddah
16.0,RIC,3,RB,14.0,2024,2,Jeddah,14.0,3,RB,Jeddah
17.0,BOT,77,Kick Sauber,16.0,2024,2,Jeddah,16.0,77,Kick Sauber,Jeddah
18.0,ZHO,24,Kick Sauber,20.0,2024,2,Jeddah,20.0,24,Kick Sauber,Jeddah
19.0,STR,18,Aston Martin,10.0,2024,2,Jeddah,10.0,18,Aston Martin,Jeddah
20.0,GAS,10,Alpine,18.0,2024,2,Jeddah,18.0,10,Alpine,Jeddah
1.0,SAI,55,Ferrari,2.0,2024,3,Melbourne,2.0,55,Ferrari,Melbourne
2.0,LEC,16,Ferrari,4.0,2024,3,Melbourne,5.0,16,Ferrari,Melbourne
3.0,NOR,4,McLaren,3.0,2024,3,Melbourne,4.0,4,McLaren,Melbourne
4.0,PIA,81,McLaren,5.0,2024,3,Melbourne,6.0,81,McLaren,Melbourne
5.0,PER,11,Red Bull Racing,6.0,2024,3,Melbourne,3.0,11,Red Bull Racing,Melbourne
6.0,STR,18,Aston Martin,9.0,2024,3,Melbourne,9.0,18,Aston Martin,Melbourne
7.0,TSU,22,RB,8.0,2024,3,Melbourne,8.0,22,RB,Melbourne
8.0,ALO,14,Aston Martin,10.0,2024,3,Melbourne,10.0,14,Aston Martin,Melbourne
9.0,HUL,27,Haas F1 Team,16.0,2024,3,Melbourne,16.0,27,Haas F1 Team,Melbourne
10.0,MAG,20,Haas F1 Team,14.0,2024,3,Melbourne,14.0,20,Haas F1 Team,Melbourne
11.0,ALB,23,Williams,12.0,2024,3,Melbourne,12.0,23,Williams,Melbourne
12.0,RIC,3,RB,18.0,2024,3,Melbourne,18.0,3,RB,Melbourne
13.0,GAS,10,Alpine,17.0,2024,3,Melbourne,17.0,10,Alpine,Melbourne
14.0,BOT,77,Kick Sauber,13.0,2024,3,Melbourne,13.0,77,Kick Sauber,Melbourne
15.0,ZHO,24,Kick Sauber,19.0,2024,3,Melbourne,19.0,24,Kick Sauber,Melbourne
16.0,OCO,31,Alpine,15.0,2024,3,Melbourne,15.0,31,Alpine,Melbourne
17.0,RUS,63,Mercedes,7.0,2024,3,Melbourne,7.0,63,Mercedes,Melbourne
18.0,HAM,44,Mercedes,11.0,2024,3,Melbourne,11.0,44,Mercedes,Melbourne
19.0,VER,1,Red Bull Racing,1.0,2024,3,Melbourne,1.0,1,Red Bull Racing,Melbourne
1.0,VER,1,Red Bull Racing,1.0,2024,4,Suzuka,1.0,1,Red Bull Racing,Suzuka
2.0,PER,11,Red Bull Racing,2.0,2024,4,Suzuka,2.0,11,Red Bull Racing,Suzuka
3.0,SAI,55,Ferrari,4.0,2024,4,Suzuka,4.0,55,Ferrari,Suzuka
4.0,LEC,16,Ferrari,8.0,2024,4,Suzuka,8.0,16,Ferrari,Suzuka
5.0,NOR,4,McLaren,3.0,2024,4,Suzuka,3.0,4,McLaren,Suzuka
6.0,ALO,14,Aston Martin,5.0,2024,4,Suzuka,5.0,14,Aston Martin,Suzuka
7.0,RUS,63,Mercedes,9.0,2024,4,Suzuka,9.0,63,Mercedes,Suzuka
8.0,PIA,81,McLaren,6.0,2024,4,Suzuka,6.0,81,McLaren,Suzuka
9.0,HAM,44,Mercedes,7.0,2024,4,Suzuka,7.0,44,Mercedes,Suzuka
10.0,TSU,22,RB,10.0,2024,4,Suzuka,10.0,22,RB,Suzuka
11.0,HUL,27,Haas F1 Team,12.0,2024,4,Suzuka,12.0,27,Haas F1 Team,Suzuka
12.0,STR,18,Aston Martin,16.0,2024,4,Suzuka,16.0,18,Aston Martin,Suzuka
13.0,MAG,20,Haas F1 Team,18.0,2024,4,Suzuka,18.0,20,Haas F1 Team,Suzuka
14.0,BOT,77,Kick Sauber,13.0,2024,4,Suzuka,13.0,77,Kick Sauber,Suzuka
15.0,OCO,31,Alpine,15.0,2024,4,Suzuka,15.0,31,Alpine,Suzuka
16.0,GAS,10,Alpine,17.0,2024,4,Suzuka,17.0,10,Alpine,Suzuka
17.0,SAR,2,Williams,19.0,2024,4,Suzuka,19.0,2,Williams,Suzuka
18.0,ZHO,24,Kick Sauber,20.0,2024,4,Suzuka,20.0,24,Kick Sauber,Suzuka
19.0,RIC,3,RB,11.0,2024,4,Suzuka,11.0,3,RB,Suzuka
20.0,ALB,23,Williams,14.0,2024,4,Suzuka,14.0,23,Williams,Suzuka
1.0,VER,1,Red Bull Racing,1.0,2024,5,Shanghai,1.0,1,Red Bull Racing,Shanghai
2.0,NOR,4,McLaren,4.0,2024,5,Shanghai,4.0,4,McLaren,Shanghai
3.0,PER,11,Red Bull Racing,2.0,2024,5,Shanghai,2.0,11,Red Bull Racing,Shanghai
4.0,LEC,16,Ferrari,6.0,2024,5,Shanghai,6.0,16,Ferrari,Shanghai
5.0,SAI,55,Ferrari,7.0,2024,5,Shanghai,7.0,55,Ferrari,Shanghai
6.0,RUS,63,Mercedes,8.0,2024,5,Shanghai,8.0,63,Mercedes,Shanghai
7.0,ALO,14,Aston Martin,3.0,2024,5,Shanghai,3.0,14,Aston Martin,Shanghai
8.0,PIA,81,McLaren,5.0,2024,5,Shanghai,5.0,81,McLaren,Shanghai
9.0,HAM,44,Mercedes,18.0,2024,5,Shanghai,18.0,44,Mercedes,Shanghai
10.0,HUL,27,Haas F1 Team,9.0,2024,5,Shanghai,9.0,27,Haas F1 Team,Shanghai
11.0,OCO,31,Alpine,13.0,2024,5,Shanghai,13.0,31,Alpine,Shanghai
12.0,ALB,23,Williams,14.0,2024,5,Shanghai,14.0,23,Williams,Shanghai
13.0,GAS,10,Alpine,15.0,2024,5,Shanghai,15.0,10,Alpine,Shanghai
14.0,ZHO,24,Kick Sauber,16.0,2024,5,Shanghai,16.0,24,Kick Sauber,Shanghai
15.0,STR,18,Aston Martin,11.0,2024,5,Shanghai,11.0,18,Aston Martin,Shanghai
16.0,MAG,20,Haas F1 Team,17.0,2024,5,Shanghai,17.0,20,Haas F1 Team,Shanghai
17.0,SAR,2,Williams,20.0,2024,5,Shanghai,20.0,2,Williams,Shanghai
18.0,RIC,3,RB,12.0,2024,5,Shanghai,12.0,3,RB,Shanghai
19.0,TSU,22,RB,19.0,2024,5,Shanghai,19.0,22,RB,Shanghai
20.0,BOT,77,Kick Sauber,10.0,2024,5,Shanghai,10.0,77,Kick Sauber,Shanghai
1.0,NOR,4,McLaren,5.0,2024,6,Miami,5.0,4,McLaren,Miami
2.0,VER,1,Red Bull Racing,1.0,2024,6,Miami,1.0,1,Red Bull Racing,Miami
3.0,LEC,16,Ferrari,2.0,2024,6,Miami,2.0,16,Ferrari,Miami
4.0,PER,11,Red Bull Racing,4.0,2024,6,Miami,4.0,11,Red Bull Racing,Miami
5.0,SAI,55,Ferrari,3.0,2024,6,Miami,3.0,55,Ferrari,Miami
6.0,HAM,44,Mercedes,8.0,2024,6,Miami,8.0,44,Mercedes,Miami
7.0,TSU,22,RB,10.0,2024,6,Miami,10.0,22,RB,Miami
8.0,RUS,63,Mercedes,7.0,2024,6,Miami,7.0,63,Mercedes,Miami
9.0,ALO,14,Aston Martin,15.0,2024,6,Miami,15.0,14,Aston Martin,Miami
10.0,OCO,31,Alpine,13.0,2024,6,Miami,13.0,31,Alpine,Miami
11.0,HUL,27,Haas F1 Team,9.0,2024,6,Miami,9.0,27,Haas F1 Team,Miami
12.0,GAS,10,Alpine,12.0,2024,6,Miami,12.0,10,Alpine,Miami
13.0,PIA,81,McLaren,6.0,2024,6,Miami,6.0,81,McLaren,Miami
14.0,ZHO,24,Kick Sauber,19.0,2024,6,Miami,20.0,24,Kick Sauber,Miami
15.0,RIC,3,RB,20.0,2024,6,Miami,18.0,3,RB,Miami
16.0,BOT,77,Kick Sauber,16.0,2024,6,Miami,16.0,77,Kick Sauber,Miami
17.0,STR,18,Aston Martin,11.0,2024,6,Miami,11.0,18,Aston Martin,Miami
18.0,ALB,23,Williams,14.0,2024,6,Miami,14.0,23,Williams,Miami
19.0,MAG,20,Haas F1 Team,18.0,2024,6,Miami,19.0,20,Haas F1 Team,Miami
20.0,SAR,2,Williams,17.0,2024,6,Miami,17.0,2,Williams,Miami
1.0,VER,1,Red Bull Racing,1.0,2024,7,Imola,1.0,1,Red Bull Racing,Imola
2.0,NOR,4,McLaren,2.0,2024,7,Imola,3.0,4,McLaren,Imola
3.0,LEC,16,Ferrari,3.0,2024,7,Imola,4.0,16,Ferrari,Imola
4.0,PIA,81,McLaren,5.0,2024,7,Imola,2.0,81,McLaren,Imola
5.0,SAI,55,Ferrari,4.0,2024,7,Imola,5.0,55,Ferrari,Imola
6.0,HAM,44,Mercedes,8.0,2024,7,Imola,8.0,44,Mercedes,Imola
7.0,RUS,63,Mercedes,6.0,2024,7,Imola,6.0,63,Mercedes,Imola
8.0,PER,11,Red Bull Racing,11.0,2024,7,Imola,11.0,11,Red Bull Racing,Imola
9.0,STR,18,Aston Martin,13.0,2024,7,Imola,13.0,18,Aston Martin,Imola
10.0,TSU,22,RB,7.0,2024,7,Imola,7.0,22,RB,Imola
11.0,HUL,27,Haas F1 Team,10.0,2024,7,Imola,10.0,27,Haas F1 Team,Imola
12.0,MAG,20,Haas F1 Team,18.0,2024,7,Imola,18.0,20,Haas F1 Team,Imola
13.0,RIC,3,RB,9.0,2024,7,Imola,9.0,3,RB,Imola
14.0,OCO,31,Alpine,12.0,2024,7,Imola,12.0,31,Alpine,Imola
15.0,ZHO,24,Kick Sauber,17.0,2024,7,Imola,17.0,24,Kick Sauber,Imola
16.0,GAS,10,Alpine,15.0,2024,7,Imola,15.0,10,Alpine,Imola
17.0,SAR,2,Williams,19.0,2024,7,Imola,20.0,2,Williams,Imola
18.0,BOT,77,Kick Sauber,16.0,2024,7,Imola,16.0,77,Kick Sauber,Imola
19.0,ALO,14,Aston Martin,20.0,2024,7,Imola,19.0,14,Aston Martin,Imola
20.0,ALB,23,Williams,14.0,2024,7,Imola,14.0,23,Williams,Imola
1.0,LEC,16,Ferrari,1.0,2024,8,Monaco,1.0,16,Ferrari,Monaco
2.0,PIA,81,McLaren,2.0,2024,8,Monaco,2.0,81,McLaren,Monaco
3.0,SAI,55,Ferrari,3.0,2024,8,Monaco,3.0,55,Ferrari,Monaco
4.0,NOR,4,McLaren,4.0,2024,8,Monaco,4.0,4,McLaren,Monaco
5.0,RUS,63,Mercedes,5.0,2024,8,Monaco,5.0,63,Mercedes,Monaco
6.0,VER,1,Red Bull Racing,6.0,2024,8,Monaco,6.0,1,Red Bull Racing,Monaco
7.0,HAM,44,Mercedes,7.0,2024,8,Monaco,7.0,44,Mercedes,Monaco
8.0,TSU,22,RB,8.0,2024,8,Monaco,8.0,22,RB,Monaco
9.0,ALB,23,Williams,9.0,2024,8,Monaco,9.0,23,Williams,Monaco
10.0,GAS,10,Alpine,10.0,2024,8,Monaco,10.0,10,Alpine,Monaco
11.0,ALO,14,Aston Martin,14.0,2024,8,Monaco,14.0,14,Aston Martin,Monaco
12.0,RIC,3,RB,12.0,2024,8,Monaco,12.0,3,RB,Monaco
13.0,BOT,77,Kick Sauber,17.0,2024,8,Monaco,17.0,77,Kick Sauber,Monaco
14.0,STR,18,Aston Martin,13.0,2024,8,Monaco,13.0,18,Aston Martin,Monaco
15.0,SAR,2,Williams,15.0,2024,8,Monaco,15.0,2,Williams,Monaco
16.0,ZHO,24,Kick Sauber,18.0,2024,8,Monaco,18.0,24,Kick Sauber,Monaco
17.0,OCO,31,Alpine,11.0,2024,8,Monaco,11.0,31,Alpine,Monaco
18.0,PER,11,Red Bull Racing,16.0,2024,8,Monaco,16.0,11,Red Bull Racing,Monaco
19.0,HUL,27,Haas F1 Team,19.0,2024,8,Monaco,14.0,27,Haas F1 Team,Monaco
20.0,MAG,20,Haas F1 Team,20.0,2024,8,Monaco,15.0,20,Haas F1 Team,Monaco
1.0,VER,1,Red Bull Racing,2.0,2024,9,Montréal,2.0,1,Red Bull Racing,Montréal
2.0,NOR,4,McLaren,3.0,2024,9,Montréal,3.0,4,McLaren,Montréal
3.0,RUS,63,Mercedes,1.0,2024,9,Montréal,1.0,63,Mercedes,Montréal
4.0,HAM,44,Mercedes,7.0,2024,9,Montréal,7.0,44,Mercedes,Montréal
5.0,PIA,81,McLaren,4.0,2024,9,Montréal,4.0,81,McLaren,Montréal
6.0,ALO,14,Aston Martin,6.0,2024,9,Montréal,6.0,14,Aston Martin,Montréal
7.0,STR,18,Aston Martin,9.0,2024,9,Montréal,9.0,18,Aston Martin,Montréal
8.0,RIC,3,RB,5.0,2024,9,Montréal,5.0,3,RB,Montréal
9.0,GAS,10,Alpine,15.0,2024,9,Montréal,15.0,10,Alpine,Montréal
10.0,OCO,31,Alpine,18.0,2024,9,Montréal,18.0,31,Alpine,Montréal
11.0,HUL,27,Haas F1 Team,17.0,2024,9,Montréal,19.0,27,Haas F1 Team,Montréal
12.0,MAG,20,Haas F1 Team,14.0,2024,9,Montréal,14.0,20,Haas F1 Team,Montréal
13.0,BOT,77,Kick Sauber,19.0,2024,9,Montréal,17.0,77,Kick Sauber,Montréal
14.0,TSU,22,RB,8.0,2024,9,Montréal,8.0,22,RB,Montréal
15.0,ZHO,24,Kick Sauber,20.0,2024,9,Montréal,20.0,24,Kick Sauber,Montréal
16.0,SAI,55,Ferrari,12.0,2024,9,Montréal,12.0,55,Ferrari,Montréal
17.0,ALB,23,Williams,10.0,2024,9,Montréal,10.0,23,Williams,Montréal
18.0,PER,11,Red Bull Racing,16.0,2024,9,Montréal,16.0,11,Red Bull Racing,Montréal
19.0,LEC,16,Ferrari,11.0,2024,9,Montréal,11.0,16,Ferrari,Montréal
20.0,SAR,2,Williams,13.0,2024,9,Montréal,13.0,2,Williams,Montréal
1.0,VER,1,Red Bull Racing,2.0,2024,10,Barcelona,2.0,1,Red Bull Racing,Barcelona
2.0,NOR,4,McLaren,1.0,2024,10,Barcelona,1.0,4,McLaren,Barcelona
3.0,HAM,44,Mercedes,3.0,2024,10,Barcelona,3.0,44,Mercedes,Barcelona
4.0,RUS,63,Mercedes,4.0,2024,10,Barcelona,4.0,63,Mercedes,Barcelona
5.0,LEC,16,Ferrari,5.0,2024,10,Barcelona,5.0,16,Ferrari,Barcelona
6.0,SAI,55,Ferrari,6.0,2024,10,Barcelona,6.0,55,Ferrari,Barcelona
7.0,PIA,81,McLaren,9.0,2024,10,Barcelona,10.0,81,McLaren,Barcelona
8.0,PER,11,Red Bull Racing,11.0,2024,10,Barcelona,8.0,11,Red Bull Racing,Barcelona
9.0,GAS,10,Alpine,7.0,2024,10,Barcelona,7.0,10,Alpine,Barcelona
10.0,OCO,31,Alpine,8.0,2024,10,Barcelona,9.0,31,Alpine,Barcelona
11.0,HUL,27,Haas F1 Team,13.0,2024,10,Barcelona,13.0,27,Haas F1 Team,Barcelona
12.0,ALO,14,Aston Martin,10.0,2024,10,Barcelona,11.0,14,Aston Martin,Barcelona
13.0,ZHO,24,Kick Sauber,15.0,2024,10,Barcelona,15.0,24,Kick Sauber,Barcelona
14.0,STR,18,Aston Martin,14.0,2024,10,Barcelona,14.0,18,Aston Martin,Barcelona
15.0,RIC,3,RB,18.0,2024,10,Barcelona,18.0,3,RB,Barcelona
16.0,BOT,77,Kick Sauber,12.0,2024,10,Barcelona,12.0,77,Kick Sauber,Barcelona
17.0,MAG,20,Haas F1 Team,16.0,2024,10,Barcelona,16.0,20,Haas F1 Team,Barcelona
18.0,ALB,23,Williams,20.0,2024,10,Barcelona,19.0,23,Williams,Barcelona
19.0,TSU,22,RB,17.0,2024,10,Barcelona,17.0,22,RB,Barcelona
20.0,SAR,2,Williams,19.0,2024,10,Barcelona,20.0,2,Williams,Barcelona
1.0,RUS,63,Mercedes,3.0,2024,11,Spielberg,3.0,63,Mercedes,Spielberg
2.0,PIA,81,McLaren,7.0,2024,11,Spielberg,7.0,81,McLaren,Spielberg
3.0,SAI,55,Ferrari,4.0,2024,11,Spielberg,4.0,55,Ferrari,Spielberg
4.0,HAM,44,Mercedes,5.0,2024,11,Spielberg,5.0,44,Mercedes,Spielberg
5.0,VER,1,Red Bull Racing,1.0,2024,11,Spielberg,1.0,1,Red Bull Racing,Spielberg
6.0,HUL,27,Haas F1 Team,9.0,2024,11,Spielberg,9.0,27,Haas F1 Team,Spielberg
7.0,PER,11,Red Bull Racing,8.0,2024,11,Spielberg,8.0,11,Red Bull Racing,Spielberg
8.0,MAG,20,Haas F1 Team,12.0,2024,11,Spielberg,12.0,20,Haas F1 Team,Spielberg
9.0,RIC,3,RB,11.0,2024,11,Spielberg,11.0,3,RB,Spielberg
10.0,GAS,10,Alpine,13.0,2024,11,Spielberg,13.0,10,Alpine,Spielberg
11.0,LEC,16,Ferrari,6.0,2024,11,Spielberg,6.0,16,Ferrari,Spielberg
12.0,OCO,31,Alpine,10.0,2024,11,Spielberg,10.0,31,Alpine,Spielberg
13.0,STR,18,Aston Martin,17.0,2024,11,Spielberg,17.0,18,Aston Martin,Spielberg
14.0,TSU,22,RB,14.0,2024,11,Spielberg,14.0,22,RB,Spielberg
15.0,ALB,23,Williams,16.0,2024,11,Spielberg,16.0,23,Williams,Spielberg
16.0,BOT,77,Kick Sauber,18.0,2024,11,Spielberg,18.0,77,Kick Sauber,Spielberg
17.0,ZHO,24,Kick Sauber,20.0,2024,11,Spielberg,20.0,24,Kick Sauber,Spielberg
18.0,ALO,14,Aston Martin,15.0,2024,11,Spielberg,15.0,14,Aston Martin,Spielberg
19.0,SAR,2,Williams,19.0,2024,11,Spielberg,19.0,2,Williams,Spielberg
20.0,NOR,4,McLaren,2.0,2024,11,Spielberg,2.0,4,McLaren,Spielberg
1.0,HAM,44,Mercedes,2.0,2024,12,Silverstone,2.0,44,Mercedes,Silverstone
2.0,VER,1,Red Bull Racing,4.0,2024,12,Silverstone,4.0,1,Red Bull Racing,Silverstone
3.0,NOR,4,McLaren,3.0,2024,12,Silverstone,3.0,4,McLaren,Silverstone
4.0,PIA,81,McLaren,5.0,2024,12,Silverstone,5.0,81,McLaren,Silverstone
5.0,SAI,55,Ferrari,7.0,2024,12,Silverstone,7.0,55,Ferrari,Silverstone
6.0,HUL,27,Haas F1 Team,6.0,2024,12,Silverstone,6.0,27,Haas F1 Team,Silverstone
7.0,STR,18,Aston Martin,8.0,2024,12,Silverstone,8.0,18,Aston Martin,Silverstone
8.0,ALO,14,Aston Martin,10.0,2024,12,Silverstone,10.0,14,Aston Martin,Silverstone
9.0,ALB,23,Williams,9.0,2024,12,Silverstone,9.0,23,Williams,Silverstone
10.0,TSU,22,RB,13.0,2024,12,Silverstone,13.0,22,RB,Silverstone
11.0,SAR,2,Williams,12.0,2024,12,Silverstone,12.0,2,Williams,Silverstone
12.0,MAG,20,Haas F1 Team,17.0,2024,12,Silverstone,17.0,20,Haas F1 Team,Silverstone
13.0,RIC,3,RB,15.0,2024,12,Silverstone,15.0,3,RB,Silverstone
14.0,LEC,16,Ferrari,11.0,2024,12,Silverstone,11.0,16,Ferrari,Silverstone
15.0,BOT,77,Kick Sauber,16.0,2024,12,Silverstone,16.0,77,Kick Sauber,Silverstone
16.0,OCO,31,Alpine,18.0,2024,12,Silverstone,18.0,31,Alpine,Silverstone
17.0,PER,11,Red Bull Racing,20.0,2024,12,Silverstone,19.0,11,Red Bull Racing,Silverstone
18.0,ZHO,24,Kick Sauber,14.0,2024,12,Silverstone,14.0,24,Kick Sauber,Silverstone
19.0,RUS,63,Mercedes,1.0,2024,12,Silverstone,1.0,63,Mercedes,Silverstone
20.0,GAS,10,Alpine,19.0,2024,12,Silverstone,20.0,10,Alpine,Silverstone
1.0,PIA,81,McLaren,2.0,2024,13,Budapest,2.0,81,McLaren,Budapest
2.0,NOR,4,McLaren,1.0,2024,13,Budapest,1.0,4,McLaren,Budapest
3.0,HAM,44,Mercedes,5.0,2024,13,Budapest,5.0,44,Mercedes,Budapest
4.0,LEC,16,Ferrari,6.0,2024,13,Budapest,6.0,16,Ferrari,Budapest
5.0,VER,1,Red Bull Racing,3.0,2024,13,Budapest,3.0,1,Red Bull Racing,Budapest
6.0,SAI,55,Ferrari,4.0,2024,13,Budapest,4.0,55,Ferrari,Budapest
7.0,PER,11,Red Bull Racing,16.0,2024,13,Budapest,16.0,11,Red Bull Racing,Budapest
8.0,RUS,63,Mercedes,17.0,2024,13,Budapest,17.0,63,Mercedes,Budapest
9.0,TSU,22,RB,10.0,2024,13,Budapest,10.0,22,RB,Budapest
10.0,STR,18,Aston Martin,8.0,2024,13,Budapest,8.0,18,Aston Martin,Budapest
11.0,ALO,14,Aston Martin,7.0,2024,13,Budapest,7.0,14,Aston Martin,Budapest
12.0,RIC,3,RB,9.0,2024,13,Budapest,9.0,3,RB,Budapest
13.0,HUL,27,Haas F1 Team,11.0,2024,13,Budapest,11.0,27,Haas F1 Team,Budapest
14.0,ALB,23,Williams,13.0,2024,13,Budapest,13.0,23,Williams,Budapest
15.0,MAG,20,Haas F1 Team,15.0,2024,13,Budapest,15.0,20,Haas F1 Team,Budapest
16.0,BOT,77,Kick Sauber,12.0,2024,13,Budapest,12.0,77,Kick Sauber,Budapest
17.0,SAR,2,Williams,14.0,2024,13,Budapest,14.0,2,Williams,Budapest
18.0,OCO,31,Alpine,19.0,2024,13,Budapest,19.0,31,Alpine,Budapest
19.0,ZHO,24,Kick Sauber,18.0,2024,13,Budapest,18.0,24,Kick Sauber,Budapest
20.0,GAS,10,Alpine,20.0,2024,13,Budapest,20.0,10,Alpine,Budapest
1.0,HAM,44,Mercedes,3.0,2024,14,Spa-Francorchamps,4.0,44,Mercedes,Spa-Francorchamps
2.0,PIA,81,McLaren,5.0,2024,14,Spa-Francorchamps,6.0,81,McLaren,Spa-Francorchamps
3.0,LEC,16,Ferrari,1.0,2024,14,Spa-Francorchamps,2.0,16,Ferrari,Spa-Francorchamps
4.0,VER,1,Red Bull Racing,11.0,2024,14,Spa-Francorchamps,1.0,1,Red Bull Racing,Spa-Francorchamps
5.0,NOR,4,McLaren,4.0,2024,14,Spa-Francorchamps,5.0,4,McLaren,Spa-Francorchamps
6.0,SAI,55,Ferrari,7.0,2024,14,Spa-Francorchamps,8.0,55,Ferrari,Spa-Francorchamps
7.0,PER,11,Red Bull Racing,2.0,2024,14,Spa-Francorchamps,3.0,11,Red Bull Racing,Spa-Francorchamps
8.0,ALO,14,Aston Martin,8.0,2024,14,Spa-Francorchamps,9.0,14,Aston Martin,Spa-Francorchamps
9.0,OCO,31,Alpine,9.0,2024,14,Spa-Francorchamps,10.0,31,Alpine,Spa-Francorchamps
10.0,RIC,3,RB,13.0,2024,14,Spa-Francorchamps,13.0,3,RB,Spa-Francorchamps
11.0,STR,18,Aston Martin,15.0,2024,14,Spa-Francorchamps,15.0,18,Aston Martin,Spa-Francorchamps
12.0,ALB,23,Williams,10.0,2024,14,Spa-Francorchamps,11.0,23,Williams,Spa-Francorchamps
13.0,GAS,10,Alpine,12.0,2024,14,Spa-Francorchamps,12.0,10,Alpine,Spa-Francorchamps
14.0,MAG,20,Haas F1 Team,17.0,2024,14,Spa-Francorchamps,17.0,20,Haas F1 Team,Spa-Francorchamps
15.0,BOT,77,Kick Sauber,14.0,2024,14,Spa-Francorchamps,14.0,77,Kick Sauber,Spa-Francorchamps
16.0,TSU,22,RB,20.0,2024,14,Spa-Francorchamps,18.0,22,RB,Spa-Francorchamps
17.0,SAR,2,Williams,18.0,2024,14,Spa-Francorchamps,19.0,2,Williams,Spa-Francorchamps
18.0,HUL,27,Haas F1 Team,16.0,2024,14,Spa-Francorchamps,16.0,27,Haas F1 Team,Spa-Francorchamps
19.0,ZHO,24,Kick Sauber,19.0,2024,14,Spa-Francorchamps,20.0,24,Kick Sauber,Spa-Francorchamps
20.0,RUS,63,Mercedes,6.0,2024,14,Spa-Francorchamps,7.0,63,Mercedes,Spa-Francorchamps
1.0,NOR,4,McLaren,1.0,2024,15,Zandvoort,1.0,4,McLaren,Zandvoort
2.0,VER,1,Red Bull Racing,2.0,2024,15,Zandvoort,2.0,1,Red Bull Racing,Zandvoort
3.0,LEC,16,Ferrari,6.0,2024,15,Zandvoort,6.0,16,Ferrari,Zandvoort
4.0,PIA,81,McLaren,3.0,2024,15,Zandvoort,3.0,81,McLaren,Zandvoort
5.0,SAI,55,Ferrari,10.0,2024,15,Zandvoort,10.0,55,Ferrari,Zandvoort
6.0,PER,11,Red Bull Racing,5.0,2024,15,Zandvoort,5.0,11,Red Bull Racing,Zandvoort
7.0,RUS,63,Mercedes,4.0,2024,15,Zandvoort,4.0,63,Mercedes,Zandvoort
8.0,HAM,44,Mercedes,14.0,2024,15,Zandvoort,11.0,44,Mercedes,Zandvoort
9.0,GAS,10,Alpine,9.0,2024,15,Zandvoort,9.0,10,Alpine,Zandvoort
10.0,ALO,14,Aston Martin,7.0,2024,15,Zandvoort,7.0,14,Aston Martin,Zandvoort
11.0,HUL,27,Haas F1 Team,12.0,2024,15,Zandvoort,13.0,27,Haas F1 Team,Zandvoort
12.0,RIC,3,RB,13.0,2024,15,Zandvoort,15.0,3,RB,Zandvoort
13.0,STR,18,Aston Martin,8.0,2024,15,Zandvoort,8.0,18,Aston Martin,Zandvoort
14.0,ALB,23,Williams,19.0,2024,15,Zandvoort,10.0,23,Williams,Zandvoort
15.0,OCO,31,Alpine,15.0,2024,15,Zandvoort,16.0,31,Alpine,Zandvoort
16.0,SAR,2,Williams,18.0,2024,15,Zandvoort,20.0,2,Williams,Zandvoort
17.0,TSU,22,RB,11.0,2024,15,Zandvoort,12.0,22,RB,Zandvoort
18.0,MAG,20,Haas F1 Team,20.0,2024,15,Zandvoort,14.0,20,Haas F1 Team,Zandvoort
19.0,BOT,77,Kick Sauber,16.0,2024,15,Zandvoort,17.0,77,Kick Sauber,Zandvoort
20.0,ZHO,24,Kick Sauber,17.0,2024,15,Zandvoort,18.0,24,Kick Sauber,Zandvoort
1.0,LEC,16,Ferrari,4.0,2024,16,Monza,4.0,16,Ferrari,Monza
2.0,PIA,81,McLaren,2.0,2024,16,Monza,2.0,81,McLaren,Monza
3.0,NOR,4,McLaren,1.0,2024,16,Monza,1.0,4,McLaren,Monza
4.0,SAI,55,Ferrari,5.0,2024,16,Monza,5.0,55,Ferrari,Monza
5.0,HAM,44,Mercedes,6.0,2024,16,Monza,6.0,44,Mercedes,Monza
6.0,VER,1,Red Bull Racing,7.0,2024,16,Monza,7.0,1,Red Bull Racing,Monza
7.0,RUS,63,Mercedes,3.0,2024,16,Monza,3.0,63,Mercedes,Monza
8.0,PER,11,Red Bull Racing,8.0,2024,16,Monza,8.0,11,Red Bull Racing,Monza
9.0,ALB,23,Williams,9.0,2024,16,Monza,9.0,23,Williams,Monza
10.0,MAG,20,Haas F1 Team,13.0,2024,16,Monza,13.0,20,Haas F1 Team,Monza
11.0,ALO,14,Aston Martin,11.0,2024,16,Monza,11.0,14,Aston Martin,Monza
12.0,COL,43,Williams,18.0,2024,16,Monza,18.0,43,Williams,Monza
13.0,RIC,3,RB,12.0,2024,16,Monza,12.0,3,RB,Monza
14.0,OCO,31,Alpine,15.0,2024,16,Monza,15.0,31,Alpine,Monza
15.0,GAS,10,Alpine,14.0,2024,16,Monza,14.0,10,Alpine,Monza
16.0,BOT,77,Kick Sauber,19.0,2024,16,Monza,19.0,77,Kick Sauber,Monza
17.0,HUL,27,Haas F1 Team,10.0,2024,16,Monza,10.0,27,Haas F1 Team,Monza
18.0,ZHO,24,Kick Sauber,20.0,2024,16,Monza,20.0,24,Kick Sauber,Monza
19.0,STR,18,Aston Martin,17.0,2024,16,Monza,17.0,18,Aston Martin,Monza
20.0,TSU,22,RB,16.0,2024,16,Monza,16.0,22,RB,Monza
1.0,PIA,81,McLaren,2.0,2024,17,Baku,2.0,81,McLaren,Baku
2.0,LEC,16,Ferrari,1.0,2024,17,Baku,1.0,16,Ferrari,Baku
3.0,RUS,63,Mercedes,5.0,2024,17,Baku,5.0,63,Mercedes,Baku
4.0,NOR,4,McLaren,15.0,2024,17,Baku,16.0,4,McLaren,Baku
5.0,VER,1,Red Bull Racing,6.0,2024,17,Baku,6.0,1,Red Bull Racing,Baku
6.0,ALO,14,Aston Martin,7.0,2024,17,Baku,8.0,14,Aston Martin,Baku
7.0,ALB,23,Williams,9.0,2024,17,Baku,10.0,23,Williams,Baku
8.0,COL,43,Williams,8.0,2024,17,Baku,9.0,43,Williams,Baku
9.0,HAM,44,Mercedes,19.0,2024,17,Baku,7.0,44,Mercedes,Baku
10.0,BEA,50,Haas F1 Team,10.0,2024,17,Baku,11.0,50,Haas F1 Team,Baku
11.0,HUL,27,Haas F1 Team,12.0,2024,17,Baku,13.0,27,Haas F1 Team,Baku
12.0,GAS,10,Alpine,18.0,2024,17,Baku,15.0,10,Alpine,Baku
13.0,RIC,3,RB,14.0,2024,17,Baku,15.0,3,RB,Baku
14.0,ZHO,24,Kick Sauber,17.0,2024,17,Baku,18.0,24,Kick Sauber,Baku
15.0,OCO,31,Alpine,20.0,2024,17,Baku,19.0,31,Alpine,Baku
16.0,BOT,77,Kick Sauber,16.0,2024,17,Baku,17.0,77,Kick Sauber,Baku
17.0,PER,11,Red Bull Racing,4.0,2024,17,Baku,4.0,11,Red Bull Racing,Baku
18.0,SAI,55,Ferrari,3.0,2024,17,Baku,3.0,55,Ferrari,Baku
19.0,STR,18,Aston Martin,13.0,2024,17,Baku,14.0,18,Aston Martin,Baku
20.0,TSU,22,RB,11.0,2024,17,Baku,12.0,22,RB,Baku
1.0,NOR,4,McLaren,1.0,2024,18,Marina Bay,1.0,4,McLaren,Marina Bay
2.0,VER,1,Red Bull Racing,2.0,2024,18,Marina Bay,2.0,1,Red Bull Racing,Marina Bay
3.0,PIA,81,McLaren,5.0,2024,18,Marina Bay,5.0,81,McLaren,Marina Bay
4.0,RUS,63,Mercedes,4.0,2024,18,Marina Bay,4.0,63,Mercedes,Marina Bay
5.0,LEC,16,Ferrari,9.0,2024,18,Marina Bay,9.0,16,Ferrari,Marina Bay
6.0,HAM,44,Mercedes,3.0,2024,18,Marina Bay,3.0,44,Mercedes,Marina Bay
7.0,SAI,55,Ferrari,10.0,2024,18,Marina Bay,10.0,55,Ferrari,Marina Bay
8.0,ALO,14,Aston Martin,7.0,2024,18,Marina Bay,7.0,14,Aston Martin,Marina Bay
9.0,HUL,27,Haas F1 Team,6.0,2024,18,Marina Bay,6.0,27,Haas F1 Team,Marina Bay
10.0,PER,11,Red Bull Racing,13.0,2024,18,Marina Bay,13.0,11,Red Bull Racing,Marina Bay
11.0,COL,43,Williams,12.0,2024,18,Marina Bay,12.0,43,Williams,Marina Bay
12.0,TSU,22,RB,8.0,2024,18,Marina Bay,8.0,22,RB,Marina Bay
13.0,OCO,31,Alpine,15.0,2024,18,Marina Bay,15.0,31,Alpine,Marina Bay
14.0,STR,18,Aston Martin,17.0,2024,18,Marina Bay,17.0,18,Aston Martin,Marina Bay
15.0,ZHO,24,Kick Sauber,20.0,2024,18,Marina Bay,20.0,24,Kick Sauber,Marina Bay
16.0,BOT,77,Kick Sauber,19.0,2024,18,Marina Bay,19.0,77,Kick Sauber,Marina Bay
17.0,GAS,10,Alpine,18.0,2024,18,Marina Bay,18.0,10,Alpine,Marina Bay
18.0,RIC,3,RB,16.0,2024,18,Marina Bay,16.0,3,RB,Marina Bay
19.0,MAG,20,Haas F1 Team,14.0,2024,18,Marina Bay,14.0,20,Haas F1 Team,Marina Bay
20.0,ALB,23,Williams,11.0,2024,18,Marina Bay,11.0,23,Williams,Marina Bay
1.0,LEC,16,Ferrari,4.0,2024,19,Austin,4.0,16,Ferrari,Austin
2.0,SAI,55,Ferrari,3.0,2024,19,Austin,3.0,55,Ferrari,Austin
3.0,VER,1,Red Bull Racing,2.0,2024,19,Austin,2.0,1,Red Bull Racing,Austin
4.0,NOR,4,McLaren,1.0,2024,19,Austin,1.0,4,McLaren,Austin
5.0,PIA,81,McLaren,5.0,2024,19,Austin,5.0,81,McLaren,Austin
6.0,RUS,63,Mercedes,20.0,2024,19,Austin,6.0,63,Mercedes,Austin
7.0,PER,11,Red Bull Racing,9.0,2024,19,Austin,10.0,11,Red Bull Racing,Austin
8.0,HUL,27,Haas F1 Team,11.0,2024,19,Austin,12.0,27,Haas F1 Team,Austin
9.0,LAW,30,RB,19.0,2024,19,Austin,15.0,30,RB,Austin
10.0,COL,43,Williams,15.0,2024,19,Austin,17.0,43,Williams,Austin
11.0,MAG,20,Haas F1 Team,8.0,2024,19,Austin,9.0,20,Haas F1 Team,Austin
12.0,GAS,10,Alpine,6.0,2024,19,Austin,7.0,10,Alpine,Austin
13.0,ALO,14,Aston Martin,7.0,2024,19,Austin,8.0,14,Aston Martin,Austin
14.0,TSU,22,RB,10.0,2024,19,Austin,11.0,22,RB,Austin
15.0,STR,18,Aston Martin,13.0,2024,19,Austin,14.0,18,Aston Martin,Austin
16.0,ALB,23,Williams,14.0,2024,19,Austin,16.0,23,Williams,Austin
17.0,BOT,77,Kick Sauber,16.0,2024,19,Austin,18.0,77,Kick Sauber,Austin
18.0,OCO,31,Alpine,12.0,2024,19,Austin,13.0,31,Alpine,Austin
19.0,ZHO,24,Kick Sauber,18.0,2024,19,Austin,20.0,24,Kick Sauber,Austin
20.0,HAM,44,Mercedes,17.0,2024,19,Austin,19.0,44,Mercedes,Austin
1.0,SAI,55,Ferrari,1.0,2024,20,Mexico City,1.0,55,Ferrari,Mexico City
2.0,NOR,4,McLaren,3.0,2024,20,Mexico City,3.0,4,McLaren,Mexico City
3.0,LEC,16,Ferrari,4.0,2024,20,Mexico City,4.0,16,Ferrari,Mexico City
4.0,HAM,44,Mercedes,6.0,2024,20,Mexico City,6.0,44,Mercedes,Mexico City
5.0,RUS,63,Mercedes,5.0,2024,20,Mexico City,5.0,63,Mercedes,Mexico City
6.0,VER,1,Red Bull Racing,2.0,2024,20,Mexico City,2.0,1,Red Bull Racing,Mexico City
7.0,MAG,20,Haas F1 Team,7.0,2024,20,Mexico City,7.0,20,Haas F1 Team,Mexico City
8.0,PIA,81,McLaren,17.0,2024,20,Mexico City,17.0,81,McLaren,Mexico City
9.0,HUL,27,Haas F1 Team,10.0,2024,20,Mexico City,10.0,27,Haas F1 Team,Mexico City
10.0,GAS,10,Alpine,8.0,2024,20,Mexico City,8.0,10,Alpine,Mexico City
11.0,STR,18,Aston Martin,14.0,2024,20,Mexico City,14.0,18,Aston Martin,Mexico City
12.0,COL,43,Williams,16.0,2024,20,Mexico City,16.0,43,Williams,Mexico City
13.0,OCO,31,Alpine,0.0,2024,20,Mexico City,19.0,31,Alpine,Mexico City
14.0,BOT,77,Kick Sauber,15.0,2024,20,Mexico City,15.0,77,Kick Sauber,Mexico City
15.0,ZHO,24,Kick Sauber,19.0,2024,20,Mexico City,20.0,24,Kick Sauber,Mexico City
16.0,LAW,30,RB,12.0,2024,20,Mexico City,12.0,30,RB,Mexico City
17.0,PER,11,Red Bull Racing,18.0,2024,20,Mexico City,18.0,11,Red Bull Racing,Mexico City
18.0,ALO,14,Aston Martin,13.0,2024,20,Mexico City,13.0,14,Aston Martin,Mexico City
19.0,ALB,23,Williams,9.0,2024,20,Mexico City,9.0,23,Williams,Mexico City
20.0,TSU,22,RB,11.0,2024,20,Mexico City,11.0,22,RB,Mexico City
1.0,VER,1,Red Bull Racing,17.0,2024,21,São Paulo,12.0,1,Red Bull Racing,São Paulo
2.0,OCO,31,Alpine,4.0,2024,21,São Paulo,4.0,31,Alpine,São Paulo
3.0,GAS,10,Alpine,13.0,2024,21,São Paulo,15.0,10,Alpine,São Paulo
4.0,RUS,63,Mercedes,2.0,2024,21,São Paulo,2.0,63,Mercedes,São Paulo
5.0,LEC,16,Ferrari,6.0,2024,21,São Paulo,6.0,16,Ferrari,São Paulo
6.0,NOR,4,McLaren,1.0,2024,21,São Paulo,1.0,4,McLaren,São Paulo
7.0,TSU,22,RB,3.0,2024,21,São Paulo,3.0,22,RB,São Paulo
8.0,PIA,81,McLaren,8.0,2024,21,São Paulo,8.0,81,McLaren,São Paulo
9.0,LAW,30,RB,5.0,2024,21,São Paulo,5.0,30,RB,São Paulo
10.0,HAM,44,Mercedes,14.0,2024,21,São Paulo,16.0,44,Mercedes,São Paulo
11.0,PER,11,Red Bull Racing,12.0,2024,21,São Paulo,13.0,11,Red Bull Racing,São Paulo
12.0,BEA,50,Haas F1 Team,15.0,2024,21,São Paulo,17.0,50,Haas F1 Team,São Paulo
13.0,BOT,77,Kick Sauber,11.0,2024,21,São Paulo,11.0,77,Kick Sauber,São Paulo
14.0,ALO,14,Aston Martin,9.0,2024,21,São Paulo,9.0,14,Aston Martin,São Paulo
15.0,ZHO,24,Kick Sauber,19.0,2024,21,São Paulo,20.0,24,Kick Sauber,São Paulo
16.0,SAI,55,Ferrari,20.0,2024,21,São Paulo,14.0,55,Ferrari,São Paulo
17.0,COL,43,Williams,16.0,2024,21,São Paulo,18.0,43,Williams,São Paulo
18.0,ALB,23,Williams,7.0,2024,21,São Paulo,7.0,23,Williams,São Paulo
19.0,STR,18,Aston Martin,10.0,2024,21,São Paulo,10.0,18,Aston Martin,São Paulo
20.0,HUL,27,Haas F1 Team,18.0,2024,21,São Paulo,19.0,27,Haas F1 Team,São Paulo
1.0,RUS,63,Mercedes,1.0,2024,22,Las Vegas,1.0,63,Mercedes,Las Vegas
2.0,HAM,44,Mercedes,10.0,2024,22,Las Vegas,10.0,44,Mercedes,Las Vegas
3.0,SAI,55,Ferrari,2.0,2024,22,Las Vegas,2.0,55,Ferrari,Las Vegas
4.0,LEC,16,Ferrari,4.0,2024,22,Las Vegas,4.0,16,Ferrari,Las Vegas
5.0,VER,1,Red Bull Racing,5.0,2024,22,Las Vegas,5.0,1,Red Bull Racing,Las Vegas
6.0,NOR,4,McLaren,6.0,2024,22,Las Vegas,6.0,4,McLaren,Las Vegas
7.0,PIA,81,McLaren,8.0,2024,22,Las Vegas,8.0,81,McLaren,Las Vegas
8.0,HUL,27,Haas F1 Team,9.0,2024,22,Las Vegas,9.0,27,Haas F1 Team,Las Vegas
9.0,TSU,22,RB,7.0,2024,22,Las Vegas,7.0,22,RB,Las Vegas
10.0,PER,11,Red Bull Racing,15.0,2024,22,Las Vegas,16.0,11,Red Bull Racing,Las Vegas
11.0,ALO,14,Aston Martin,16.0,2024,22,Las Vegas,17.0,14,Aston Martin,Las Vegas
12.0,MAG,20,Haas F1 Team,12.0,2024,22,Las Vegas,12.0,20,Haas F1 Team,Las Vegas
13.0,ZHO,24,Kick Sauber,13.0,2024,22,Las Vegas,13.0,24,Kick Sauber,Las Vegas
14.0,COL,43,Williams,20.0,2024,22,Las Vegas,14.0,43,Williams,Las Vegas
15.0,STR,18,Aston Martin,18.0,2024,22,Las Vegas,20.0,18,Aston Martin,Las Vegas
16.0,LAW,30,RB,14.0,2024,22,Las Vegas,15.0,30,RB,Las Vegas
17.0,OCO,31,Alpine,11.0,2024,22,Las Vegas,11.0,31,Alpine,Las Vegas
18.0,BOT,77,Kick Sauber,19.0,2024,22,Las Vegas,19.0,77,Kick Sauber,Las Vegas
19.0,ALB,23,Williams,17.0,2024,22,Las Vegas,18.0,23,Williams,Las Vegas
20.0,GAS,10,Alpine,3.0,2024,22,Las Vegas,3.0,10,Alpine,Las Vegas
1.0,VER,1,Red Bull Racing,2.0,2024,23,Lusail,1.0,1,Red Bull Racing,Lusail
2.0,LEC,16,Ferrari,5.0,2024,23,Lusail,5.0,16,Ferrari,Lusail
3.0,PIA,81,McLaren,4.0,2024,23,Lusail,4.0,81,McLaren,Lusail
4.0,RUS,63,Mercedes,1.0,2024,23,Lusail,2.0,63,Mercedes,Lusail
5.0,GAS,10,Alpine,11.0,2024,23,Lusail,11.0,10,Alpine,Lusail
6.0,SAI,55,Ferrari,7.0,2024,23,Lusail,7.0,55,Ferrari,Lusail
7.0,ALO,14,Aston Martin,8.0,2024,23,Lusail,8.0,14,Aston Martin,Lusail
8.0,ZHO,24,Kick Sauber,12.0,2024,23,Lusail,12.0,24,Kick Sauber,Lusail
9.0,MAG,20,Haas F1 Team,10.0,2024,23,Lusail,10.0,20,Haas F1 Team,Lusail
10.0,NOR,4,McLaren,3.0,2024,23,Lusail,3.0,4,McLaren,Lusail
11.0,BOT,77,Kick Sauber,13.0,2024,23,Lusail,13.0,77,Kick Sauber,Lusail
12.0,HAM,44,Mercedes,6.0,2024,23,Lusail,6.0,44,Mercedes,Lusail
13.0,TSU,22,RB,14.0,2024,23,Lusail,14.0,22,RB,Lusail
14.0,LAW,30,RB,17.0,2024,23,Lusail,17.0,30,RB,Lusail
15.0,ALB,23,Williams,16.0,2024,23,Lusail,16.0,23,Williams,Lusail
16.0,HUL,27,Haas F1 Team,18.0,2024,23,Lusail,18.0,27,Haas F1 Team,Lusail
17.0,PER,11,Red Bull Racing,9.0,2024,23,Lusail,9.0,11,Red Bull Racing,Lusail
18.0,STR,18,Aston Martin,15.0,2024,23,Lusail,15.0,18,Aston Martin,Lusail
19.0,COL,43,Williams,19.0,2024,23,Lusail,19.0,43,Williams,Lusail
20.0,OCO,31,Alpine,20.0,2024,23,Lusail,20.0,31,Alpine,Lusail
1.0,NOR,4,McLaren,1.0,2024,24,Yas Island,1.0,4,McLaren,Yas Island
2.0,SAI,55,Ferrari,3.0,2024,24,Yas Island,3.0,55,Ferrari,Yas Island
3.0,LEC,16,Ferrari,19.0,2024,24,Yas Island,14.0,16,Ferrari,Yas Island
4.0,HAM,44,Mercedes,16.0,2024,24,Yas Island,18.0,44,Mercedes,Yas Island
5.0,RUS,63,Mercedes,6.0,2024,24,Yas Island,7.0,63,Mercedes,Yas Island
6.0,VER,1,Red Bull Racing,4.0,2024,24,Yas Island,5.0,1,Red Bull Racing,Yas Island
7.0,GAS,10,Alpine,5.0,2024,24,Yas Island,6.0,10,Alpine,Yas Island
8.0,HUL,27,Haas F1 Team,7.0,2024,24,Yas Island,4.0,27,Haas F1 Team,Yas Island
9.0,ALO,14,Aston Martin,8.0,2024,24,Yas Island,8.0,14,Aston Martin,Yas Island
10.0,PIA,81,McLaren,2.0,2024,24,Yas Island,2.0,81,McLaren,Yas Island
11.0,ALB,23,Williams,18.0,2024,24,Yas Island,16.0,23,Williams,Yas Island
12.0,TSU,22,RB,11.0,2024,24,Yas Island,11.0,22,RB,Yas Island
13.0,ZHO,24,Kick Sauber,15.0,2024,24,Yas Island,17.0,24,Kick Sauber,Yas Island
14.0,STR,18,Aston Martin,13.0,2024,24,Yas Island,13.0,18,Aston Martin,Yas Island
15.0,DOO,61,Alpine,17.0,2024,24,Yas Island,20.0,61,Alpine,Yas Island
16.0,MAG,20,Haas F1 Team,14.0,2024,24,Yas Island,15.0,20,Haas F1 Team,Yas Island
17.0,LAW,30,RB,12.0,2024,24,Yas Island,12.0,30,RB,Yas Island
18.0,BOT,77,Kick Sauber,9.0,2024,24,Yas Island,9.0,77,Kick Sauber,Yas Island
19.0,COL,43,Williams,20.0,2024,24,Yas Island,19.0,43,Williams,Yas Island
20.0,PER,11,Red Bull Racing,10.0,2024,24,Yas Island,10.0,11,Red Bull Racing,Yas Island
1.0,NOR,4,McLaren,1.0,2025,1,Melbourne,1.0,4,McLaren,Melbourne
2.0,VER,1,Red Bull Racing,3.0,2025,1,Melbourne,3.0,1,Red Bull Racing,Melbourne
3.0,RUS,63,Mercedes,4.0,2025,1,Melbourne,4.0,63,Mercedes,Melbourne
4.0,ANT,12,Mercedes,16.0,2025,1,Melbourne,16.0,12,Mercedes,Melbourne
5.0,ALB,23,Williams,6.0,2025,1,Melbourne,6.0,23,Williams,Melbourne
6.0,STR,18,Aston Martin,13.0,2025,1,Melbourne,13.0,18,Aston Martin,Melbourne
7.0,HUL,27,Kick Sauber,17.0,2025,1,Melbourne,17.0,27,Kick Sauber,Melbourne
8.0,LEC,16,Ferrari,7.0,2025,1,Melbourne,7.0,16,Ferrari,Melbourne
9.0,PIA,81,McLaren,2.0,2025,1,Melbourne,2.0,81,McLaren,Melbourne
10.0,HAM,44,Ferrari,8.0,2025,1,Melbourne,8.0,44,Ferrari,Melbourne
11.0,GAS,10,Alpine,9.0,2025,1,Melbourne,9.0,10,Alpine,Melbourne
12.0,TSU,22,Racing Bulls,5.0,2025,1,Melbourne,5.0,22,Racing Bulls,Melbourne
13.0,OCO,31,Haas F1 Team,19.0,2025,1,Melbourne,19.0,31,Haas F1 Team,Melbourne
14.0,BEA,87,Haas F1 Team,20.0,2025,1,Melbourne,20.0,87,Haas F1 Team,Melbourne
15.0,LAW,30,Red Bull Racing,18.0,2025,1,Melbourne,18.0,30,Red Bull Racing,Melbourne
16.0,BOR,5,Kick Sauber,15.0,2025,1,Melbourne,15.0,5,Kick Sauber,Melbourne
17.0,ALO,14,Aston Martin,12.0,2025,1,Melbourne,12.0,14,Aston Martin,Melbourne
18.0,SAI,55,Williams,10.0,2025,1,Melbourne,10.0,55,Williams,Melbourne
19.0,DOO,7,Alpine,14.0,2025,1,Melbourne,14.0,7,Alpine,Melbourne
20.0,HAD,6,Racing Bulls,11.0,2025,1,Melbourne,11.0,6,Racing Bulls,Melbourne
1.0,PIA,81,McLaren,1.0,2025,2,Shanghai,1.0,81,McLaren,Shanghai
2.0,NOR,4,McLaren,3.0,2025,2,Shanghai,3.0,4,McLaren,Shanghai
3.0,RUS,63,Mercedes,2.0,2025,2,Shanghai,2.0,63,Mercedes,Shanghai
4.0,VER,1,Red Bull Racing,4.0,2025,2,Shanghai,4.0,1,Red Bull Racing,Shanghai
5.0,OCO,31,Haas F1 Team,11.0,2025,2,Shanghai,11.0,31,Haas F1 Team,Shanghai
6.0,ANT,12,Mercedes,8.0,2025,2,Shanghai,8.0,12,Mercedes,Shanghai
7.0,ALB,23,Williams,10.0,2025,2,Shanghai,10.0,23,Williams,Shanghai
8.0,BEA,87,Haas F1 Team,17.0,2025,2,Shanghai,17.0,87,Haas F1 Team,Shanghai
9.0,STR,18,Aston Martin,14.0,2025,2,Shanghai,14.0,18,Aston Martin,Shanghai
10.0,SAI,55,Williams,15.0,2025,2,Shanghai,15.0,55,Williams,Shanghai
11.0,HAD,6,Racing Bulls,7.0,2025,2,Shanghai,7.0,6,Racing Bulls,Shanghai
12.0,LAW,30,Red Bull Racing,20.0,2025,2,Shanghai,20.0,30,Red Bull Racing,Shanghai
13.0,DOO,7,Alpine,18.0,2025,2,Shanghai,18.0,7,Alpine,Shanghai
14.0,BOR,5,Kick Sauber,19.0,2025,2,Shanghai,19.0,5,Kick Sauber,Shanghai
15.0,HUL,27,Kick Sauber,12.0,2025,2,Shanghai,12.0,27,Kick Sauber,Shanghai
16.0,TSU,22,Racing Bulls,9.0,2025,2,Shanghai,9.0,22,Racing Bulls,Shanghai
17.0,ALO,14,Aston Martin,13.0,2025,2,Shanghai,13.0,14,Aston Martin,Shanghai
18.0,LEC,16,Ferrari,6.0,2025,2,Shanghai,6.0,16,Ferrari,Shanghai
19.0,HAM,44,Ferrari,5.0,2025,2,Shanghai,5.0,44,Ferrari,Shanghai
20.0,GAS,10,Alpine,16.0,2025,2,Shanghai,16.0,10,Alpine,Shanghai
1.0,VER,1,Red Bull Racing,1.0,2025,3,Suzuka,1.0,1,Red Bull Racing,Suzuka
2.0,NOR,4,McLaren,2.0,2025,3,Suzuka,2.0,4,McLaren,Suzuka
3.0,PIA,81,McLaren,3.0,2025,3,Suzuka,3.0,81,McLaren,Suzuka
4.0,LEC,16,Ferrari,4.0,2025,3,Suzuka,4.0,16,Ferrari,Suzuka
5.0,RUS,63,Mercedes,5.0,2025,3,Suzuka,5.0,63,Mercedes,Suzuka
6.0,ANT,12,Mercedes,6.0,2025,3,Suzuka,6.0,12,Mercedes,Suzuka
7.0,HAM,44,Ferrari,8.0,2025,3,Suzuka,8.0,44,Ferrari,Suzuka
8.0,HAD,6,Racing Bulls,7.0,2025,3,Suzuka,7.0,6,Racing Bulls,Suzuka
9.0,ALB,23,Williams,9.0,2025,3,Suzuka,9.0,23,Williams,Suzuka
10.0,BEA,87,Haas F1 Team,10.0,2025,3,Suzuka,10.0,87,Haas F1 Team,Suzuka
11.0,ALO,14,Aston Martin,12.0,2025,3,Suzuka,13.0,14,Aston Martin,Suzuka
12.0,TSU,22,Red Bull Racing,14.0,2025,3,Suzuka,15.0,22,Red Bull Racing,Suzuka
13.0,GAS,10,Alpine,11.0,2025,3,Suzuka,11.0,10,Alpine,Suzuka
14.0,SAI,55,Williams,15.0,2025,3,Suzuka,12.0,55,Williams,Suzuka
15.0,DOO,7,Alpine,19.0,2025,3,Suzuka,19.0,7,Alpine,Suzuka
16.0,HUL,27,Kick Sauber,16.0,2025,3,Suzuka,16.0,27,Kick Sauber,Suzuka
17.0,LAW,30,Racing Bulls,13.0,2025,3,Suzuka,14.0,30,Racing Bulls,Suzuka
18.0,OCO,31,Haas F1 Team,18.0,2025,3,Suzuka,18.0,31,Haas F1 Team,Suzuka
19.0,BOR,5,Kick Sauber,17.0,2025,3,Suzuka,17.0,5,Kick Sauber,Suzuka
20.0,STR,18,Aston Martin,20.0,2025,3,Suzuka,20.0,18,Aston Martin,Suzuka
1.0,PIA,81,McLaren,1.0,2025,4,Sakhir,1.0,81,McLaren,Sakhir
2.0,RUS,63,Mercedes,3.0,2025,4,Sakhir,2.0,63,Mercedes,Sakhir
3.0,NOR,4,McLaren,6.0,2025,4,Sakhir,6.0,4,McLaren,Sakhir
4.0,LEC,16,Ferrari,2.0,2025,4,Sakhir,3.0,16,Ferrari,Sakhir
5.0,HAM,44,Ferrari,9.0,2025,4,Sakhir,9.0,44,Ferrari,Sakhir
6.0,VER,1,Red Bull Racing,7.0,2025,4,Sakhir,7.0,1,Red Bull Racing,Sakhir
7.0,GAS,10,Alpine,4.0,2025,4,Sakhir,5.0,10,Alpine,Sakhir
8.0,OCO,31,Haas F1 Team,14.0,2025,4,Sakhir,14.0,31,Haas F1 Team,Sakhir
9.0,TSU,22,Red Bull Racing,10.0,2025,4,Sakhir,10.0,22,Red Bull Racing,Sakhir
10.0,BEA,87,Haas F1 Team,20.0,2025,4,Sakhir,20.0,87,Haas F1 Team,Sakhir
11.0,ANT,12,Mercedes,5.0,2025,4,Sakhir,4.0,12,Mercedes,Sakhir
12.0,ALB,23,Williams,15.0,2025,4,Sakhir,15.0,23,Williams,Sakhir
13.0,HAD,6,Racing Bulls,12.0,2025,4,Sakhir,12.0,6,Racing Bulls,Sakhir
14.0,DOO,7,Alpine,11.0,2025,4,Sakhir,11.0,7,Alpine,Sakhir
15.0,ALO,14,Aston Martin,13.0,2025,4,Sakhir,13.0,14,Aston Martin,Sakhir
16.0,LAW,30,Racing Bulls,17.0,2025,4,Sakhir,17.0,30,Racing Bulls,Sakhir
17.0,STR,18,Aston Martin,19.0,2025,4,Sakhir,19.0,18,Aston Martin,Sakhir
18.0,BOR,5,Kick Sauber,18.0,2025,4,Sakhir,18.0,5,Kick Sauber,Sakhir
19.0,SAI,55,Williams,8.0,2025,4,Sakhir,8.0,55,Williams,Sakhir
20.0,HUL,27,Kick Sauber,16.0,2025,4,Sakhir,16.0,27,Kick Sauber,Sakhir
1.0,PIA,81,McLaren,2.0,2025,5,Jeddah,2.0,81,McLaren,Jeddah
2.0,VER,1,Red Bull Racing,1.0,2025,5,Jeddah,1.0,1,Red Bull Racing,Jeddah
3.0,LEC,16,Ferrari,4.0,2025,5,Jeddah,4.0,16,Ferrari,Jeddah
4.0,NOR,4,McLaren,10.0,2025,5,Jeddah,10.0,4,McLaren,Jeddah
5.0,RUS,63,Mercedes,3.0,2025,5,Jeddah,3.0,63,Mercedes,Jeddah
6.0,ANT,12,Mercedes,5.0,2025,5,Jeddah,5.0,12,Mercedes,Jeddah
7.0,HAM,44,Ferrari,7.0,2025,5,Jeddah,7.0,44,Ferrari,Jeddah
8.0,SAI,55,Williams,6.0,2025,5,Jeddah,6.0,55,Williams,Jeddah
9.0,ALB,23,Williams,11.0,2025,5,Jeddah,11.0,23,Williams,Jeddah
10.0,HAD,6,Racing Bulls,14.0,2025,5,Jeddah,14.0,6,Racing Bulls,Jeddah
11.0,ALO,14,Aston Martin,13.0,2025,5,Jeddah,13.0,14,Aston Martin,Jeddah
12.0,LAW,30,Racing Bulls,12.0,2025,5,Jeddah,12.0,30,Racing Bulls,Jeddah
13.0,BEA,87,Haas F1 Team,15.0,2025,5,Jeddah,15.0,87,Haas F1 Team,Jeddah
14.0,OCO,31,Haas F1 Team,19.0,2025,5,Jeddah,19.0,31,Haas F1 Team,Jeddah
15.0,HUL,27,Kick Sauber,18.0,2025,5,Jeddah,18.0,27,Kick Sauber,Jeddah
16.0,STR,18,Aston Martin,16.0,2025,5,Jeddah,16.0,18,Aston Martin,Jeddah
17.0,DOO,7,Alpine,17.0,2025,5,Jeddah,17.0,7,Alpine,Jeddah
18.0,BOR,5,Kick Sauber,20.0,2025,5,Jeddah,20.0,5,Kick Sauber,Jeddah
19.0,TSU,22,Red Bull Racing,8.0,2025,5,Jeddah,8.0,22,Red Bull Racing,Jeddah
20.0,GAS,10,Alpine,9.0,2025,5,Jeddah,9.0,10,Alpine,Jeddah
1.0,PIA,81,McLaren,4.0,2025,6,Miami,4.0,81,McLaren,Miami
2.0,NOR,4,McLaren,2.0,2025,6,Miami,2.0,4,McLaren,Miami
3.0,RUS,63,Mercedes,5.0,2025,6,Miami,5.0,63,Mercedes,Miami
4.0,VER,1,Red Bull Racing,1.0,2025,6,Miami,1.0,1,Red Bull Racing,Miami
5.0,ALB,23,Williams,7.0,2025,6,Miami,7.0,23,Williams,Miami
6.0,ANT,12,Mercedes,3.0,2025,6,Miami,3.0,12,Mercedes,Miami
7.0,LEC,16,Ferrari,8.0,2025,6,Miami,8.0,16,Ferrari,Miami
8.0,HAM,44,Ferrari,12.0,2025,6,Miami,12.0,44,Ferrari,Miami
9.0,SAI,55,Williams,6.0,2025,6,Miami,6.0,55,Williams,Miami
10.0,TSU,22,Red Bull Racing,10.0,2025,6,Miami,10.0,22,Red Bull Racing,Miami
11.0,HAD,6,Racing Bulls,11.0,2025,6,Miami,11.0,6,Racing Bulls,Miami
12.0,OCO,31,Haas F1 Team,9.0,2025,6,Miami,9.0,31,Haas F1 Team,Miami
13.0,GAS,10,Alpine,20.0,2025,6,Miami,18.0,10,Alpine,Miami
14.0,HUL,27,Kick Sauber,16.0,2025,6,Miami,16.0,27,Kick Sauber,Miami
15.0,ALO,14,Aston Martin,17.0,2025,6,Miami,17.0,14,Aston Martin,Miami
16.0,STR,18,Aston Martin,18.0,2025,6,Miami,19.0,18,Aston Martin,Miami
17.0,LAW,30,Racing Bulls,15.0,2025,6,Miami,15.0,30,Racing Bulls,Miami
18.0,BOR,5,Kick Sauber,13.0,2025,6,Miami,13.0,5,Kick Sauber,Miami
19.0,BEA,87,Haas F1 Team,19.0,2025,6,Miami,20.0,87,Haas F1 Team,Miami
20.0,DOO,7,Alpine,14.0,2025,6,Miami,14.0,7,Alpine,Miami
1.0,VER,1,Red Bull Racing,2.0,2025,7,Imola,2.0,1,Red Bull Racing,Imola
2.0,NOR,4,McLaren,4.0,2025,7,Imola,4.0,4,McLaren,Imola
3.0,PIA,81,McLaren,1.0,2025,7,Imola,1.0,81,McLaren,Imola
4.0,HAM,44,Ferrari,12.0,2025,7,Imola,12.0,44,Ferrari,Imola
5.0,ALB,23,Williams,7.0,2025,7,Imola,7.0,23,Williams,Imola
6.0,LEC,16,Ferrari,11.0,2025,7,Imola,11.0,16,Ferrari,Imola
7.0,RUS,63,Mercedes,3.0,2025,7,Imola,3.0,63,Mercedes,Imola
8.0,SAI,55,Williams,6.0,2025,7,Imola,6.0,55,Williams,Imola
9.0,HAD,6,Racing Bulls,9.0,2025,7,Imola,9.0,6,Racing Bulls,Imola
10.0,TSU,22,Red Bull Racing,20.0,2025,7,Imola,20.0,22,Red Bull Racing,Imola
11.0,ALO,14,Aston Martin,5.0,2025,7,Imola,5.0,14,Aston Martin,Imola
12.0,HUL,27,Kick Sauber,17.0,2025,7,Imola,17.0,27,Kick Sauber,Imola
13.0,GAS,10,Alpine,10.0,2025,7,Imola,10.0,10,Alpine,Imola
14.0,LAW,30,Racing Bulls,15.0,2025,7,Imola,16.0,30,Racing Bulls,Imola
15.0,STR,18,Aston Martin,8.0,2025,7,Imola,8.0,18,Aston Martin,Imola
16.0,COL,43,Alpine,16.0,2025,7,Imola,15.0,43,Alpine,Imola
17.0,BEA,87,Haas F1 Team,19.0,2025,7,Imola,19.0,87,Haas F1 Team,Imola
18.0,BOR,5,Kick Sauber,14.0,2025,7,Imola,14.0,5,Kick Sauber,Imola
19.0,ANT,12,Mercedes,13.0,2025,7,Imola,13.0,12,Mercedes,Imola
20.0,OCO,31,Haas F1 Team,18.0,2025,7,Imola,18.0,31,Haas F1 Team,Imola
1.0,NOR,4,McLaren,1.0,2025,8,Monaco,1.0,4,McLaren,Monaco
2.0,LEC,16,Ferrari,2.0,2025,8,Monaco,2.0,16,Ferrari,Monaco
3.0,PIA,81,McLaren,3.0,2025,8,Monaco,3.0,81,McLaren,Monaco
4.0,VER,1,Red Bull Racing,4.0,2025,8,Monaco,5.0,1,Red Bull Racing,Monaco
5.0,HAM,44,Ferrari,7.0,2025,8,Monaco,4.0,44,Ferrari,Monaco
6.0,HAD,6,Racing Bulls,5.0,2025,8,Monaco,6.0,6,Racing Bulls,Monaco
7.0,OCO,31,Haas F1 Team,8.0,2025,8,Monaco,8.0,31,Haas F1 Team,Monaco
8.0,LAW,30,Racing Bulls,9.0,2025,8,Monaco,9.0,30,Racing Bulls,Monaco
9.0,ALB,23,Williams,10.0,2025,8,Monaco,10.0,23,Williams,Monaco
10.0,SAI,55,Williams,11.0,2025,8,Monaco,11.0,55,Williams,Monaco
11.0,RUS,63,Mercedes,14.0,2025,8,Monaco,14.0,63,Mercedes,Monaco
12.0,BEA,87,Haas F1 Team,20.0,2025,8,Monaco,17.0,87,Haas F1 Team,Monaco
13.0,COL,43,Alpine,18.0,2025,8,Monaco,20.0,43,Alpine,Monaco
14.0,BOR,5,Kick Sauber,16.0,2025,8,Monaco,16.0,5,Kick Sauber,Monaco
15.0,STR,18,Aston Martin,19.0,2025,8,Monaco,19.0,18,Aston Martin,Monaco
16.0,HUL,27,Kick Sauber,13.0,2025,8,Monaco,13.0,27,Kick Sauber,Monaco
17.0,TSU,22,Red Bull Racing,12.0,2025,8,Monaco,12.0,22,Red Bull Racing,Monaco
18.0,ANT,12,Mercedes,15.0,2025,8,Monaco,15.0,12,Mercedes,Monaco
19.0,ALO,14,Aston Martin,6.0,2025,8,Monaco,7.0,14,Aston Martin,Monaco
20.0,GAS,10,Alpine,17.0,2025,8,Monaco,18.0,10,Alpine,Monaco
1.0,PIA,81,McLaren,1.0,2025,9,Barcelona,1.0,81,McLaren,Barcelona
2.0,NOR,4,McLaren,2.0,2025,9,Barcelona,2.0,4,McLaren,Barcelona
3.0,LEC,16,Ferrari,7.0,2025,9,Barcelona,7.0,16,Ferrari,Barcelona
4.0,RUS,63,Mercedes,4.0,2025,9,Barcelona,4.0,63,Mercedes,Barcelona
5.0,HUL,27,Kick Sauber,15.0,2025,9,Barcelona,16.0,27,Kick Sauber,Barcelona
6.0,HAM,44,Ferrari,5.0,2025,9,Barcelona,5.0,44,Ferrari,Barcelona
7.0,HAD,6,Racing Bulls,9.0,2025,9,Barcelona,9.0,6,Racing Bulls,Barcelona
8.0,GAS,10,Alpine,8.0,2025,9,Barcelona,8.0,10,Alpine,Barcelona
9.0,ALO,14,Aston Martin,10.0,2025,9,Barcelona,10.0,14,Aston Martin,Barcelona
10.0,VER,1,Red Bull Racing,3.0,2025,9,Barcelona,3.0,1,Red Bull Racing,Barcelona
11.0,LAW,30,Racing Bulls,13.0,2025,9,Barcelona,13.0,30,Racing Bulls,Barcelona
12.0,BOR,5,Kick Sauber,12.0,2025,9,Barcelona,12.0,5,Kick Sauber,Barcelona
13.0,TSU,22,Red Bull Racing,19.0,2025,9,Barcelona,20.0,22,Red Bull Racing,Barcelona
14.0,SAI,55,Williams,17.0,2025,9,Barcelona,18.0,55,Williams,Barcelona
15.0,COL,43,Alpine,18.0,2025,9,Barcelona,19.0,43,Alpine,Barcelona
16.0,OCO,31,Haas F1 Team,16.0,2025,9,Barcelona,17.0,31,Haas F1 Team,Barcelona
17.0,BEA,87,Haas F1 Team,14.0,2025,9,Barcelona,15.0,87,Haas F1 Team,Barcelona
18.0,ANT,12,Mercedes,6.0,2025,9,Barcelona,6.0,12,Mercedes,Barcelona
19.0,ALB,23,Williams,11.0,2025,9,Barcelona,11.0,23,Williams,Barcelona
1.0,RUS,63,Mercedes,1.0,2025,10,Montréal,1.0,63,Mercedes,Montréal
2.0,VER,1,Red Bull Racing,2.0,2025,10,Montréal,2.0,1,Red Bull Racing,Montréal
3.0,ANT,12,Mercedes,4.0,2025,10,Montréal,4.0,12,Mercedes,Montréal
4.0,PIA,81,McLaren,3.0,2025,10,Montréal,3.0,81,McLaren,Montréal
5.0,LEC,16,Ferrari,8.0,2025,10,Montréal,8.0,16,Ferrari,Montréal
6.0,HAM,44,Ferrari,5.0,2025,10,Montréal,5.0,44,Ferrari,Montréal
7.0,ALO,14,Aston Martin,6.0,2025,10,Montréal,6.0,14,Aston Martin,Montréal
8.0,HUL,27,Kick Sauber,11.0,2025,10,Montréal,13.0,27,Kick Sauber,Montréal
9.0,OCO,31,Haas F1 Team,14.0,2025,10,Montréal,15.0,31,Haas F1 Team,Montréal
10.0,SAI,55,Williams,16.0,2025,10,Montréal,17.0,55,Williams,Montréal
11.0,BEA,87,Haas F1 Team,13.0,2025,10,Montréal,14.0,87,Haas F1 Team,Montréal
12.0,TSU,22,Red Bull Racing,18.0,2025,10,Montréal,11.0,22,Red Bull Racing,Montréal
13.0,COL,43,Alpine,10.0,2025,10,Montréal,12.0,43,Alpine,Montréal
14.0,BOR,5,Kick Sauber,15.0,2025,10,Montréal,16.0,5,Kick Sauber,Montréal
15.0,GAS,10,Alpine,20.0,2025,10,Montréal,20.0,10,Alpine,Montréal
16.0,HAD,6,Racing Bulls,12.0,2025,10,Montréal,9.0,6,Racing Bulls,Montréal
17.0,STR,18,Aston Martin,17.0,2025,10,Montréal,18.0,18,Aston Martin,Montréal
18.0,NOR,4,McLaren,7.0,2025,10,Montréal,7.0,4,McLaren,Montréal
19.0,LAW,30,Racing Bulls,19.0,2025,10,Montréal,19.0,30,Racing Bulls,Montréal
20.0,ALB,23,Williams,9.0,2025,10,Montréal,10.0,23,Williams,Montréal
1.0,NOR,4,McLaren,1.0,2025,11,Spielberg,1.0,4,McLaren,Spielberg
2.0,PIA,81,McLaren,3.0,2025,11,Spielberg,3.0,81,McLaren,Spielberg
3.0,LEC,16,Ferrari,2.0,2025,11,Spielberg,2.0,16,Ferrari,Spielberg
4.0,HAM,44,Ferrari,4.0,2025,11,Spielberg,4.0,44,Ferrari,Spielberg
5.0,RUS,63,Mercedes,5.0,2025,11,Spielberg,5.0,63,Mercedes,Spielberg
6.0,LAW,30,Racing Bulls,6.0,2025,11,Spielberg,6.0,30,Racing Bulls,Spielberg
7.0,ALO,14,Aston Martin,11.0,2025,11,Spielberg,11.0,14,Aston Martin,Spielberg
8.0,BOR,5,Kick Sauber,8.0,2025,11,Spielberg,8.0,5,Kick Sauber,Spielberg
9.0,HUL,27,Kick Sauber,20.0,2025,11,Spielberg,20.0,27,Kick Sauber,Spielberg
10.0,OCO,31,Haas F1 Team,17.0,2025,11,Spielberg,17.0,31,Haas F1 Team,Spielberg
11.0,BEA,87,Haas F1 Team,15.0,2025,11,Spielberg,15.0,87,Haas F1 Team,Spielberg
12.0,HAD,6,Racing Bulls,13.0,2025,11,Spielberg,13.0,6,Racing Bulls,Spielberg
13.0,GAS,10,Alpine,10.0,2025,11,Spielberg,10.0,10,Alpine,Spielberg
14.0,STR,18,Aston Martin,16.0,2025,11,Spielberg,16.0,18,Aston Martin,Spielberg
15.0,COL,43,Alpine,14.0,2025,11,Spielberg,14.0,43,Alpine,Spielberg
16.0,TSU,22,Red Bull Racing,18.0,2025,11,Spielberg,18.0,22,Red Bull Racing,Spielberg
17.0,ALB,23,Williams,12.0,2025,11,Spielberg,12.0,23,Williams,Spielberg
18.0,VER,1,Red Bull Racing,7.0,2025,11,Spielberg,7.0,1,Red Bull Racing,Spielberg
19.0,ANT,12,Mercedes,9.0,2025,11,Spielberg,9.0,12,Mercedes,Spielberg
20.0,SAI,55,Williams,19.0,2025,11,Spielberg,19.0,55,Williams,Spielberg
1.0,NOR,4,McLaren,3.0,2025,12,Silverstone,3.0,4,McLaren,Silverstone
2.0,PIA,81,McLaren,2.0,2025,12,Silverstone,2.0,81,McLaren,Silverstone
3.0,HUL,27,Kick Sauber,19.0,2025,12,Silverstone,19.0,27,Kick Sauber,Silverstone
4.0,HAM,44,Ferrari,5.0,2025,12,Silverstone,5.0,44,Ferrari,Silverstone
5.0,VER,1,Red Bull Racing,1.0,2025,12,Silverstone,1.0,1,Red Bull Racing,Silverstone
6.0,GAS,10,Alpine,8.0,2025,12,Silverstone,10.0,10,Alpine,Silverstone
7.0,STR,18,Aston Martin,17.0,2025,12,Silverstone,18.0,18,Aston Martin,Silverstone
8.0,ALB,23,Williams,13.0,2025,12,Silverstone,14.0,23,Williams,Silverstone
9.0,ALO,14,Aston Martin,7.0,2025,12,Silverstone,9.0,14,Aston Martin,Silverstone
10.0,RUS,63,Mercedes,4.0,2025,12,Silverstone,4.0,63,Mercedes,Silverstone
11.0,BEA,87,Haas F1 Team,18.0,2025,12,Silverstone,8.0,87,Haas F1 Team,Silverstone
12.0,SAI,55,Williams,9.0,2025,12,Silverstone,11.0,55,Williams,Silverstone
13.0,OCO,31,Haas F1 Team,14.0,2025,12,Silverstone,15.0,31,Haas F1 Team,Silverstone
14.0,LEC,16,Ferrari,6.0,2025,12,Silverstone,6.0,16,Ferrari,Silverstone
15.0,TSU,22,Red Bull Racing,11.0,2025,12,Silverstone,12.0,22,Red Bull Racing,Silverstone
16.0,ANT,12,Mercedes,10.0,2025,12,Silverstone,7.0,12,Mercedes,Silverstone
17.0,HAD,6,Racing Bulls,12.0,2025,12,Silverstone,13.0,6,Racing Bulls,Silverstone
18.0,BOR,5,Kick Sauber,16.0,2025,12,Silverstone,17.0,5,Kick Sauber,Silverstone
19.0,LAW,30,Racing Bulls,15.0,2025,12,Silverstone,16.0,30,Racing Bulls,Silverstone
20.0,COL,43,Alpine,20.0,2025,12,Silverstone,20.0,43,Alpine,Silverstone
1.0,PIA,81,McLaren,2.0,2025,13,Spa-Francorchamps,2.0,81,McLaren,Spa-Francorchamps
2.0,NOR,4,McLaren,1.0,2025,13,Spa-Francorchamps,1.0,4,McLaren,Spa-Francorchamps
3.0,LEC,16,Ferrari,3.0,2025,13,Spa-Francorchamps,3.0,16,Ferrari,Spa-Francorchamps
4.0,VER,1,Red Bull Racing,4.0,2025,13,Spa-Francorchamps,4.0,1,Red Bull Racing,Spa-Francorchamps
5.0,RUS,63,Mercedes,6.0,2025,13,Spa-Francorchamps,6.0,63,Mercedes,Spa-Francorchamps
6.0,ALB,23,Williams,5.0,2025,13,Spa-Francorchamps,5.0,23,Williams,Spa-Francorchamps
7.0,HAM,44,Ferrari,18.0,2025,13,Spa-Francorchamps,16.0,44,Ferrari,Spa-Francorchamps
8.0,LAW,30,Racing Bulls,9.0,2025,13,Spa-Francorchamps,9.0,30,Racing Bulls,Spa-Francorchamps
9.0,BOR,5,Kick Sauber,10.0,2025,13,Spa-Francorchamps,10.0,5,Kick Sauber,Spa-Francorchamps
10.0,GAS,10,Alpine,13.0,2025,13,Spa-Francorchamps,13.0,10,Alpine,Spa-Francorchamps
11.0,BEA,87,Haas F1 Team,12.0,2025,13,Spa-Francorchamps,12.0,87,Haas F1 Team,Spa-Francorchamps
12.0,HUL,27,Kick Sauber,14.0,2025,13,Spa-Francorchamps,14.0,27,Kick Sauber,Spa-Francorchamps
13.0,TSU,22,Red Bull Racing,7.0,2025,13,Spa-Francorchamps,7.0,22,Red Bull Racing,Spa-Francorchamps
14.0,STR,18,Aston Martin,16.0,2025,13,Spa-Francorchamps,20.0,18,Aston Martin,Spa-Francorchamps
15.0,OCO,31,Haas F1 Team,11.0,2025,13,Spa-Francorchamps,11.0,31,Haas F1 Team,Spa-Francorchamps
16.0,ANT,12,Mercedes,19.0,2025,13,Spa-Francorchamps,18.0,12,Mercedes,Spa-Francorchamps
17.0,ALO,14,Aston Martin,20.0,2025,13,Spa-Francorchamps,19.0,14,Aston Martin,Spa-Francorchamps
18.0,SAI,55,Williams,17.0,2025,13,Spa-Francorchamps,15.0,55,Williams,Spa-Francorchamps
19.0,COL,43,Alpine,15.0,2025,13,Spa-Francorchamps,17.0,43,Alpine,Spa-Francorchamps
20.0,HAD,6,Racing Bulls,8.0,2025,13,Spa-Francorchamps,8.0,6,Racing Bulls,Spa-Francorchamps
1.0,NOR,4,McLaren,3.0,2025,14,Budapest,3.0,4,McLaren,Budapest
2.0,PIA,81,McLaren,2.0,2025,14,Budapest,2.0,81,McLaren,Budapest
3.0,RUS,63,Mercedes,4.0,2025,14,Budapest,4.0,63,Mercedes,Budapest
4.0,LEC,16,Ferrari,1.0,2025,14,Budapest,1.0,16,Ferrari,Budapest
5.0,ALO,14,Aston Martin,5.0,2025,14,Budapest,5.0,14,Aston Martin,Budapest
6.0,BOR,5,Kick Sauber,7.0,2025,14,Budapest,7.0,5,Kick Sauber,Budapest
7.0,STR,18,Aston Martin,6.0,2025,14,Budapest,6.0,18,Aston Martin,Budapest
8.0,LAW,30,Racing Bulls,9.0,2025,14,Budapest,9.0,30,Racing Bulls,Budapest
9.0,VER,1,Red Bull Racing,8.0,2025,14,Budapest,8.0,1,Red Bull Racing,Budapest
10.0,ANT,12,Mercedes,15.0,2025,14,Budapest,15.0,12,Mercedes,Budapest
11.0,HAD,6,Racing Bulls,10.0,2025,14,Budapest,10.0,6,Racing Bulls,Budapest
12.0,HAM,44,Ferrari,12.0,2025,14,Budapest,12.0,44,Ferrari,Budapest
13.0,HUL,27,Kick Sauber,18.0,2025,14,Budapest,19.0,27,Kick Sauber,Budapest
14.0,SAI,55,Williams,13.0,2025,14,Budapest,13.0,55,Williams,Budapest
15.0,ALB,23,Williams,19.0,2025,14,Budapest,20.0,23,Williams,Budapest
16.0,OCO,31,Haas F1 Team,17.0,2025,14,Budapest,18.0,31,Haas F1 Team,Budapest
17.0,TSU,22,Red Bull Racing,20.0,2025,14,Budapest,16.0,22,Red Bull Racing,Budapest
18.0,COL,43,Alpine,14.0,2025,14,Budapest,14.0,43,Alpine,Budapest
19.0,GAS,10,Alpine,16.0,2025,14,Budapest,17.0,10,Alpine,Budapest
20.0,BEA,87,Haas F1 Team,11.0,2025,14,Budapest,11.0,87,Haas F1 Team,Budapest
